"SANGER_MODEL_ID","BROAD_ID","COSMIC_ID","CCLE_ID","RRID","MODEL_NAME","SYNONYMS","TCGA_CODE","TISSUE","CANCER_TYPE","CANCER_TYPE_DETAIL"
"SIDM01774","ACH-000205",NA,"PK59_PANCREAS",NA,"PK-59",NA,"PAAD","Pancreas","Pancreatic Carcinoma","Pancreatic Carcinoma"
"SIDM00192","ACH-000286",NA,"SNU1033_LARGE_INTESTINE","CVCL_5002","SNU-1033",NA,"READ","Large Intestine","Colorectal Carcinoma","Rectal Adenocarcinoma"
"SIDM01447","ACH-000289",NA,"SNU466_CENTRAL_NERVOUS_SYSTEM","CVCL_5064","SNU-466",NA,"GB","Central Nervous System","Glioblastoma","Glioblastoma"
"SIDM01554","ACH-000331",NA,"ISTMES2_PLEURA","CVCL_1312","IST-MES-2",NA,"PLEMESO","Lung","Mesothelioma","Pleural Epithelioid Mesothelioma"
"SIDM01689","ACH-000492",NA,"MUTZ5_HAEMATOPOIETIC_AND_LYMPHOID_TISSUE",NA,"MUTZ-5",NA,"BLL","Haematopoietic and Lymphoid","B-Lymphoblastic Leukemia","B Acute Lymphoblastic Leukemia"
"SIDM01460","ACH-000592",NA,"TM31_CENTRAL_NERVOUS_SYSTEM","CVCL_6735","TM-31",NA,"ASTR","Central Nervous System","Glioma","Astrocytoma"
"SIDM00497","ACH-000683",NA,"SNU503_LARGE_INTESTINE","CVCL_5071","SNU-503","NCI-SNU-503","READ","Large Intestine","Colorectal Carcinoma","Rectal Adenocarcinoma"
"SIDM01435","ACH-000686",NA,"SNU878_LIVER","CVCL_5102","SNU-878",NA,"HCC","Liver","Hepatocellular Carcinoma","Hepatocellular Carcinoma"
"SIDM01587","ACH-000753",NA,"JMSU1_URINARY_TRACT","CVCL_2081","JMSU-1",NA,"BLCA","Bladder","Bladder Carcinoma","Bladder Carcinoma"
"SIDM01612","ACH-000946",NA,"HEC265_ENDOMETRIUM","CVCL_2928","HEC-265",NA,"UCEC","Endometrium","Endometrial Carcinoma","Endometrial Adenocarcinoma"
"SIDM00194","ACH-000532","1660035","SNU61_LARGE_INTESTINE","CVCL_5078","SNU-61","NCI-SNU-61","COREAD","Large Intestine","Colorectal Carcinoma","Rectal Adenocarcinoma"
"SIDM00074","ACH-000402","910707","BL70_HAEMATOPOIETIC_AND_LYMPHOID_TISSUE","CVCL_1088","BL-70","IARC/BL70","BL","Haematopoietic and Lymphoid","Burkitt's Lymphoma","Burkitt's Lymphoma"
"SIDM01529","ACH-000011",NA,"253J_URINARY_TRACT","CVCL_7935","253J",NA,"BLCA","Bladder","Bladder Carcinoma","Bladder Carcinoma"
"SIDM01387","ACH-000921",NA,"NCIH1339_LUNG","CVCL_A472","NCI-H1339",NA,"LUSC","Lung","Small Cell Lung Carcinoma","Small Cell Lung Carcinoma"
"SIDM00217","ACH-000999","1659823","SNU1040_LARGE_INTESTINE","CVCL_5003","SNU-1040","NCI-SNU-1040","COREAD","Large Intestine","Colorectal Carcinoma","Colon Adenocarcinoma"
"SIDM00799","ACH-000558","687563","A172_CENTRAL_NERVOUS_SYSTEM","CVCL_0131","A172","A-172 MG","GBM","Central Nervous System","Glioblastoma","Glioblastoma"
"SIDM00993","ACH-000838","1295741","AMO1_HAEMATOPOIETIC_AND_LYMPHOID_TISSUE","CVCL_1806","AMO-1",NA,"MM","Haematopoietic and Lymphoid","Plasma Cell Myeloma","Plasma Cell Myeloma"
"SIDM01229","ACH-002217","753616","BE2M17_AUTONOMIC_GANGLIA","CVCL_0167","BE2-M17","SK-N-BE(2)-M17","NB","Peripheral Nervous System","Neuroblastoma","Neuroblastoma"
"SIDM00990","ACH-000603","753534","BEN_LUNG","CVCL_1082","BEN",NA,"UNCLASSIFIED","Lung","Non-Small Cell Lung Carcinoma","Non-Small Cell Lung Carcinoma"
"SIDM00946","ACH-000981","1297446","DND41_HAEMATOPOIETIC_AND_LYMPHOID_TISSUE","CVCL_2022","DND-41",NA,"ALL","Haematopoietic and Lymphoid","T-Lymphoblastic Leukemia","Childhood T Acute Lymphoblastic Leukemia"
"SIDM00019","ACH-001140","1333019","NCIH820_LUNG","CVCL_1592","NCI-H820",NA,NA,"Lung","Non-Small Cell Lung Carcinoma","Papillary Lung Adenocarcinoma"
"SIDM01658","ACH-000598",NA,"KMS21BM_HAEMATOPOIETIC_AND_LYMPHOID_TISSUE",NA,"KMS-21-BM",NA,"PCM","Unknown","Unknown",NA
"SIDM00216","ACH-000989","1659928","SNU175_LARGE_INTESTINE","CVCL_5031","SNU-175","NCI-SNU-175","COREAD","Large Intestine","Colorectal Carcinoma","Colon Adenocarcinoma"
"SIDM01471","ACH-000604",NA,"KYO1_HAEMATOPOIETIC_AND_LYMPHOID_TISSUE","CVCL_2095","KYO-1",NA,"CML","Haematopoietic and Lymphoid","Chronic Myelogenous Leukemia","Chronic Myelogenous Leukemia"
"SIDM01752","ACH-000685",NA,"L33_PANCREAS",NA,"L3-3",NA,"PAASC","Pancreas","Pancreatic Carcinoma","Pancreatic Adenocarcinoma"
"SIDM00422","ACH-001203","1331039","SUPHD1_HAEMATOPOIETIC_AND_LYMPHOID_TISSUE","CVCL_2208","SUP-HD1",NA,"UNCLASSIFIED","Haematopoietic and Lymphoid","Hodgkin's Lymphoma","Hodgkin's Lymphoma"
"SIDM01397","ACH-000765",NA,"WM983B_SKIN","CVCL_6809","WM983B",NA,"MEL","Skin","Melanoma","Melanoma"
"SIDM01735","ACH-000808",NA,"HUH28_BILIARY_TRACT",NA,"HuH-28",NA,"IHCH","Biliary Tract","Biliary Tract Carcinoma","Intrahepatic Cholangiocarcinoma"
"SIDM00046","ACH-000109","1247873","NCIH3255_LUNG","CVCL_6831","H3255","NCI-H3255;H3255_DA","LUAD","Lung","Non-Small Cell Lung Carcinoma","Lung Adenocarcinoma"
"SIDM01577","ACH-000889",NA,"KMM1_HAEMATOPOIETIC_AND_LYMPHOID_TISSUE","CVCL_2981","KMM-1",NA,"PCM","Haematopoietic and Lymphoid","Plasma Cell Myeloma","Plasma Cell Myeloma"
"SIDM01069","ACH-000667","1240145","HCC44_LUNG","CVCL_2060","HCC-44","HCC0044","LUAD","Lung","Non-Small Cell Lung Carcinoma","Lung Adenocarcinoma"
"SIDM00128","ACH-002249","1240161","JHU011_UPPER_AERODIGESTIVE_TRACT","CVCL_5986","JHU-011","JHU-011-SCC;JHU-O11;HNSCC 011","HNSC","Head and Neck","Head and Neck Carcinoma","Laryngeal Squamous Cell Carcinoma"
"SIDM01037","ACH-000711","1298157","JIMT1_BREAST","CVCL_2077","JIMT-1",NA,"BRCA","Breast","Breast Carcinoma","Breast Carcinoma"
"SIDM00296","ACH-002051","753588","LU134A_LUNG","CVCL_1387","LU-134-A","NCC-c-Lu-134-A-H","SCLC","Lung","Small Cell Lung Carcinoma","Small Cell Lung Carcinoma"
"SIDM00455","ACH-000599","1298526","PATU8902_PANCREAS","CVCL_1845","PA-TU-8902",NA,"PAAD","Pancreas","Pancreatic Carcinoma","Pancreatic Adenocarcinoma"
"SIDM00454","ACH-000689","971774","RH18_SOFT_TISSUE","CVCL_1659","RH-18","SJRH18","UNCLASSIFIED","Soft Tissue","Rhabdomyosarcoma","Embryonal Rhabdomyosarcoma"
"SIDM01163","ACH-000677","724878","SW1573_LUNG","CVCL_1720","SW1573",NA,"LUAD","Lung","Non-Small Cell Lung Carcinoma","Bronchiolo-Alveolar Lung Carcinoma"
"SIDM01168","ACH-001399","909753","SW626_OVARY","CVCL_1725","SW626",NA,"OV","Large Intestine","Colorectal Carcinoma","Colon Adenocarcinoma"
"SIDM00234","ACH-002201","946357","TCYIK_CERVIX","CVCL_1737","TC-YIK",NA,"UNCLASSIFIED","Cervix","Other Solid Cancers","Cervical Small Cell Carcinoma"
"SIDM01183","ACH-001417","909779","UMC11_LUNG","CVCL_1784","UMC-11","NCI-UMC-11","UNCLASSIFIED","Lung","Other Solid Cancers","Lung Carcinoid Tumor"
"SIDM01300",NA,NA,NA,NA,"HCM-SANG-0280-C18","WTSI-COLO_081",NA,"Large Intestine","Colorectal Carcinoma","Colon Adenocarcinoma"
"SIDM01287",NA,NA,NA,NA,"HCM-SANG-0290-C15","WTSI-OESO_005",NA,"Esophagus","Esophageal Carcinoma","Esophageal Adenocarcinoma"
"SIDM01949",NA,NA,NA,NA,"HCM-SANG-0523-C15","WTSI-OESO_181",NA,"Esophagus","Esophageal Carcinoma","Esophageal Adenocarcinoma"
"SIDM00959","ACH-000641","910566","CMK_HAEMATOPOIETIC_AND_LYMPHOID_TISSUE","CVCL_0216","CMK",NA,"LAML","Haematopoietic and Lymphoid","Acute Myeloid Leukemia","Childhood Acute Megakaryoblastic Leukemia"
"SIDM00984","ACH-001452","906695","BONNA12_HAEMATOPOIETIC_AND_LYMPHOID_TISSUE","CVCL_1090","BONNA-12",NA,"HCL","Haematopoietic and Lymphoid","Other Blood Cancers","Hairy Cell Leukemia"
"SIDM00980","ACH-000948","910924","2313287_STOMACH","CVCL_1046","23132-87","St 23132","STAD","Stomach","Gastric Carcinoma","Gastric Adenocarcinoma"
"SIDM01240","ACH-001002","1287706","451LU_SKIN","CVCL_6357","451Lu","WM 451-Lu;WC00059;LU451;EST81","SKCM","Skin","Melanoma","Melanoma"
"SIDM00849","ACH-000429","910920","A704_KIDNEY","CVCL_1065","A704",NA,"KIRC","Kidney","Kidney Carcinoma","Renal Cell Carcinoma"
"SIDM00826","ACH-001039","905961","COLO205_LARGE_INTESTINE","CVCL_0218","COLO-205","Co 205","COREAD","Large Intestine","Colorectal Carcinoma","Colon Adenocarcinoma"
"SIDM00951","ACH-002222","753548","CTV1_HAEMATOPOIETIC_AND_LYMPHOID_TISSUE","CVCL_1150","CTV-1",NA,"LAML","Haematopoietic and Lymphoid","T-Lymphoblastic Leukemia","Adult T Acute Lymphoblastic Leukemia"
"SIDM00887","ACH-000211","906833","DAOY_CENTRAL_NERVOUS_SYSTEM","CVCL_1167","Daoy","D324 Med","MB","Central Nervous System","Other Solid Cancers","Medulloblastoma"
"SIDM00307","ACH-000261",NA,"RERFLCAI_LUNG","CVCL_4402","RERF-LC-AI","RERF-LC-A1","LUSC","Lung","Squamous Cell Lung Carcinoma","Squamous Cell Lung Carcinoma"
"SIDM00366",NA,NA,NA,"CVCL_W531","SBC-2",NA,NA,"Lung","Small Cell Lung Carcinoma","Small Cell Lung Carcinoma"
"SIDM00964","ACH-001453","924105","BPH1_PROSTATE","CVCL_1091","BPH-1",NA,"UNCLASSIFIED","Prostate","Non-Cancerous","Benign Prostatic Hyperplasia"
"SIDM00072","ACH-000206","906829","C8166_HAEMATOPOIETIC_AND_LYMPHOID_TISSUE","CVCL_1099","C8166","C8166-CD4","TLL","Haematopoietic and Lymphoid","Non-Cancerous","Non-Cancerous"
"SIDM01986",NA,NA,NA,NA,"EA-hy926",NA,NA,"Lung","Non-Small Cell Lung Carcinoma","Lung Adenocarcinoma"
"SIDM00486","ACH-000563","753554","EBC1_LUNG","CVCL_2891","EBC-1","EBC-1/original","LUSC","Lung","Squamous Cell Lung Carcinoma","Squamous Cell Lung Carcinoma"
"SIDM01044","ACH-000585","753556","EPLC272H_LUNG","CVCL_1197","EPLC-272H",NA,"LUSC","Lung","Other Solid Cancers","Lung Mucoepidermoid Carcinoma"
"SIDM00538","ACH-001497","1503367","ESO51_OESOPHAGUS","CVCL_2036","ESO51",NA,"ESCA","Esophagus","Esophageal Carcinoma","Esophageal Adenocarcinoma"
"SIDM00205","ACH-002110","949163","EW1_BONE","CVCL_1208","EW-1","IARC-EW1","UNCLASSIFIED","Bone","Ewing's Sarcoma","Ewing's Sarcoma"
"SIDM00596","ACH-001517","907051","HEC1_ENDOMETRIUM","CVCL_1274","HEC-1",NA,"UCEC","Endometrium","Endometrial Carcinoma","Endometrial Adenocarcinoma"
"SIDM00594","ACH-000004","907053","HEL_HAEMATOPOIETIC_AND_LYMPHOID_TISSUE","CVCL_0001","HEL","GM06141;Human ErythroLeukemia","LAML","Haematopoietic and Lymphoid","Acute Myeloid Leukemia","Erythroleukemia"
"SIDM00133","ACH-000861","905972","HOP62_LUNG","CVCL_1285","HOP-62",NA,"LUAD","Lung","Non-Small Cell Lung Carcinoma","Lung Adenocarcinoma"
"SIDM00668","ACH-002245","1322218","HS445_HAEMATOPOIETIC_AND_LYMPHOID_TISSUE","CVCL_0761","Hs-445","HS 445T","UNCLASSIFIED","Haematopoietic and Lymphoid","Non-Cancerous","Non-Cancerous"
"SIDM00690","ACH-002251","1298156","JHU029_UPPER_AERODIGESTIVE_TRACT","CVCL_5993","JHU-029","JHU-O29;HNSCC 029","HNSC","Head and Neck","Head and Neck Carcinoma","Laryngeal Squamous Cell Carcinoma"
"SIDM00312","ACH-000183","924239","L363_HAEMATOPOIETIC_AND_LYMPHOID_TISSUE","CVCL_1357","L-363",NA,"MM","Haematopoietic and Lymphoid","Plasma Cell Myeloma","Plasma Cell Myeloma"
"SIDM00387","ACH-000078","908135","MHHNB11_AUTONOMIC_GANGLIA","CVCL_1412","MHH-NB-11",NA,"NB","Peripheral Nervous System","Neuroblastoma","Neuroblastoma"
"SIDM00504","ACH-001126","908145","MOGGUVW_CENTRAL_NERVOUS_SYSTEM","CVCL_2614","MOG-G-UVW","GO-G-UVW","LGG","Central Nervous System","Glioma","Anaplastic Astrocytoma"
"SIDM00257","ACH-002280","949177","NB13_AUTONOMIC_GANGLIA","CVCL_1443","NB13","SJNB-13;NB13-DH","NB","Peripheral Nervous System","Neuroblastoma","Neuroblastoma"
"SIDM00724","ACH-000121","687821","NCIH2405_LUNG","CVCL_1551","NCI-H2405",NA,"LUAD","Lung","Non-Small Cell Lung Carcinoma","Lung Adenocarcinoma"
"SIDM00719","ACH-001364","688021","NCIH345_LUNG","CVCL_1558","NCI-H345",NA,"SCLC","Lung","Small Cell Lung Carcinoma","Small Cell Lung Carcinoma"
"SIDM00445","ACH-002292","1503362","OACP4C_OESOPHAGUS","CVCL_1843","OACp4C",NA,"ESCA","Esophagus","Esophageal Carcinoma","Esophageal Adenocarcinoma"
"SIDM00847","ACH-000169","909264","RD_SOFT_TISSUE","CVCL_1649","RD","RD-2;130T;TE-32;TE 32.T","UNCLASSIFIED","Soft Tissue","Rhabdomyosarcoma","Embryonal Rhabdomyosarcoma"
"SIDM00400","ACH-002392;ACH-002303","1331031;1331030","SC1_HAEMATOPOIETIC_AND_LYMPHOID_TISSUE;SCI1_HAEMATOPOIETIC_AND_LYMPHOID_TISSUE","CVCL_2717;CVCL_1888","SC-1","Sci-1","FL","Haematopoietic and Lymphoid","B-Cell Non-Hodgkin's Lymphoma","Follicular Lymphoma"
"SIDM00370","ACH-000197","909762","TALL1_HAEMATOPOIETIC_AND_LYMPHOID_TISSUE","CVCL_1736","TALL-1",NA,"ALL","Haematopoietic and Lymphoid","T-Lymphoblastic Leukemia","Adult T Acute Lymphoblastic Leukemia"
"SIDM00252","ACH-001861","909769","TGBC1TKB_BILIARY_TRACT","CVCL_1769","TGBC1TKB",NA,"UNCLASSIFIED","Biliary Tract","Biliary Tract Carcinoma","Undifferentiated Gallbladder Carcinoma"
"SIDM01964",NA,NA,NA,NA,"HCM-SANG-0544-C15","WTSI-OESO_196",NA,"Esophagus","Esophageal Carcinoma","Esophageal Adenocarcinoma"
"SIDM01299",NA,NA,NA,NA,"HCM-SANG-0281-C18","WTSI-COLO_085",NA,"Large Intestine","Colorectal Carcinoma","Colon Adenocarcinoma"
"SIDM00662","ACH-000135","1298145","HS940T_FIBROBLAST","CVCL_1038","Hs-940-T",NA,"SKCM","Skin","Melanoma","Melanoma"
"SIDM00646","ACH-000129","1330964","NCIH1341_LUNG","CVCL_1463","NCI-H1341",NA,"SCLC","Lung","Small Cell Lung Carcinoma","Small Cell Lung Carcinoma"
"SIDM00065","ACH-000393","998181","HLF_LIVER","CVCL_2947","HLF",NA,"HCC","Liver","Hepatocellular Carcinoma","Hepatocellular Carcinoma"
"SIDM00378",NA,NA,NA,"CVCL_3019","Marcus",NA,NA,"Central Nervous System","Glioma","Astrocytoma"
"SIDM00022",NA,NA,NA,"CVCL_4455","TE-2",NA,NA,"Esophagus","Esophageal Squamous Cell Carcinoma","Esophageal Squamous Cell Carcinoma"
"SIDM00028","ACH-001386",NA,"SCLC22H_LUNG","CVCL_2186","SCLC-22H",NA,"SCLC","Lung","Small Cell Lung Carcinoma","Small Cell Lung Carcinoma"
"SIDM00031","ACH-001643","1240211","SCCH196_SOFT_TISSUE","CVCL_3161","SCCH-196",NA,NA,"Soft Tissue","Other Solid Cancers","Small Cell Sarcoma"
"SIDM00034",NA,"1299049",NA,"CVCL_H589","SACC-83",NA,NA,"Head and Neck","Head and Neck Carcinoma","Salivary Gland Adenoid Cystic Carcinoma"
"SIDM00038",NA,"1298150",NA,"CVCL_2529","Ishikawa",NA,NA,"Endometrium","Endometrial Carcinoma","Endometrial Adenocarcinoma"
"SIDM00058","ACH-000676",NA,"LN464_CENTRAL_NERVOUS_SYSTEM","CVCL_3962","LN-464",NA,"GB","Central Nervous System","Glioblastoma","Glioblastoma"
"SIDM01624","ACH-000026",NA,"253JBV_URINARY_TRACT","CVCL_7937","253JB-V",NA,"BLCA","Bladder","Bladder Carcinoma","Bladder Carcinoma"
"SIDM01325","ACH-000031",NA,"PANC0213_PANCREAS","CVCL_1634","Panc-02-13",NA,"PAAD","Pancreas","Pancreatic Carcinoma","Pancreatic Adenocarcinoma"
"SIDM01693","ACH-000032",NA,"MHHCALL3_HAEMATOPOIETIC_AND_LYMPHOID_TISSUE",NA,"MHH-CALL-3",NA,"BLL","Haematopoietic and Lymphoid","B-Lymphoblastic Leukemia","Childhood B Acute Lymphoblastic Leukemia"
"SIDM00396","ACH-000112","909715","SIGM5_HAEMATOPOIETIC_AND_LYMPHOID_TISSUE","CVCL_1694","SIG-M5",NA,"LAML","Haematopoietic and Lymphoid","Acute Myeloid Leukemia","Adult Acute Myeloid Leukemia"
"SIDM01743","ACH-000043",NA,"HS895T_FIBROBLAST",NA,"Hs-895-T",NA,NA,"Skin","Melanoma","Melanoma"
"SIDM01139","ACH-000042","1298475","PANC0203_PANCREAS","CVCL_1633","PANC-02-03","Panc 2.03","PAAD","Pancreas","Pancreatic Carcinoma","Pancreatic Adenocarcinoma"
"SIDM01596","ACH-000066",NA,"HCC4006_LUNG","CVCL_1269","HCC4006",NA,"LUAD","Lung","Non-Small Cell Lung Carcinoma","Lung Adenocarcinoma"
"SIDM00866","ACH-000374","749710","HCC1143_BREAST","CVCL_1245","HCC1143",NA,"BRCA","Breast","Breast Carcinoma","Ductal Breast Carcinoma"
"SIDM01756","ACH-000076",NA,"NCO2_HAEMATOPOIETIC_AND_LYMPHOID_TISSUE",NA,"NCO2",NA,"CML","Haematopoietic and Lymphoid","Chronic Myelogenous Leukemia","Chronic Myelogenous Leukemia"
"SIDM01763","ACH-000079",NA,"TE125T_FIBROBLAST",NA,"TE-125-T",NA,NA,"Soft Tissue","Rhabdomyosarcoma","Rhabdomyosarcoma"
"SIDM00314","ACH-000097","998207","ZR751_BREAST","CVCL_0588","ZR-75-1",NA,"IDC","Breast","Breast Carcinoma","Invasive Ductal Carcinoma Not Otherwise Specified"
"SIDM00078","ACH-000228","1290725","BICR31_UPPER_AERODIGESTIVE_TRACT","CVCL_2312","BICR31",NA,"HNSC","Head and Neck","Oral Cavity Carcinoma","Tongue Squamous Cell Carcinoma"
"SIDM00389","ACH-000271","1331033","SUDHL10_HAEMATOPOIETIC_AND_LYMPHOID_TISSUE","CVCL_1889","SU-DHL-10",NA,"DLBC","Haematopoietic and Lymphoid","B-Cell Non-Hodgkin's Lymphoma","Diffuse Large B-Cell Lymphoma"
"SIDM01685","ACH-000130",NA,"NALM19_HAEMATOPOIETIC_AND_LYMPHOID_TISSUE",NA,"NALM-19",NA,"BLL","Haematopoietic and Lymphoid","B-Lymphoblastic Leukemia","B Acute Lymphoblastic Leukemia"
"SIDM01592","ACH-000134",NA,"HS274T_BREAST","CVCL_0711","Hs-274-T",NA,NA,"Breast","Breast Carcinoma","Breast Carcinoma"
"SIDM00791","ACH-000551","905940","K562_HAEMATOPOIETIC_AND_LYMPHOID_TISSUE","CVCL_0004","K-562","GM05372","LCML","Haematopoietic and Lymphoid","Chronic Myelogenous Leukemia","Chronic Myelogenous Leukemia"
"SIDM01167","ACH-000163",NA,"SW579_THYROID","CVCL_3603","SW579",NA,"HNSC","Thyroid","Thyroid Gland Carcinoma","Squamous Cell Thyroid Gland Carcinoma"
"SIDM00461","ACH-000065","1330983","OCIAML5_HAEMATOPOIETIC_AND_LYMPHOID_TISSUE","CVCL_1620","OCI-AML5",NA,"LAML","Haematopoietic and Lymphoid","Acute Myeloid Leukemia","Adult Acute Myeloid Leukemia"
"SIDM00159","ACH-000182",NA,"SNU869_BILIARY_TRACT","CVCL_5101","SNU-869",NA,"AMPCA","Biliary Tract","Biliary Tract Carcinoma","Ampulla of Vater Adenocarcinoma"
"SIDM00340","ACH-000204","907791","LP1_HAEMATOPOIETIC_AND_LYMPHOID_TISSUE","CVCL_0012","LP-1",NA,"MM","Haematopoietic and Lymphoid","Plasma Cell Myeloma","Plasma Cell Myeloma"
"SIDM01391","ACH-000203",NA,"NH6_AUTONOMIC_GANGLIA","CVCL_1606","NH-6",NA,"NBL","Peripheral Nervous System","Neuroblastoma","Adrenal Neuroblastoma"
"SIDM00338","ACH-000439","1330942","ME1_HAEMATOPOIETIC_AND_LYMPHOID_TISSUE","CVCL_2110","ME-1",NA,"LAML","Haematopoietic and Lymphoid","Acute Myeloid Leukemia","Adult Acute Myeloid Leukemia"
"SIDM00944","ACH-000249","1290769","CL11_LARGE_INTESTINE","CVCL_1978","CL-11",NA,"COREAD","Large Intestine","Colorectal Carcinoma","Colon Adenocarcinoma"
"SIDM01727","ACH-000241",NA,"JK1_HAEMATOPOIETIC_AND_LYMPHOID_TISSUE",NA,"JK-1",NA,"CML","Haematopoietic and Lymphoid","Chronic Myelogenous Leukemia","Chronic Myelogenous Leukemia"
"SIDM01058","ACH-000073","1303897","GRANTA519_HAEMATOPOIETIC_AND_LYMPHOID_TISSUE","CVCL_1818","GRANTA-519","G519","DLBC","Haematopoietic and Lymphoid","B-Cell Non-Hodgkin's Lymphoma","Mantle Cell Lymphoma"
"SIDM00823","ACH-000253","906819","COLO201_LARGE_INTESTINE","CVCL_1987","COLO-201",NA,"COAD","Large Intestine","Colorectal Carcinoma","Colon Adenocarcinoma"
"SIDM01368","ACH-000255",NA,"LMSU_STOMACH","CVCL_4849","LMSU",NA,"STAD","Stomach","Gastric Carcinoma","Gastric Carcinoma"
"SIDM00001","ACH-000405","1330943","MEC1_HAEMATOPOIETIC_AND_LYMPHOID_TISSUE","CVCL_1870","MEC-1",NA,"CLLSLL","Haematopoietic and Lymphoid","Other Blood Cancers","Chronic Lymphocytic Leukemia"
"SIDM01739","ACH-000297",NA,"NCIH889_LUNG",NA,"NCI-H889",NA,"SCLC","Lung","Small Cell Lung Carcinoma","Small Cell Lung Carcinoma"
"SIDM01321","ACH-000307",NA,"PK1_PANCREAS","CVCL_4717","PK-1",NA,"PAAD","Pancreas","Pancreatic Carcinoma","Pancreatic Carcinoma"
"SIDM01434","ACH-000316",NA,"SNU886_LIVER","CVCL_5103","SNU-886",NA,"HCC","Liver","Hepatocellular Carcinoma","Hepatocellular Carcinoma"
"SIDM01781","ACH-000325",NA,"SNU620_STOMACH",NA,"SNU-620",NA,"STAD","Stomach","Gastric Carcinoma","Gastric Adenocarcinoma"
"SIDM00135","ACH-000148","905957","HS578T_BREAST","CVCL_0332","Hs-578-T","HS0578T","BRCA","Breast","Breast Carcinoma","Invasive Ductal Carcinoma Not Otherwise Specified"
"SIDM00160","ACH-000377",NA,"SNU478_BILIARY_TRACT","CVCL_5065","SNU-478","NCI-SNU-478","AMPCA","Biliary Tract","Biliary Tract Carcinoma","Ampulla of Vater Adenocarcinoma"
"SIDM01629","ACH-000404",NA,"K029AX_SKIN","CVCL_8784","K029AX",NA,"SKCM","Skin","Melanoma","Cutaneous Melanoma"
"SIDM01377","ACH-000409",NA,"OVSAHO_OVARY","CVCL_3114","OVSAHO",NA,"HGSOC","Ovary","Ovarian Carcinoma","High Grade Ovarian Serous Adenocarcinoma"
"SIDM01545","ACH-000511",NA,"CALU1_LUNG","CVCL_0608","Calu-1",NA,"LUSC","Lung","Non-Small Cell Lung Carcinoma","Squamous Cell Lung Carcinoma"
"SIDM00991","ACH-000519","909261","PEER_HAEMATOPOIETIC_AND_LYMPHOID_TISSUE","CVCL_1913","PEER",NA,"TLL","Haematopoietic and Lymphoid","T-Lymphoblastic Leukemia","Childhood T Acute Lymphoblastic Leukemia"
"SIDM00168","ACH-000549",NA,"SNU1076_UPPER_AERODIGESTIVE_TRACT","CVCL_5006","SNU-1076","NCI-SNU-1076","LXSC","Head and Neck","Head and Neck Carcinoma","Laryngeal Squamous Cell Carcinoma"
"SIDM01006","ACH-000193","1327775","KARPAS620_HAEMATOPOIETIC_AND_LYMPHOID_TISSUE","CVCL_1823","KARPAS-620","K620","MM","Haematopoietic and Lymphoid","Plasma Cell Myeloma","Plasma Cell Myeloma"
"SIDM00994","ACH-000105","1295740","ALLSIL_HAEMATOPOIETIC_AND_LYMPHOID_TISSUE","CVCL_1805","ALL-SIL","SIL-ALL","ALL","Haematopoietic and Lymphoid","T-Lymphoblastic Leukemia","Childhood T Acute Lymphoblastic Leukemia"
"SIDM00930","ACH-001715","906827","CAL72_BONE","CVCL_1113","CAL-72",NA,"UNCLASSIFIED","Bone","Osteosarcoma","Osteosarcoma"
"SIDM00300","ACH-002156","1298223","LC1SQ_LUNG","CVCL_3008","LC-1-sq","Lung cancer-1/squamous","LUSC","Lung","Squamous Cell Lung Carcinoma","Squamous Cell Lung Carcinoma"
"SIDM00020",NA,"1331026",NA,"CVCL_3791","RWPE-1",NA,NA,"Prostate","Non-Cancerous","Non-Cancerous"
"SIDM00004",NA,"905988",NA,"CVCL_0417","MDA-MB-435","MDA-435",NA,"Skin","Melanoma","Amelanotic Melanoma"
"SIDM00141",NA,NA,NA,"CVCL_1991","COLO-685",NA,NA,"Endometrium","Endometrial Carcinoma","Endometrial Adenocarcinoma"
"SIDM00147","ACH-000028","907316","KPL1_BREAST","CVCL_2094","KPL-1",NA,"BRCA","Breast","Breast Carcinoma","Invasive Ductal Carcinoma Not Otherwise Specified"
"SIDM00152",NA,"909783",NA,"CVCL_2760","WIDR","WiDr-TC;LED-WiDr",NA,"Large Intestine","Colorectal Carcinoma","Rectosigmoid Adenocarcinoma"
"SIDM00204",NA,NA,NA,"CVCL_3446","EW-2",NA,NA,"Bone","Ewing's Sarcoma","Ewing's Sarcoma"
"SIDM00219","ACH-001145",NA,"OC316_OVARY","CVCL_1618","OC-316",NA,"SOC","Ovary","Ovarian Carcinoma","Ovarian Serous Adenocarcinoma"
"SIDM00229","ACH-001501",NA,"FTC236_THYROID","CVCL_2446","FTC-236",NA,NA,"Thyroid","Thyroid Gland Carcinoma","Follicular Thyroid Carcinoma"
"SIDM00236","ACH-000779",NA,"PC9_LUNG","CVCL_B260","PC-9",NA,"LUAD","Lung","Non-Small Cell Lung Carcinoma","Lung Adenocarcinoma"
"SIDM00246","ACH-002084",NA,NA,"CVCL_5951","MMAc",NA,"MEL","Skin","Melanoma","Melanoma"
"SIDM01226","ACH-001113",NA,"LC1SQSF_LUNG","CVCL_5480","LC-1-sq-SF","LC-1/sq-Serum Free","LUSC","Lung","Squamous Cell Lung Carcinoma","Squamous Cell Lung Carcinoma"
"SIDM00268",NA,NA,NA,"CVCL_3339","TGBC2TKB",NA,NA,"Biliary Tract","Biliary Tract Carcinoma","Undifferentiated Gallbladder Carcinoma"
"SIDM00275","ACH-001858",NA,NA,"CVCL_4902","SSP-25",NA,"IHCH","Biliary Tract","Biliary Tract Carcinoma","Intrahepatic Cholangiocarcinoma"
"SIDM00288","ACH-001669",NA,"TANOUE_HAEMATOPOIETIC_AND_LYMPHOID","CVCL_1852","Tanoue",NA,"BLL","Haematopoietic and Lymphoid","B-Lymphoblastic Leukemia","Childhood B Acute Lymphoblastic Leukemia"
"SIDM00295",NA,NA,NA,"CVCL_1388","LU-134-B",NA,NA,"Lung","Small Cell Lung Carcinoma","Small Cell Lung Carcinoma"
"SIDM00083","ACH-000273","905984","SF539_CENTRAL_NERVOUS_SYSTEM","CVCL_1691","SF539","SF-539 BT","LGG","Central Nervous System","Glioblastoma","Gliosarcoma"
"SIDM00016","ACH-000446","907315","KPNSI9S_AUTONOMIC_GANGLIA","CVCL_1340","KP-N-S19s","KP-N-SI9s","NBL","Peripheral Nervous System","Neuroblastoma","Neuroblastoma"
"SIDM00163","ACH-000461",NA,"SNU1196_BILIARY_TRACT","CVCL_5015","SNU-1196",NA,"EHCH","Biliary Tract","Biliary Tract Carcinoma","Hilar Cholangiocarcinoma"
"SIDM00011","ACH-000477","905953","MALME3M_SKIN","CVCL_1438","Malme-3M",NA,"MEL","Skin","Melanoma","Melanoma"
"SIDM00173","ACH-000618",NA,"SNU1041_UPPER_AERODIGESTIVE_TRACT","CVCL_L085","SNU-1041",NA,"HPHSC","Head and Neck","Head and Neck Carcinoma","Hypopharyngeal Squamous Cell Carcinoma"
"SIDM00062","ACH-000671",NA,"HUH6_LIVER","CVCL_4381","HuH-6",NA,"LIHB","Liver","Hepatocellular Carcinoma","Hepatoblastoma"
"SIDM00228","ACH-000897","999825","FTC238_THYROID","CVCL_2447","FTC-238",NA,"THFO","Thyroid","Thyroid Gland Carcinoma","Follicular Thyroid Carcinoma"
"SIDM00153","ACH-000964","1330953","MOLT3_HAEMATOPOIETIC_AND_LYMPHOID_TISSUE","CVCL_0624","MOLT-3",NA,"ATLL","Haematopoietic and Lymphoid","T-Lymphoblastic Leukemia","Adult T Acute Lymphoblastic Leukemia"
"SIDM01275",NA,NA,NA,NA,"HCM-SANG-0298-C15","WTSI-OESO_091",NA,"Esophagus","Esophageal Carcinoma","Esophageal Adenocarcinoma"
"SIDM00054","ACH-002185","1240208","PL18_PANCREAS","CVCL_X507","PL18",NA,"PAAD","Pancreas","Pancreatic Carcinoma","Pancreatic Adenocarcinoma"
"SIDM00077","ACH-001331","1290724","BICR10_UPPER_AERODIGESTIVE_TRACT","CVCL_2307","BICR10",NA,"HNSC","Head and Neck","Oral Cavity Carcinoma","Oral Cavity Squamous Cell Carcinoma"
"SIDM00049","ACH-002233","1789883","DIFI_LARGE_INTESTINE","CVCL_6895","DiFi",NA,"COREAD","Large Intestine","Colorectal Carcinoma","Colorectal Carcinoma"
"SIDM00103","ACH-002124","1290809","H2373_PLEURA","CVCL_A533","NCI-H2373",NA,"MESO","Lung","Mesothelioma","Pleural Sarcomatoid Mesothelioma"
"SIDM00100","ACH-002127","1240132","H2595_PLEURA","CVCL_A545","NCI-H2595",NA,"MESO","Lung","Mesothelioma","Pleural Epithelioid Mesothelioma"
"SIDM00099","ACH-002128","1290812","H2722_PLEURA","CVCL_U994","NCI-H2722",NA,"MESO","Lung","Mesothelioma","Malignant Pleural Mesothelioma"
"SIDM00098","ACH-002129","1240134","H2731_PLEURA","CVCL_U995","NCI-H2731",NA,"MESO","Lung","Mesothelioma","Pleural Sarcomatoid Mesothelioma"
"SIDM00118","ACH-001081","905971","HCC2998_LARGE_INTESTINE","CVCL_1266","HCC2998",NA,"COREAD","Large Intestine","Colorectal Carcinoma","Colon Adenocarcinoma"
"SIDM00052","ACH-002243","753559","HCE4_OESOPHAGUS","CVCL_1271","HCE-4",NA,"ESCA","Esophagus","Esophageal Squamous Cell Carcinoma","Esophageal Squamous Cell Carcinoma"
"SIDM00075","ACH-002336","907049","HCET_UPPER_AERODIGESTIVE_TRACT","CVCL_1272","HCE-T",NA,NA,"Eye","Non-Cancerous","Non-Cancerous"
"SIDM00064","ACH-001089","907057","HLE_LIVER","CVCL_1281","HLE",NA,"LIHC","Liver","Hepatocellular Carcinoma","Hepatocellular Carcinoma"
"SIDM00063","ACH-000632","1240152","HS944T_SKIN","CVCL_1040","Hs-944-T",NA,"SKCM","Skin","Melanoma","Cutaneous Melanoma"
"SIDM00056","ACH-002148","924238","K5_THYROID","CVCL_1322","K5",NA,"THCA","Thyroid","Thyroid Gland Carcinoma","Follicular Thyroid Carcinoma"
"SIDM00178","ACH-002386","1723793","M00921_SKIN","CVCL_S808","M00921",NA,"MEL","Skin","Melanoma","Melanoma"
"SIDM00013","ACH-002387","1754025","M1203273_SKIN","CVCL_VS56","M120327_3",NA,"MEL","Skin","Melanoma","Melanoma"
"SIDM00177","ACH-002338","1723794","M980513_SKIN","CVCL_S675","M980513",NA,"MEL","Skin","Melanoma","Melanoma"
"SIDM00053","ACH-002164","753595","MZ1PC_PANCREAS","CVCL_1434","MZ1-PC","MZ-PC-1","PAAD","Pancreas","Pancreatic Carcinoma","Pancreatic Ductal Adenocarcinoma"
"SIDM00090","ACH-000696","905991","OVCAR8_OVARY","CVCL_1629","OVCAR-8","NIH:OVCAR-8;OVCA8","OV","Ovary","Ovarian Carcinoma","High Grade Ovarian Serous Adenocarcinoma"
"SIDM00088","ACH-000090","905934","PC3_PROSTATE","CVCL_0035","PC-3",NA,"PRAD","Prostate","Prostate Carcinoma","Prostate Carcinoma"
"SIDM00087","ACH-000817","905964","RPMI8226_HAEMATOPOIETIC_AND_LYMPHOID_TISSUE","CVCL_0014","RPMI-8226","RPMI no 8226;RPMI 8226/S;GM02132;GM2132;Simpson","MM","Haematopoietic and Lymphoid","Plasma Cell Myeloma","Plasma Cell Myeloma"
"SIDM00086","ACH-002195","905978","RXF393_KIDNEY","CVCL_1673","RXF393","RXF 393L;RXF 393NL","KIRC","Kidney","Kidney Carcinoma","Renal Cell Carcinoma"
"SIDM00085","ACH-000655","905986","SF268_CENTRAL_NERVOUS_SYSTEM","CVCL_1689","SF268",NA,"GBM","Central Nervous System","Glioma","Astrocytoma"
"SIDM00084","ACH-000376","905985","SF295_CENTRAL_NERVOUS_SYSTEM","CVCL_1690","SF295",NA,"GBM","Central Nervous System","Glioblastoma","Glioblastoma"
"SIDM00081","ACH-000615","905954","SKMEL28_SKIN","CVCL_0526","SK-MEL-28","SKML-28;AU-Mel;P-36","SKCM","Skin","Melanoma","Cutaneous Melanoma"
"SIDM00080","ACH-000730","905956","SKMEL5_SKIN","CVCL_0527","SK-MEL-5","AA-Mel","SKCM","Skin","Melanoma","Cutaneous Melanoma"
"SIDM00094","ACH-002199","905979","SN12C_KIDNEY","CVCL_1705","SN12C",NA,"KIRC","Kidney","Kidney Carcinoma","Renal Cell Carcinoma"
"SIDM00095","ACH-000504","905982","SNB75_CENTRAL_NERVOUS_SYSTEM","CVCL_1706","SNB75",NA,"GBM","Central Nervous System","Glioblastoma","Glioblastoma"
"SIDM00097","ACH-000147","905945","T47D_BREAST","CVCL_0553","T47D","T47D:A","BRCA","Breast","Breast Carcinoma","Invasive Ductal Carcinoma Not Otherwise Specified"
"SIDM00112","ACH-000428","905981","UO31_KIDNEY","CVCL_1911","U031","UO-31","KIRC","Kidney","Kidney Carcinoma","Renal Cell Carcinoma"
"SIDM00107","ACH-000425","905976","UACC62_SKIN","CVCL_1780","UACC-62",NA,"SKCM","Skin","Melanoma","Melanoma"
"SIDM00514","ACH-001339","1297437","COLO794_SKIN","CVCL_2408","COLO-794",NA,"SKCM","Skin","Melanoma","Melanoma"
"SIDM00372",NA,NA,NA,"CVCL_S914","SNG-P",NA,NA,"Endometrium","Endometrial Carcinoma","Endometrial Adenocarcinoma"
"SIDM00164","ACH-000209",NA,"SNU1079_BILIARY_TRACT","CVCL_5008","SNU-1079","NCI-SNU-1079","IHCH","Biliary Tract","Biliary Tract Carcinoma","Cholangiocarcinoma"
"SIDM00130","ACH-000138","906821","CFPAC1_PANCREAS","CVCL_1119","CFPAC-1",NA,"PAAD","Pancreas","Pancreatic Carcinoma","Pancreatic Ductal Adenocarcinoma"
"SIDM00165","ACH-000407",NA,"SNU685_ENDOMETRIUM","CVCL_5083","SNU-685","NCI-SNU-685","UCS","Uterus","Other Solid Cancers","Uterine Corpus Carcinosarcoma"
"SIDM00171","ACH-000412",NA,"SNU1197_LARGE_INTESTINE","CVCL_5016","SNU-1197",NA,"COAD","Large Intestine","Colorectal Carcinoma","Colon Adenocarcinoma"
"SIDM00170","ACH-000682",NA,"SNU1066_UPPER_AERODIGESTIVE_TRACT","CVCL_5005","SNU-1066",NA,"LXSC","Head and Neck","Head and Neck Carcinoma","Laryngeal Squamous Cell Carcinoma"
"SIDM00169","ACH-000692",NA,"SNU899_UPPER_AERODIGESTIVE_TRACT","CVCL_5105","SNU-899","NCI-SNU-899","LXSC","Head and Neck","Head and Neck Carcinoma","Laryngeal Squamous Cell Carcinoma"
"SIDM00248","ACH-000758","908140","MKN74_STOMACH","CVCL_2791","MKN74",NA,"TSTAD","Stomach","Gastric Carcinoma","Gastric Tubular Adenocarcinoma"
"SIDM00125","ACH-000649","905947","786O_KIDNEY","CVCL_1051","786-0","786-O;786-O RCC;RCC 786-O;RCC_7860;786-0WT","KIRC","Kidney","Kidney Carcinoma","Renal Cell Carcinoma"
"SIDM00123","ACH-000046","905950","ACHN_KIDNEY","CVCL_1067","ACHN",NA,"KIRC","Kidney","Kidney Carcinoma","Papillary Renal Cell Carcinoma"
"SIDM00174","ACH-002213","753532","BB49HNC_UPPER_AERODIGESTIVE_TRACT","CVCL_1077","BB49-HNC","BB49-SCCHN","HNSC","Head and Neck","Head and Neck Carcinoma","Head and Neck Squamous Cell Carcinoma"
"SIDM00191","ACH-002090","753533","BB65RCC_KIDNEY","CVCL_1078","BB65-RCC",NA,"KIRC","Kidney","Kidney Carcinoma","Renal Cell Carcinoma"
"SIDM00122","ACH-000288","905951","BT549_BREAST","CVCL_1858","BT-549","BT-B","BRCA","Breast","Breast Carcinoma","Invasive Ductal Carcinoma Not Otherwise Specified"
"SIDM00132","ACH-000535","906693","BXPC3_PANCREAS","CVCL_0186","BxPC-3",NA,"PAAD","Pancreas","Pancreatic Carcinoma","Pancreatic Ductal Adenocarcinoma"
"SIDM00212","ACH-000464","910943","CAS1_CENTRAL_NERVOUS_SYSTEM","CVCL_1117","CAS-1",NA,"GBM","Central Nervous System","Glioblastoma","Glioblastoma"
"SIDM00131","ACH-000329","906823","CCFSTTG1_CENTRAL_NERVOUS_SYSTEM","CVCL_1118","CCF-STTG1",NA,"ASTR","Central Nervous System","Glioma","Astrocytoma"
"SIDM00143","ACH-000803","910692","COLO668_LUNG","CVCL_1128","COLO-668",NA,"SCLC","Lung","Small Cell Lung Carcinoma","Small Cell Lung Carcinoma"
"SIDM00140","ACH-000968","906814","COLO792_SKIN","CVCL_1134","COLO-792",NA,"SKCM","Skin","Melanoma","Melanoma"
"SIDM00190","ACH-002097","753546","CP66MEL_SKIN","CVCL_1144","CP66-MEL",NA,"SKCM","Skin","Melanoma","Melanoma"
"SIDM00199","ACH-002099","1290795","CS1_BONE","CVCL_T023","CS1",NA,"UNCLASSIFIED","Bone","Chondrosarcoma","Chondrosarcoma"
"SIDM00209","ACH-002228","946372","D423MG_CENTRAL_NERVOUS_SYSTEM","CVCL_1160","D-423MG",NA,"GBM","Central Nervous System","Glioblastoma","Glioblastoma"
"SIDM00207","ACH-002230","753549","D542MG_CENTRAL_NERVOUS_SYSTEM","CVCL_1164","D-542MG",NA,"GBM","Central Nervous System","Glioblastoma","Glioblastoma"
"SIDM00206","ACH-002231","946377","D566MG_CENTRAL_NERVOUS_SYSTEM","CVCL_1166","D-566MG",NA,"GBM","Central Nervous System","Glioblastoma","Glioblastoma"
"SIDM00203","ACH-002111","684062","EW11_BONE","CVCL_1209","EW-11","IARC-EW11","UNCLASSIFIED","Bone","Ewing's Sarcoma","Ewing's Sarcoma"
"SIDM00198","ACH-002114","949165","EW16_BONE","CVCL_1212","EW-16","IARC-EW16","UNCLASSIFIED","Bone","Ewing's Sarcoma","Ewing's Sarcoma"
"SIDM00202","ACH-002118","949161","EW3_BONE","CVCL_1216","EW-3","IARC-EW3","UNCLASSIFIED","Bone","Ewing's Sarcoma","Ewing's Sarcoma"
"SIDM00201","ACH-002119","949160","EW7_BONE","CVCL_1217","EW-7","IARC-EW7","UNCLASSIFIED","Bone","Ewing's Sarcoma","Ewing's Sarcoma"
"SIDM00104","ACH-002123","1290808",NA,"CVCL_A532","NCI-H2369",NA,"MESO","Lung","Mesothelioma","Malignant Pleural Mesothelioma"
"SIDM00102","ACH-002125","1290810","H2461_PLEURA","CVCL_A536","NCI-H2461",NA,"MESO","Lung","Mesothelioma","Pleural Epithelioid Mesothelioma"
"SIDM00101","ACH-002126","1240131","H2591_PLEURA","CVCL_A543","NCI-H2591",NA,"MESO","Lung","Mesothelioma","Pleural Epithelioid Mesothelioma"
"SIDM00154","ACH-002130","1290813","H2795_PLEURA","CVCL_U996","NCI-H2795",NA,"MESO","Lung","Mesothelioma","Pleural Epithelioid Mesothelioma"
"SIDM00114","ACH-002335","1240141","NCIH513_PLEURA","CVCL_A570","NCI-H513","HUT513","MESO","Lung","Non-Small Cell Lung Carcinoma","Adenosquamous Lung Carcinoma"
"SIDM00136","ACH-000552","905939","HT29_LARGE_INTESTINE","CVCL_0320","HT-29",NA,"COREAD","Large Intestine","Colorectal Carcinoma","Colon Adenocarcinoma"
"SIDM00127","ACH-002250","1240162","JHU022_UPPER_AERODIGESTIVE_TRACT","CVCL_5991","JHU-022","JHU-022-SCC;JHU-O22;JHU-22;HNSCC 022","HNSC","Head and Neck","Oral Cavity Carcinoma","Oral Cavity Squamous Cell Carcinoma"
"SIDM00157","ACH-002261","946363","KPNYS_AUTONOMIC_GANGLIA","CVCL_1342","KP-N-YS",NA,"NB","Peripheral Nervous System","Neuroblastoma","Neuroblastoma"
"SIDM00184","ACH-002153","753581","LB373MELD_SKIN","CVCL_1367","LB373-MEL-D",NA,"SKCM","Skin","Melanoma","Melanoma"
"SIDM00182","ACH-002265","753583","LB771HNC_UPPER_AERODIGESTIVE_TRACT","CVCL_1369","LB771-HNC","LB771-HNSCC;LB771-ORL","HNSC","Head and Neck","Head and Neck Carcinoma","Head and Neck Squamous Cell Carcinoma"
"SIDM00180","ACH-002155","753585","LB996RCC_KIDNEY","CVCL_1371","LB996-RCC",NA,"KIRC","Kidney","Kidney Carcinoma","Renal Cell Carcinoma"
"SIDM00146","ACH-000768","905960","MDAMB231_BREAST","CVCL_0062","MDA-MB-231","MDA-231","BRCA","Breast","Breast Carcinoma","Breast Adenocarcinoma"
"SIDM00221","ACH-002388","1659787","MET2B","CVCL_VS57","MET-2B",NA,"MEL","Skin","Melanoma","Melanoma"
"SIDM00179","ACH-002165","971777","MZ2MEL_SKIN","CVCL_1435","MZ2-MEL","MZ-MEL-2","SKCM","Skin","Melanoma","Melanoma"
"SIDM00137","ACH-000337","1240190","NCIH3122_LUNG","CVCL_5160","NCI-H3122",NA,"LUAD","Lung","Non-Small Cell Lung Carcinoma","Lung Adenocarcinoma"
"SIDM00117","ACH-000837","905967","NCIH322_LUNG","CVCL_1557","NCI-H322M",NA,"LUAD","Lung","Non-Small Cell Lung Carcinoma","Bronchiolo-Alveolar Lung Carcinoma"
"SIDM00116","ACH-000343","905944","NCIH522_LUNG","CVCL_1567","NCI-H522","NCI-522","LUAD","Lung","Non-Small Cell Lung Carcinoma","Lung Adenocarcinoma"
"SIDM00105","ACH-000001","905933","NIHOVCAR3_OVARY","CVCL_0465","OVCAR-3","NIH:OVCAR-3","OV","Ovary","Ovarian Carcinoma","High Grade Ovarian Serous Adenocarcinoma"
"SIDM00115","ACH-002298","1240206","PCI6A_UPPER_AERODIGESTIVE_TRACT","CVCL_C173","PCI-6A","PCI-06A;PCI-6T","HNSC","Head and Neck","Head and Neck Carcinoma","Head and Neck Squamous Cell Carcinoma"
"SIDM00113","ACH-001208","905980","TK10_KIDNEY","CVCL_1773","TK10",NA,"KIRC","Kidney","Kidney Carcinoma","Clear Cell Renal Cell Carcinoma"
"SIDM00111","ACH-000232","905983","U251MG_CENTRAL_NERVOUS_SYSTEM","CVCL_0021","U251","U-251MG;U251n","GBM","Central Nervous System","Glioma","Astrocytoma"
"SIDM00108","ACH-000579","905977","UACC257_SKIN","CVCL_1779","UACC-257",NA,"SKCM","Skin","Melanoma","Melanoma"
"SIDM00601",NA,NA,NA,"CVCL_3219","TMH-1",NA,NA,"Thyroid","Thyroid Gland Carcinoma","Papillary Thyroid Carcinoma"
"SIDM00605","ACH-000479",NA,"KNS81_CENTRAL_NERVOUS_SYSTEM","CVCL_2799","KNS-81",NA,"GB","Central Nervous System","Glioblastoma","Glioblastoma"
"SIDM00385",NA,NA,NA,"CVCL_3154","RERF-LC-OK",NA,NA,"Central Nervous System","Glioma","Astrocytoma"
"SIDM00398","ACH-001228",NA,"UPCISCC152_UPPER_AERODIGESTIVE_TRACT","CVCL_C058","SCC152",NA,"OCSC","Head and Neck","Head and Neck Carcinoma","Head and Neck Squamous Cell Carcinoma"
"SIDM00408","ACH-001131",NA,"MS1_SKIN","CVCL_E995","MS-1",NA,"SCLC","Skin","Other Solid Cancers","Merkel Cell Carcinoma"
"SIDM00430",NA,NA,NA,"CVCL_2125","MOLT-17",NA,NA,"Haematopoietic and Lymphoid","T-Lymphoblastic Leukemia","Childhood T Acute Lymphoblastic Leukemia"
"SIDM00432",NA,NA,NA,"CVCL_1423","MOLT-14",NA,NA,"Haematopoietic and Lymphoid","T-Lymphoblastic Leukemia","Childhood T Acute Lymphoblastic Leukemia"
"SIDM00409",NA,NA,NA,"CVCL_4388","hTERT-RPE-1",NA,NA,"Eye","Non-Cancerous","Non-Cancerous"
"SIDM00172","ACH-002212","753531","BB30HNC_UPPER_AERODIGESTIVE_TRACT","CVCL_1076","BB30-HNC",NA,"HNSC","Head and Neck","Head and Neck Carcinoma","Head and Neck Squamous Cell Carcinoma"
"SIDM00176","ACH-002094","1303912","CHSA8926_BONE","CVCL_X485","CHSA8926",NA,"UNCLASSIFIED","Bone","Chondrosarcoma","Chondrosarcoma"
"SIDM00175","ACH-002096","753545","CP50MELB_SKIN","CVCL_1143","CP50-MEL-B",NA,"SKCM","Skin","Melanoma","Melanoma"
"SIDM00283","ACH-002221","949088","CTB1_HAEMATOPOIETIC_AND_LYMPHOID_TISSUE","CVCL_1149","CTB-1",NA,"DLBC","Haematopoietic and Lymphoid","B-Cell Non-Hodgkin's Lymphoma","Diffuse Large B-Cell Lymphoma"
"SIDM00208","ACH-002229","946373","D502MG_CENTRAL_NERVOUS_SYSTEM","CVCL_1162","D-502MG",NA,"LGG","Central Nervous System","Glioblastoma","Glioblastoma"
"SIDM00278","ACH-000305","753555","ECGI10_OESOPHAGUS","CVCL_1187","EC-GI-10",NA,"ESCA","Esophagus","Esophageal Squamous Cell Carcinoma","Esophageal Squamous Cell Carcinoma"
"SIDM00279","ACH-000225","906849","ECC12_STOMACH","CVCL_1189","ECC12",NA,"UNCLASSIFIED","Stomach","Gastric Carcinoma","Gastric Small Cell Neuroendocrine Carcinoma"
"SIDM00266","ACH-002103","949158","ES1_BONE","CVCL_1198","ES1",NA,"UNCLASSIFIED","Bone","Ewing's Sarcoma","Ewing's Sarcoma"
"SIDM00264","ACH-002105","949156","ES4_BONE","CVCL_1200","ES4",NA,"UNCLASSIFIED","Bone","Ewing's Sarcoma","Ewing's Sarcoma"
"SIDM00262","ACH-002107","949157","ES6_BONE","CVCL_1202","ES6",NA,"UNCLASSIFIED","Bone","Ewing's Sarcoma","Ewing's Sarcoma"
"SIDM00269","ACH-002108","684059","ES7_BONE","CVCL_1203","ES7",NA,"UNCLASSIFIED","Bone","Ewing's Sarcoma","Ewing's Sarcoma"
"SIDM00261","ACH-002109","949155","ES8_BONE","CVCL_1204","ES8",NA,"UNCLASSIFIED","Bone","Ewing's Sarcoma","Ewing's Sarcoma"
"SIDM00276","ACH-002237","906861","ETK1_BILIARY_TRACT","CVCL_1206","ETK-1",NA,"UNCLASSIFIED","Biliary Tract","Biliary Tract Carcinoma","Intrahepatic Cholangiocarcinoma"
"SIDM00197","ACH-002115","949164","EW18_BONE","CVCL_1213","EW-18","IARC-EW-18","UNCLASSIFIED","Bone","Ewing's Sarcoma","Ewing's Sarcoma"
"SIDM00196","ACH-002116","949167","EW22_BONE","CVCL_1214","EW-22","IARC-EW-22","UNCLASSIFIED","Bone","Ewing's Sarcoma","Ewing's Sarcoma"
"SIDM00195","ACH-002117","949168","EW24_BONE","CVCL_1215","EW-24","IARC-EW-24","UNCLASSIFIED","Bone","Ewing's Sarcoma","Ewing's Sarcoma"
"SIDM00277","ACH-000198","906856","EOL1_HAEMATOPOIETIC_AND_LYMPHOID_TISSUE","CVCL_0258","EoL-1-cell","AML-EOL-1","UNCLASSIFIED","Haematopoietic and Lymphoid","Acute Myeloid Leukemia","Chronic Eosinophilic Leukemia"
"SIDM00213","ACH-000903","906864","FTC133_THYROID","CVCL_1219","FTC-133",NA,"THCA","Thyroid","Thyroid Gland Carcinoma","Follicular Thyroid Carcinoma"
"SIDM00274","ACH-000047","906869","GCIY_STOMACH","CVCL_1228","GCIY",NA,"STAD","Stomach","Gastric Carcinoma","Gastric Adenocarcinoma"
"SIDM01256",NA,NA,NA,"CVCL_3496","CEMC1",NA,NA,"Haematopoietic and Lymphoid","T-Lymphoblastic Leukemia","Childhood T Acute Lymphoblastic Leukemia"
"SIDM00227","ACH-001344","906872","GIMEN_AUTONOMIC_GANGLIA","CVCL_1232","GI-ME-N","Gimen1","NB","Peripheral Nervous System","Neuroblastoma","Neuroblastoma"
"SIDM00188","ACH-002139","753558","HA7RCC_KIDNEY","CVCL_1241","HA7-RCC",NA,"KIRC","Kidney","Kidney Carcinoma","Renal Cell Carcinoma"
"SIDM00134","ACH-000825","905973","HOP92_LUNG","CVCL_1286","HOP-92",NA,"UNCLASSIFIED","Lung","Non-Small Cell Lung Carcinoma","Non-Small Cell Lung Carcinoma"
"SIDM00223","ACH-002144","753564","ISTSL1_LUNG","CVCL_1313","IST-SL1",NA,"SCLC","Lung","Small Cell Lung Carcinoma","Small Cell Lung Carcinoma"
"SIDM00186","ACH-002151","753578","LB2241RCC_KIDNEY","CVCL_1365","LB2241-RCC",NA,"KIRC","Kidney","Kidney Carcinoma","Renal Cell Carcinoma"
"SIDM00185","ACH-002152","753579","LB2518MEL_SKIN","CVCL_1366","LB2518-MEL",NA,"SKCM","Skin","Melanoma","Melanoma"
"SIDM00183","ACH-002154","753582","LB647SCLC_LUNG","CVCL_1368","LB647-SCLC",NA,"SCLC","Lung","Small Cell Lung Carcinoma","Small Cell Lung Carcinoma"
"SIDM00181","ACH-002266","753584","LB831BLC_URINARY_TRACT","CVCL_1370","LB831-BLC",NA,"BLCA","Bladder","Bladder Carcinoma","Bladder Carcinoma"
"SIDM00149","ACH-000750","905974","LOXIMVI_SKIN","CVCL_1381","LOXIMVI",NA,"SKCM","Skin","Melanoma","Amelanotic Melanoma"
"SIDM00260","ACH-002161","908139","MKN28_STOMACH","CVCL_1416","MKN28",NA,"STAD","Stomach","Gastric Carcinoma","Gastric Tubular Adenocarcinoma"
"SIDM00247","ACH-000356","925340","MKN45_STOMACH","CVCL_0434","MKN45",NA,"STAD","Stomach","Gastric Carcinoma","Gastric Adenocarcinoma"
"SIDM00222","ACH-000319","908150","MPP89_PLEURA","CVCL_1427","MPP-89",NA,"MESO","Lung","Mesothelioma","Pleural Epithelioid Mesothelioma"
"SIDM00245","ACH-001958","753594","MS1_LUNG","CVCL_1429","MS-1","MS-1-L","SCLC","Lung","Small Cell Lung Carcinoma","Small Cell Lung Carcinoma"
"SIDM00255","ACH-002282","949175","NB17_AUTONOMIC_GANGLIA","CVCL_1445","NB17","SJNB-17;NB17-DH","NB","Peripheral Nervous System","Neuroblastoma","Neuroblastoma"
"SIDM00254","ACH-002283","949176","NB5_AUTONOMIC_GANGLIA","CVCL_8822","NB5","SJNB-5;NB5-DH;NJF","NB","Peripheral Nervous System","Neuroblastoma","Neuroblastoma"
"SIDM00156","ACH-002285","949174","NB7_AUTONOMIC_GANGLIA","CVCL_8824","NB7","SJNB-7;NB7-DH;NCG;SJ-NCG","NB","Peripheral Nervous System","Neuroblastoma","Neuroblastoma"
"SIDM00139","ACH-000367","905941","NCIH226_LUNG","CVCL_1544","NCI-H226","HUT-226","LUSC","Lung","Mesothelioma","Pleural Epithelioid Mesothelioma"
"SIDM00138","ACH-000900","905942","NCIH23_LUNG","CVCL_1547","NCI-H23",NA,"LUAD","Lung","Non-Small Cell Lung Carcinoma","Lung Adenocarcinoma"
"SIDM00243","ACH-002288","910942","NEC8_TESTIS","CVCL_1604","NEC8",NA,"UNCLASSIFIED","Testis","Other Solid Cancers","Testicular Embryonal Carcinoma"
"SIDM00239","ACH-000159","909250","OSRC2_KIDNEY","CVCL_1626","OS-RC-2",NA,"KIRC","Kidney","Kidney Carcinoma","Renal Cell Carcinoma"
"SIDM00237","ACH-000030","753608","PC14_LUNG","CVCL_1640","PC-14",NA,"LUAD","Lung","Non-Small Cell Lung Carcinoma","Lung Adenocarcinoma"
"SIDM00270","ACH-002294","1240204","PCI15A_UPPER_AERODIGESTIVE_TRACT","CVCL_C184","PCI-15A","PCI-15T","HNSC","Head and Neck","Head and Neck Carcinoma","Pyriform Fossa Squamous Cell Carcinoma"
"SIDM00155","ACH-002296","1240205","PCI38_UPPER_AERODIGESTIVE_TRACT","CVCL_M471","PCI-38",NA,"HNSC","Head and Neck","Head and Neck Carcinoma","Head and Neck Squamous Cell Carcinoma"
"SIDM00235","ACH-000189","909974","RCC10RGB_KIDNEY","CVCL_1647","RCC10RGB",NA,"KIRC","Kidney","Kidney Carcinoma","Renal Cell Carcinoma"
"SIDM00218","ACH-001384","930083","RO82W1_THYROID","CVCL_0582","RO82-W-1","WRO;WRO82-1;UCLA RO 82-W-1","THCA","Thyroid","Thyroid Gland Carcinoma","Follicular Thyroid Carcinoma"
"SIDM00193","ACH-000991","1660036","SNU81_LARGE_INTESTINE","CVCL_5098","SNU-81","NCI-SNU-81","COREAD","Large Intestine","Colorectal Carcinoma","Colon Adenocarcinoma"
"SIDM00267","ACH-002312","910695","TGBC24TKB_BILIARY_TRACT","CVCL_1770","TGBC24TKB",NA,"UNCLASSIFIED","Biliary Tract","Biliary Tract Carcinoma","Gallbladder Carcinoma"
"SIDM00691",NA,NA,NA,"CVCL_R702","Hs-630-T",NA,NA,"Placenta","Other Solid Cancers","Gestational Choriocarcinoma"
"SIDM00439",NA,NA,NA,"CVCL_H526","ML-3",NA,NA,"Haematopoietic and Lymphoid","Acute Myeloid Leukemia","Adult Acute Myeloid Leukemia"
"SIDM00440",NA,NA,NA,"CVCL_0436","ML-1",NA,"THCA","Haematopoietic and Lymphoid","Acute Myeloid Leukemia","Adult Acute Myeloid Leukemia"
"SIDM00456","ACH-000057",NA,"OPM1_HAEMATOPOIETIC_AND_LYMPHOID_TISSUE","CVCL_5210","OPM-1",NA,"PCM","Haematopoietic and Lymphoid","Plasma Cell Myeloma","Plasma Cell Myeloma"
"SIDM00468","ACH-001072",NA,"GRM_SKIN","CVCL_2451","GR-M",NA,"PAAD","Pancreas","Pancreatic Carcinoma","Pancreatic Adenocarcinoma"
"SIDM00470","ACH-001633",NA,"PEO6_OVARY","CVCL_2691","PEO6",NA,NA,"Ovary","Ovarian Carcinoma","Ovarian Cystadenocarcinoma"
"SIDM00471","ACH-001632",NA,"PEO4_OVARY","CVCL_2690","PEO4",NA,"SOC","Ovary","Ovarian Carcinoma","Ovarian Cystadenocarcinoma"
"SIDM00233","ACH-002058","910687","ATN1_HAEMATOPOIETIC_AND_LYMPHOID_TISSUE","CVCL_1073","ATN-1",NA,"ALL","Haematopoietic and Lymphoid","T-Lymphoblastic Leukemia","Adult T Acute Lymphoblastic Leukemia"
"SIDM00287","ACH-002211","910705","BALL1_HAEMATOPOIETIC_AND_LYMPHOID_TISSUE","CVCL_1075","BALL-1",NA,"UNCLASSIFIED","Haematopoietic and Lymphoid","B-Lymphoblastic Leukemia","Adult B Acute Lymphoblastic Leukemia"
"SIDM00286","ACH-000136","910567","CHP126_AUTONOMIC_GANGLIA","CVCL_1123","CHP-126",NA,"NB","Peripheral Nervous System","Neuroblastoma","Neuroblastoma"
"SIDM00285","ACH-001338","910941","CHP134_AUTONOMIC_GANGLIA","CVCL_1124","CHP-134",NA,"NB","Peripheral Nervous System","Neuroblastoma","Neuroblastoma"
"SIDM00284","ACH-000805","906818","COLO679_SKIN","CVCL_1130","COLO-679",NA,"SKCM","Skin","Melanoma","Melanoma"
"SIDM00281","ACH-002100","906841","DJM1_SKIN","CVCL_1172","DJM-1",NA,"UNCLASSIFIED","Skin","Other Solid Cancers","Skin Squamous Cell Carcinoma"
"SIDM00265","ACH-002104","684055","ES3_BONE","CVCL_1199","ES3",NA,"ES","Bone","Ewing's Sarcoma","Ewing's Sarcoma"
"SIDM00263","ACH-002106","684057","ES5_BONE","CVCL_1201","ES5",NA,"UNCLASSIFIED","Bone","Ewing's Sarcoma","Ewing's Sarcoma"
"SIDM00273","ACH-000756","906871","GI1_CENTRAL_NERVOUS_SYSTEM","CVCL_1231","GI-1",NA,"LGG","Central Nervous System","Glioblastoma","Gliosarcoma"
"SIDM00311","ACH-002133","1240137","H2810_PLEURA","CVCL_U999","NCI-H2810",NA,"MESO","Lung","Mesothelioma","Pleural Epithelioid Mesothelioma"
"SIDM00289","ACH-002241","949153","HAL01_HAEMATOPOIETIC_AND_LYMPHOID_TISSUE","CVCL_1242","HAL-01","HAL-1","ALL","Haematopoietic and Lymphoid","B-Lymphoblastic Leukemia","Childhood B Acute Lymphoblastic Leukemia"
"SIDM00290","ACH-000847","907055","HGC27_STOMACH","CVCL_1279","HGC-27",NA,"STAD","Stomach","Gastric Carcinoma","Gastric Carcinoma"
"SIDM00291","ACH-002040","907058","HMVII_SKIN","CVCL_1282","HMV-II","HMV-2","SKCM","Skin","Melanoma","Melanoma"
"SIDM00306","ACH-000672","910779","IALM_LUNG","CVCL_1302","IA-LM",NA,"UNCLASSIFIED","Lung","Non-Small Cell Lung Carcinoma","Large Cell Lung Carcinoma"
"SIDM00225","ACH-002143","907172","ISTMEL1_SKIN","CVCL_1308","IST-MEL1",NA,"SKCM","Skin","Melanoma","Melanoma"
"SIDM00230","ACH-002145","753565","ISTSL2_LUNG","CVCL_1314","IST-SL2",NA,"SCLC","Lung","Small Cell Lung Carcinoma","Small Cell Lung Carcinoma"
"SIDM00304","ACH-002146","1480358","JHOS3_OVARY","CVCL_4648","JHOS-3",NA,"OV","Ovary","Ovarian Carcinoma","Ovarian Serous Adenocarcinoma"
"SIDM00302","ACH-002149","924186","KGN_OVARY","CVCL_0375","KGN",NA,"UNCLASSIFIED","Ovary","Other Solid Cancers","Ovarian Granulosa Cell Tumor"
"SIDM00301","ACH-000265","753572","KP4_PANCREAS","CVCL_1338","KP-4",NA,"PAAD","Pancreas","Pancreatic Carcinoma","Pancreatic Carcinoma"
"SIDM00329","ACH-000806","907323","L540_HAEMATOPOIETIC_AND_LYMPHOID_TISSUE","CVCL_1362","L-540",NA,"UNCLASSIFIED","Haematopoietic and Lymphoid","Hodgkin's Lymphoma","Hodgkin's Lymphoma"
"SIDM00346","ACH-000301","907783","LAMA84_HAEMATOPOIETIC_AND_LYMPHOID_TISSUE","CVCL_0388","LAMA-84",NA,"LCML","Haematopoietic and Lymphoid","Chronic Myelogenous Leukemia","Chronic Myelogenous Leukemia"
"SIDM00330","ACH-001355","949170","LAN6_AUTONOMIC_GANGLIA","CVCL_1363","LAN-6",NA,"NB","Peripheral Nervous System","Neuroblastoma","Neuroblastoma"
"SIDM00341","ACH-000176","1298226","LOUNH91_LUNG","CVCL_2104","LOU-NH91",NA,"LUSC","Lung","Squamous Cell Lung Carcinoma","Squamous Cell Lung Carcinoma"
"SIDM00342","ACH-000104","907789","LOUCY_HAEMATOPOIETIC_AND_LYMPHOID_TISSUE","CVCL_1380","LOUCY",NA,"ALL","Haematopoietic and Lymphoid","T-Lymphoblastic Leukemia","Adult T Acute Lymphoblastic Leukemia"
"SIDM00294","ACH-001549","713899","LU135_LUNG","CVCL_1389","LU-135","NCC-c-Lu-135","SCLC","Lung","Small Cell Lung Carcinoma","Small Cell Lung Carcinoma"
"SIDM00292","ACH-002077","753589","LU165_LUNG","CVCL_1391","LU-165",NA,"SCLC","Lung","Small Cell Lung Carcinoma","Small Cell Lung Carcinoma"
"SIDM00272","ACH-000910","908122","MDAMB453_BREAST","CVCL_0418","MDA-MB-453","MDA-453","BRCA","Breast","Breast Carcinoma","Breast Adenocarcinoma"
"SIDM00337","ACH-000450","908124","MELHO_SKIN","CVCL_1402","MEL-HO",NA,"SKCM","Skin","Melanoma","Melanoma"
"SIDM00336","ACH-000881","908125","MELJUSO_SKIN","CVCL_1403","MEL-JUSO",NA,"SKCM","Skin","Melanoma","Cutaneous Melanoma"
"SIDM00335","ACH-000192","908129","MFE280_ENDOMETRIUM","CVCL_1405","MFE-280",NA,"UCEC","Endometrium","Endometrial Carcinoma","Endometrial Adenocarcinoma"
"SIDM00299","ACH-002271","925343","MFHINO_SOFT_TISSUE","CVCL_1407","MFH-ino",NA,"UNCLASSIFIED","Soft Tissue","Other Sarcomas","Undifferentiated Pleomorphic Sarcoma"
"SIDM00271","ACH-000351","908138","MKN1_STOMACH","CVCL_1415","MKN1",NA,"UNCLASSIFIED","Stomach","Gastric Carcinoma","Gastric Adenosquamous Carcinoma"
"SIDM00259","ACH-002278","949171","NB10_AUTONOMIC_GANGLIA","CVCL_1441","NB10","SJNB-10;NB10-DH","NB","Peripheral Nervous System","Neuroblastoma","Neuroblastoma"
"SIDM00231","ACH-002167","1509073","NCC010_KIDNEY","CVCL_X505","NCC010",NA,"KIRC","Kidney","Kidney Carcinoma","Renal Cell Carcinoma"
"SIDM00232","ACH-002168","1509074","NCC021_KIDNEY","CVCL_X506","NCC021",NA,"KIRC","Kidney","Kidney Carcinoma","Renal Cell Carcinoma"
"SIDM00242","ACH-002067","925345","NOS1_BONE","CVCL_1610","NOS-1",NA,"UNCLASSIFIED","Bone","Osteosarcoma","Osteosarcoma"
"SIDM00240","ACH-002180","949154","OMC1_CERVIX","CVCL_1623","OMC-1",NA,"CESC","Cervix","Cervical Carcinoma","Cervical Squamous Cell Carcinoma"
"SIDM00348","ACH-000488","946354","TE11_OESOPHAGUS","CVCL_1761","TE-11",NA,"ESCA","Esophagus","Esophageal Squamous Cell Carcinoma","Esophageal Squamous Cell Carcinoma"
"SIDM00250","ACH-000917","1503371","TE4_OESOPHAGUS","CVCL_3337","TE-4",NA,"ESCA","Esophagus","Esophageal Squamous Cell Carcinoma","Esophageal Squamous Cell Carcinoma"
"SIDM00347","ACH-000408","735784","TE5_OESOPHAGUS","CVCL_1764","TE-5",NA,"ESCA","Esophagus","Esophageal Squamous Cell Carcinoma","Esophageal Squamous Cell Carcinoma"
"SIDM00328","ACH-000605","946355","TE6_OESOPHAGUS","CVCL_1765","TE-6",NA,"ESCA","Esophagus","Esophageal Squamous Cell Carcinoma","Esophageal Squamous Cell Carcinoma"
"SIDM00326","ACH-000452","753623","TE8_OESOPHAGUS","CVCL_1766","TE-8",NA,"ESCA","Esophagus","Esophageal Squamous Cell Carcinoma","Esophageal Squamous Cell Carcinoma"
"SIDM00325","ACH-000694","946353","TE9_OESOPHAGUS","CVCL_1767","TE-9",NA,"ESCA","Esophagus","Esophageal Squamous Cell Carcinoma","Esophageal Squamous Cell Carcinoma"
"SIDM00324","ACH-001674","910780","TGW_AUTONOMIC_GANGLIA","CVCL_1771","TGW","TOG;TGW-nu;TGW-I-nu;TGW-nu-1","NB","Peripheral Nervous System","Neuroblastoma","Adrenal Neuroblastoma"
"SIDM00323","ACH-002313","1331045","TK_HAEMATOPOIETIC_AND_LYMPHOID_TISSUE","CVCL_3216","TK",NA,"DLBC","Haematopoietic and Lymphoid","B-Cell Non-Hodgkin's Lymphoma","B-Cell Non-Hodgkin's Lymphoma"
"SIDM00319","ACH-001704","930301","VMRCMELG_SKIN","CVCL_1789","VMRC-MELG","Leggee","SKCM","Skin","Melanoma","Melanoma"
"SIDM00318","ACH-000484","1240224","VMRCRCW_KIDNEY","CVCL_1790","VMRC-RCW","Thomas Wirts","KIRC","Kidney","Kidney Carcinoma","Renal Cell Carcinoma"
"SIDM00317","ACH-000171","909781","VMRCRCZ_KIDNEY","CVCL_1791","VMRC-RCZ",NA,"KIRC","Kidney","Kidney Carcinoma","Renal Cell Carcinoma"
"SIDM00316","ACH-000469","909905","YH13_CENTRAL_NERVOUS_SYSTEM","CVCL_1795","YH-13",NA,"GBM","Central Nervous System","Glioblastoma","Glioblastoma"
"SIDM00764",NA,"753602",NA,"CVCL_1504","NCI-H1882",NA,NA,"Lung","Small Cell Lung Carcinoma","Small Cell Lung Carcinoma"
"SIDM00536","ACH-000982","907292","GP2D_LARGE_INTESTINE","CVCL_2450","GP2d",NA,"COAD","Large Intestine","Colorectal Carcinoma","Colon Adenocarcinoma"
"SIDM00546","ACH-000444",NA,"LU99_LUNG","CVCL_3015","LU-99","C-Lu99","GCLC","Lung","Non-Small Cell Lung Carcinoma","Giant Cell Lung Carcinoma"
"SIDM00558",NA,NA,NA,"CVCL_0U13","KP-3N",NA,NA,"Pancreas","Pancreatic Carcinoma","Pancreatic Adenosquamous Carcinoma"
"SIDM00559",NA,NA,NA,"CVCL_3006","KP-3L",NA,NA,"Pancreas","Pancreatic Carcinoma","Pancreatic Adenosquamous Carcinoma"
"SIDM00563",NA,NA,NA,"CVCL_3034","MY",NA,NA,"Haematopoietic and Lymphoid","Other Blood Cancers","Acute Biphenotypic Leukemia"
"SIDM00593","ACH-000005","907054","HEL9217_HAEMATOPOIETIC_AND_LYMPHOID_TISSUE","CVCL_2481","HEL-92-1-7",NA,"AML","Haematopoietic and Lymphoid","Acute Myeloid Leukemia","Erythroleukemia"
"SIDM00595","ACH-000954",NA,"HEC1A_ENDOMETRIUM","CVCL_0293","HEC-1-A",NA,"UCEC","Endometrium","Endometrial Carcinoma","Endometrial Adenocarcinoma"
"SIDM00303","ACH-000584","1480359","JHOS4_OVARY","CVCL_4649","JHOS-4",NA,"OV","Ovary","Ovarian Carcinoma","High Grade Ovarian Serous Adenocarcinoma"
"SIDM00371","ACH-000652","1240219","SUIT2_PANCREAS","CVCL_3172","SUIT-2",NA,"PAAD","Pancreas","Pancreatic Carcinoma","Pancreatic Ductal Adenocarcinoma"
"SIDM00352","ACH-000719","909699","RMGI_OVARY","CVCL_1662","RMG-I","RMG1","UNCLASSIFIED","Ovary","Ovarian Carcinoma","Ovarian Clear Cell Adenocarcinoma"
"SIDM00411","ACH-000332","909904","YAPC_PANCREAS","CVCL_1794","YAPC",NA,"PAAD","Pancreas","Pancreatic Carcinoma","Pancreatic Carcinoma"
"SIDM00349","ACH-000318","753622","TE10_OESOPHAGUS","CVCL_1760","TE-10",NA,"ESCA","Esophagus","Esophageal Squamous Cell Carcinoma","Esophageal Squamous Cell Carcinoma"
"SIDM00308","ACH-000074","907311","KU812_HAEMATOPOIETIC_AND_LYMPHOID_TISSUE","CVCL_0379","KU812",NA,"LCML","Haematopoietic and Lymphoid","Chronic Myelogenous Leukemia","Chronic Myelogenous Leukemia"
"SIDM00402","ACH-000473","909704","RT112_URINARY_TRACT","CVCL_1670","RT-112",NA,"BLCA","Bladder","Bladder Carcinoma","Bladder Carcinoma"
"SIDM00297","ACH-002157","907786","LC2AD_LUNG","CVCL_1373","LC-2-ad",NA,"LUAD","Lung","Non-Small Cell Lung Carcinoma","Lung Adenocarcinoma"
"SIDM00500","ACH-000959",NA,"SNUC4_LARGE_INTESTINE","CVCL_5111","SNU-C4","NCI-SNU-C4","COAD","Large Intestine","Colorectal Carcinoma","Colon Adenocarcinoma"
"SIDM00050","ACH-002093","1290768","CHSA0108_BONE","CVCL_X484","CHSA0108",NA,"UNCLASSIFIED","Bone","Chondrosarcoma","Chondrosarcoma"
"SIDM00119","ACH-000706","905970","EKVX_LUNG","CVCL_1195","EKVX",NA,"LUAD","Lung","Non-Small Cell Lung Carcinoma","Lung Adenocarcinoma"
"SIDM00310","ACH-002132","1240136","H2804_PLEURA","CVCL_U998","NCI-H2804",NA,"MESO","Lung","Mesothelioma","Malignant Pleural Mesothelioma"
"SIDM00305","ACH-000132","1479995","JHOS2_OVARY","CVCL_4647","JHOS-2",NA,"OV","Ovary","Ovarian Carcinoma","High Grade Ovarian Serous Adenocarcinoma"
"SIDM00313","ACH-000702","1330935","L1236_HAEMATOPOIETIC_AND_LYMPHOID_TISSUE","CVCL_2096","L-1236",NA,"UNCLASSIFIED","Haematopoietic and Lymphoid","Hodgkin's Lymphoma","Hodgkin's Lymphoma"
"SIDM00339","ACH-000787","753592","LXF289_LUNG","CVCL_1394","LXF-289","LXF 289L","LUAD","Lung","Non-Small Cell Lung Carcinoma","Lung Adenocarcinoma"
"SIDM00332","ACH-001819","910948","MFM223_BREAST","CVCL_1408","MFM-223",NA,"BRCA","Breast","Breast Carcinoma","Breast Carcinoma"
"SIDM00362","ACH-002293","1330987","P32ISH_HAEMATOPOIETIC_AND_LYMPHOID_TISSUE","CVCL_3119","P32-ISH","P32/Ishida","UNCLASSIFIED","Haematopoietic and Lymphoid","Burkitt's Lymphoma","Burkitt's Lymphoma"
"SIDM00360","ACH-000347","1298534","QGP1_PANCREAS","CVCL_3143","QGP-1",NA,"UNCLASSIFIED","Pancreas","Other Solid Cancers","Pancreatic Somatostatinoma"
"SIDM00359","ACH-000565","909263","RCM1_LARGE_INTESTINE","CVCL_1648","RCM-1",NA,"COREAD","Large Intestine","Colorectal Carcinoma","Rectal Adenocarcinoma"
"SIDM00358","ACH-000144","1240209","RERFGC1B_STOMACH","CVCL_3152","RERF-GC-1B",NA,"STAD","Stomach","Gastric Carcinoma","Gastric Adenocarcinoma"
"SIDM00357","ACH-002193","930081","RERFLCFM_LUNG","CVCL_1653","RERF-LC-FM",NA,"SCLC","Lung","Small Cell Lung Carcinoma","Small Cell Lung Carcinoma"
"SIDM00356","ACH-000482","1298537","RERFLCKJ_LUNG","CVCL_1654","RERF-LC-KJ",NA,"LUAD","Lung","Non-Small Cell Lung Carcinoma","Lung Adenocarcinoma"
"SIDM00354","ACH-000442","1298538","RERFLCSQ1_LUNG","CVCL_1656","RERF-LC-Sq1",NA,"LUSC","Lung","Squamous Cell Lung Carcinoma","Squamous Cell Lung Carcinoma"
"SIDM00353","ACH-000505","1298539","RKN_SOFT_TISSUE","CVCL_3156","RKN",NA,"UNCLASSIFIED","Soft Tissue","Other Sarcomas","Ovarian Leiomyosarcoma"
"SIDM00415","ACH-001639","1331025","ROS50_HAEMATOPOIETIC_AND_LYMPHOID_TISSUE","CVCL_1887","ROS-50",NA,"UNCLASSIFIED","Haematopoietic and Lymphoid","B-Cell Non-Hodgkin's Lymphoma","Diffuse Large B-Cell Lymphoma"
"SIDM00403","ACH-000636","909702","RPMI8402_HAEMATOPOIETIC_AND_LYMPHOID_TISSUE","CVCL_1667","RPMI-8402",NA,"ALL","Haematopoietic and Lymphoid","T-Lymphoblastic Leukemia","Childhood T Acute Lymphoblastic Leukemia"
"SIDM00401","ACH-000614","909706","RVH421_SKIN","CVCL_1672","RVH-421",NA,"SKCM","Skin","Melanoma","Melanoma"
"SIDM00351","ACH-002029","909708","SAS_UPPER_AERODIGESTIVE_TRACT","CVCL_1675","SAS",NA,"HNSC","Head and Neck","Oral Cavity Carcinoma","Tongue Squamous Cell Carcinoma"
"SIDM00350","ACH-001641","1299050","SAT_UPPER_AERODIGESTIVE_TRACT","CVCL_3160","SAT",NA,"HNSC","Head and Neck","Head and Neck Carcinoma","Head and Neck Squamous Cell Carcinoma"
"SIDM00365","ACH-002196","713885","SBC1_LUNG","CVCL_1676","SBC-1",NA,"SCLC","Lung","Small Cell Lung Carcinoma","Small Cell Lung Carcinoma"
"SIDM00384","ACH-001642","910930","SCC3_HAEMATOPOIETIC_AND_LYMPHOID_TISSUE","CVCL_1683","SCC-3",NA,"DLBC","Haematopoietic and Lymphoid","B-Cell Non-Hodgkin's Lymphoma","B-Cell Non-Hodgkin's Lymphoma"
"SIDM00383","ACH-002198","909711","SCH_STOMACH","CVCL_1687","SCH",NA,"UNCLASSIFIED","Stomach","Gastric Carcinoma","Gastric Choriocarcinoma"
"SIDM00394","ACH-001650","1240212","SISO_CERVIX","CVCL_2193","SISO",NA,"CESC","Cervix","Cervical Carcinoma","Cervical Adenocarcinoma"
"SIDM00393","ACH-001653","1503364","SKGT2_STOMACH","CVCL_2194","SK-GT-2",NA,"STAD","Stomach","Gastric Carcinoma","Gastric Fundus Carcinoma"
"SIDM00392","ACH-000810","909726","SKMEL30_SKIN","CVCL_0039","SK-MEL-30","AW-Mel","SKCM","Skin","Melanoma","Cutaneous Melanoma"
"SIDM00379","ACH-002304","909729","SKMG1_CENTRAL_NERVOUS_SYSTEM","CVCL_1698","SK-MG-1","AJ","GBM","Central Nervous System","Glioma","Astrocytoma"
"SIDM00391","ACH-000363","753612","SKMM2_HAEMATOPOIETIC_AND_LYMPHOID_TISSUE","CVCL_1699","SK-MM-2",NA,"MM","Haematopoietic and Lymphoid","Plasma Cell Myeloma","Plasma Cell Myeloma"
"SIDM00381","ACH-002020","930298","SKGIIIA_CERVIX","CVCL_1704","SKG-IIIa","SKG-3a","CESC","Cervix","Cervical Carcinoma","Human Papilloma Virus-Related Cervical Squamous Cell Carcinoma"
"SIDM00380","ACH-000373","909722","SKM1_HAEMATOPOIETIC_AND_LYMPHOID_TISSUE","CVCL_0098","SKM-1",NA,"UNCLASSIFIED","Haematopoietic and Lymphoid","Acute Myeloid Leukemia","Adult Acute Myeloid Leukemia"
"SIDM00375","ACH-002305","1299059","SKN3_UPPER_AERODIGESTIVE_TRACT","CVCL_3168","SKN-3",NA,"HNSC","Head and Neck","Head and Neck Carcinoma","Head and Neck Squamous Cell Carcinoma"
"SIDM00377","ACH-001655","1240215","SKN_ENDOMETRIUM","CVCL_3167","SKN",NA,"UNCLASSIFIED","Uterus","Other Sarcomas","Uterine Corpus Leiomyosarcoma"
"SIDM00374","ACH-002062","1331032","SLVL_HAEMATOPOIETIC_AND_LYMPHOID_TISSUE","CVCL_3169","SLVL","VL51","DLBC","Haematopoietic and Lymphoid","B-Cell Non-Hodgkin's Lymphoma","Splenic Marginal Zone B-Cell Lymphoma with Villous Lymphocytes"
"SIDM00405","ACH-000365","1331035","SUDHL4_HAEMATOPOIETIC_AND_LYMPHOID_TISSUE","CVCL_0539","SU-DHL-4","SUD4;SU4","DLBC","Haematopoietic and Lymphoid","B-Cell Non-Hodgkin's Lymphoma","Diffuse Large B-Cell Lymphoma"
"SIDM00322","ACH-000561","1299064","TT_OESOPHAGUS","CVCL_3174","T-T","tdott","ESCA","Esophagus","Esophageal Squamous Cell Carcinoma","Esophageal Squamous Cell Carcinoma"
"SIDM00418","ACH-000716","1240223","TT2609C02_THYROID","CVCL_2218","TT2609-C02","TT2609-CO2","THCA","Thyroid","Thyroid Gland Carcinoma","Follicular Thyroid Carcinoma"
"SIDM00413","ACH-000534","1331050","WSUDLCL2_HAEMATOPOIETIC_AND_LYMPHOID_TISSUE","CVCL_1902","WSU-DLCL2",NA,"DLBC","Haematopoietic and Lymphoid","B-Cell Non-Hodgkin's Lymphoma","Diffuse Large B-Cell Lymphoma"
"SIDM00315","ACH-000570","687592","YKG1_CENTRAL_NERVOUS_SYSTEM","CVCL_1796","YKG-1",NA,"GBM","Central Nervous System","Glioblastoma","Glioblastoma"
"SIDM00414","ACH-000545","909780","VMCUB1_URINARY_TRACT","CVCL_1786","VM-CUB-1","VM-CUB-I","BLCA","Bladder","Bladder Carcinoma","Bladder Carcinoma"
"SIDM00610","ACH-000164","753625","PANC1_PANCREAS","CVCL_0480","PANC-1",NA,"PAAD","Pancreas","Pancreatic Carcinoma","Pancreatic Ductal Adenocarcinoma"
"SIDM00624",NA,NA,NA,"CVCL_5801","MM1",NA,NA,"Haematopoietic and Lymphoid","Plasma Cell Myeloma","Plasma Cell Myeloma"
"SIDM00626","ACH-000490",NA,"SF767_CENTRAL_NERVOUS_SYSTEM","CVCL_6950","SF767",NA,"CESC","Cervix","Cervical Carcinoma","Human Papilloma Virus-Related Cervical Squamous Cell Carcinoma"
"SIDM00635",NA,NA,NA,"CVCL_6671","MC-CAR-Z2",NA,NA,"Haematopoietic and Lymphoid","Non-Cancerous","Non-Cancerous"
"SIDM00639","ACH-000152","1298232","M059K_CENTRAL_NERVOUS_SYSTEM","CVCL_0401","M059K",NA,"GB","Central Nervous System","Glioblastoma","Glioblastoma"
"SIDM00647",NA,NA,NA,"CVCL_1502","NCI-H1870",NA,NA,"Lung","Small Cell Lung Carcinoma","Small Cell Lung Carcinoma"
"SIDM00483","ACH-001654","1503365","SKGT4_OESOPHAGUS","CVCL_2195","SK-GT-4",NA,"ESCA","Esophagus","Esophageal Carcinoma","Esophageal Adenocarcinoma"
"SIDM00458","ACH-000751","1330985","OCIM1_HAEMATOPOIETIC_AND_LYMPHOID_TISSUE","CVCL_2149","OCI-M1",NA,"LAML","Haematopoietic and Lymphoid","Acute Myeloid Leukemia","Adult Acute Myeloid Leukemia"
"SIDM00469","ACH-000320","910546","PSN1_PANCREAS","CVCL_1644","PSN1",NA,"PAAD","Pancreas","Pancreatic Carcinoma","Pancreatic Adenocarcinoma"
"SIDM00420","ACH-000566","909749","SW1710_URINARY_TRACT","CVCL_1721","SW1710",NA,"BLCA","Bladder","Bladder Carcinoma","Bladder Carcinoma"
"SIDM00643","ACH-002363",NA,"NCIBL1395_MATCHED_NORMAL_TISSUE","CVCL_2638","NCI-BL1395",NA,NA,"Haematopoietic and Lymphoid","Non-Cancerous","Non-Cancerous"
"SIDM00421","ACH-000226","1331040","SUPM2_HAEMATOPOIETIC_AND_LYMPHOID_TISSUE","CVCL_2209","SUP-M2",NA,"UNCLASSIFIED","Haematopoietic and Lymphoid","T-Cell Non-Hodgkin's Lymphoma","Anaplastic Large Cell Lymphoma"
"SIDM00479","ACH-000679","910079","OE19_OESOPHAGUS","CVCL_1622","OE19","JROECL19;OEC19","ESCA","Esophagus","Esophageal Carcinoma","Esophageal Adenocarcinoma"
"SIDM00424","ACH-001680","909777","U698M_HAEMATOPOIETIC_AND_LYMPHOID_TISSUE","CVCL_0017","U-698-M",NA,"UNCLASSIFIED","Haematopoietic and Lymphoid","B-Cell Non-Hodgkin's Lymphoma","Precursor Lymphoblastic Lymphoma"
"SIDM00491","ACH-001443","1290722","ASH3_THYROID","CVCL_2856","ASH-3",NA,"THCA","Thyroid","Thyroid Gland Carcinoma","Anaplastic Thyroid Carcinoma"
"SIDM00485","ACH-000794","1240121","BICR22_UPPER_AERODIGESTIVE_TRACT","CVCL_2310","BICR22",NA,"HNSC","Head and Neck","Oral Cavity Carcinoma","Tongue Squamous Cell Carcinoma"
"SIDM00490","ACH-001016","906746","BECKER_CENTRAL_NERVOUS_SYSTEM","CVCL_1093","Becker","AK","GBM","Central Nervous System","Glioma","Astrocytoma"
"SIDM00489","ACH-002043","753538","CA922_UPPER_AERODIGESTIVE_TRACT","CVCL_1102","Ca9-22",NA,"HNSC","Head and Neck","Oral Cavity Carcinoma","Gingival Squamous Cell Carcinoma"
"SIDM00488","ACH-002345","924108","CAR1_LARGE_INTESTINE","CVCL_1116","CaR-1",NA,"COREAD","Large Intestine","Colorectal Carcinoma","Rectal Adenocarcinoma"
"SIDM00386","ACH-000391","908134","MHHES1_BONE","CVCL_1411","MHH-ES-1",NA,"UNCLASSIFIED","Bone","Ewing's Sarcoma","Ewing's Sarcoma"
"SIDM00442","ACH-000058","1240178","ML1_THYROID","CVCL_H525","ML-1",NA,"THCA","Thyroid","Thyroid Gland Carcinoma","Follicular Thyroid Carcinoma"
"SIDM00441","ACH-002273","908141","ML2_HAEMATOPOIETIC_AND_LYMPHOID_TISSUE","CVCL_1418","ML-2",NA,"LAML","Haematopoietic and Lymphoid","Acute Myeloid Leukemia","Adult Acute Myeloid Leukemia"
"SIDM00656",NA,NA,NA,"CVCL_1431","MUTZ-1",NA,NA,"Haematopoietic and Lymphoid","Burkitt's Lymphoma","Epstein-Barr Virus-Related Burkitt s Lymphoma"
"SIDM00428","ACH-000294","1323913","NB4_HAEMATOPOIETIC_AND_LYMPHOID_TISSUE","CVCL_0005","NB4",NA,"LAML","Haematopoietic and Lymphoid","Acute Myeloid Leukemia","Acute Promyelocytic Leukemia"
"SIDM00443","ACH-000287","1330982","NUDUL1_HAEMATOPOIETIC_AND_LYMPHOID_TISSUE","CVCL_1877","NU-DUL-1",NA,"DLBC","Haematopoietic and Lymphoid","B-Cell Non-Hodgkin's Lymphoma","Diffuse Large B-Cell Lymphoma"
"SIDM00481","ACH-000116","946360","OAW28_OVARY","CVCL_1614","OAW-28",NA,"OV","Ovary","Ovarian Carcinoma","High Grade Ovarian Serous Adenocarcinoma"
"SIDM00446","ACH-000113","910947","OCIAML2_HAEMATOPOIETIC_AND_LYMPHOID_TISSUE","CVCL_1619","OCI-AML2",NA,"LAML","Haematopoietic and Lymphoid","Acute Myeloid Leukemia","Adult Acute Myeloid Leukemia"
"SIDM00462","ACH-000336","1290455","OCIAML3_HAEMATOPOIETIC_AND_LYMPHOID_TISSUE","CVCL_1844","OCI-AML3",NA,"LAML","Haematopoietic and Lymphoid","Acute Myeloid Leukemia","Adult Acute Myeloid Leukemia"
"SIDM00460","ACH-000124","1330984","OCILY19_HAEMATOPOIETIC_AND_LYMPHOID_TISSUE","CVCL_1878","OCI-LY-19",NA,"DLBC","Haematopoietic and Lymphoid","B-Cell Non-Hodgkin's Lymphoma","Diffuse Large B-Cell Lymphoma"
"SIDM00478","ACH-000544","1298359","OE21_OESOPHAGUS","CVCL_2661","OE21","JROECL21","ESCA","Esophagus","Esophageal Squamous Cell Carcinoma","Esophageal Squamous Cell Carcinoma"
"SIDM00477","ACH-000383","910549","OE33_OESOPHAGUS","CVCL_0471","OE33","JROECL33;OEC33","ESCA","Esophagus","Esophageal Carcinoma","Barrett s Adenocarcinoma"
"SIDM00457","ACH-000024","909249","OPM2_HAEMATOPOIETIC_AND_LYMPHOID_TISSUE","CVCL_1625","OPM-2",NA,"MM","Haematopoietic and Lymphoid","Plasma Cell Myeloma","Plasma Cell Myeloma"
"SIDM00475","ACH-000091","1480362","OV56_OVARY","CVCL_2673","OV-56",NA,"OV","Ovary","Ovarian Carcinoma","Ovarian Serous Adenocarcinoma"
"SIDM00474","ACH-000688","1480360","OV7_OVARY","CVCL_2675","OV-7",NA,"OV","Ovary","Ovarian Carcinoma","Ovarian Carcinoma"
"SIDM00466","ACH-000443","1240199","OVKATE_OVARY","CVCL_3110","OVKATE",NA,"OV","Ovary","Ovarian Carcinoma","High Grade Ovarian Serous Adenocarcinoma"
"SIDM00465","ACH-002183","1240200","OVMIU_OVARY","CVCL_3112","OVMIU",NA,"OV","Ovary","Ovarian Carcinoma","High Grade Ovarian Serous Adenocarcinoma"
"SIDM00463","ACH-000372","909251","P12ICHIKAWA_HAEMATOPOIETIC_AND_LYMPHOID_TISSUE","CVCL_1630","P12-ICHIKAWA",NA,"ALL","Haematopoietic and Lymphoid","T-Lymphoblastic Leukemia","Childhood T Acute Lymphoblastic Leukemia"
"SIDM00453","ACH-000023","1240201","PATU8988T_PANCREAS","CVCL_1847","PA-TU-8988T","PATU-T","PAAD","Pancreas","Pancreatic Carcinoma","Pancreatic Adenocarcinoma"
"SIDM00472","ACH-001630","1480372","PEO1_OVARY","CVCL_2686","PEO1","PE01","OV","Ovary","Ovarian Carcinoma","Ovarian Cystadenocarcinoma"
"SIDM00451","ACH-000937","909260","PF382_HAEMATOPOIETIC_AND_LYMPHOID_TISSUE","CVCL_1641","PF-382",NA,"ALL","Haematopoietic and Lymphoid","T-Lymphoblastic Leukemia","Childhood T Acute Lymphoblastic Leukemia"
"SIDM00450","ACH-000218","1330991","PL21_HAEMATOPOIETIC_AND_LYMPHOID_TISSUE","CVCL_2161","PL-21",NA,"LAML","Haematopoietic and Lymphoid","Acute Myeloid Leukemia","Acute Myeloid Leukemia"
"SIDM00467","ACH-002299","910545","QIMRWIL_HAEMATOPOIETIC_AND_LYMPHOID_TISSUE","CVCL_1645","QIMR-WIL",NA,"LAML","Haematopoietic and Lymphoid","Acute Myeloid Leukemia","Acute Myeloid Leukemia"
"SIDM00448","ACH-001638","1330995","RCK8_HAEMATOPOIETIC_AND_LYMPHOID_TISSUE","CVCL_1883","RC-K8",NA,"DLBC","Haematopoietic and Lymphoid","B-Cell Non-Hodgkin's Lymphoma","Diffuse Large B-Cell Lymphoma"
"SIDM00427","ACH-002194","971773","RH1_BONE","CVCL_1658","RH-1","SJRH-1","UNCLASSIFIED","Bone","Ewing's Sarcoma","Ewing's Sarcoma"
"SIDM00395","ACH-000099","753620","SIMA_AUTONOMIC_GANGLIA","CVCL_1695","SIMA",NA,"NB","Peripheral Nervous System","Neuroblastoma","Neuroblastoma"
"SIDM00390","ACH-000664","909742","SUDHL1_HAEMATOPOIETIC_AND_LYMPHOID_TISSUE","CVCL_0538","SU-DHL-1",NA,"UNCLASSIFIED","Haematopoietic and Lymphoid","T-Cell Non-Hodgkin's Lymphoma","Anaplastic Large Cell Lymphoma"
"SIDM00423","ACH-000656","1331038","SUDHL8_HAEMATOPOIETIC_AND_LYMPHOID_TISSUE","CVCL_2207","SU-DHL-8",NA,"DLBC","Haematopoietic and Lymphoid","B-Cell Non-Hodgkin's Lymphoma","Diffuse Large B-Cell Lymphoma"
"SIDM00419","ACH-000424","1240221","TC71_BONE","CVCL_2213","TC-71","GM11654","UNCLASSIFIED","Bone","Ewing's Sarcoma","Ewing's Sarcoma"
"SIDM00369","ACH-000647","753621","TE1_OESOPHAGUS","CVCL_1759","TE-1",NA,"ESCA","Esophagus","Esophageal Squamous Cell Carcinoma","Esophageal Squamous Cell Carcinoma"
"SIDM00484","ACH-001321","930299","TT_THYROID","CVCL_1774","TT","MTC-TT","THCA","Thyroid","Thyroid Gland Carcinoma","Hereditary Thyroid Gland Medullary Carcinoma"
"SIDM00416","ACH-001703","1331048","VAL_HAEMATOPOIETIC_AND_LYMPHOID_TISSUE","CVCL_1819","VAL",NA,"DLBC","Haematopoietic and Lymphoid","B-Cell Non-Hodgkin's Lymphoma","Diffuse Large B-Cell Lymphoma"
"SIDM00410","ACH-002317","946358","YT_HAEMATOPOIETIC_AND_LYMPHOID_TISSUE","CVCL_1797","YT",NA,"ALL","Haematopoietic and Lymphoid","Other Blood Cancers","Natural Killer Cell Lymphoblastic Leukemia or Lymphoma"
"SIDM00642","ACH-001591","688001","NCIH1417_LUNG","CVCL_1469","NCI-H1417",NA,"SCLC","Lung","Small Cell Lung Carcinoma","Small Cell Lung Carcinoma"
"SIDM00972",NA,NA,NA,"CVCL_5239","1205Lu",NA,NA,"Skin","Melanoma","Melanoma"
"SIDM00977",NA,NA,NA,"CVCL_L033","WM-165-1",NA,NA,"Skin","Melanoma","Melanoma"
"SIDM00692","ACH-001444",NA,"BEWO_PLACENTA","CVCL_0044","BeWo",NA,NA,"Placenta","Other Solid Cancers","Gestational Choriocarcinoma"
"SIDM00765",NA,NA,NA,"CVCL_A513","NCI-H1881",NA,NA,"Lung","Small Cell Lung Carcinoma","Small Cell Lung Carcinoma"
"SIDM00786","ACH-001084","998180","HCT8_LARGE_INTESTINE","CVCL_2478","HCT-8",NA,"COAD","Large Intestine","Colorectal Carcinoma","Colon Adenocarcinoma"
"SIDM00787","ACH-001061","910912","DLD1_LARGE_INTESTINE","CVCL_0248","DLD-1",NA,"COAD","Large Intestine","Colorectal Carcinoma","Colon Adenocarcinoma"
"SIDM00495","ACH-000697","910935","A3KAW_HAEMATOPOIETIC_AND_LYMPHOID_TISSUE","CVCL_1062","A3-KAW","A3/Kawakami","DLBC","Haematopoietic and Lymphoid","B-Cell Non-Hodgkin's Lymphoma","Diffuse Large B-Cell Lymphoma"
"SIDM00502","ACH-000157","910934","A4FUK_HAEMATOPOIETIC_AND_LYMPHOID_TISSUE","CVCL_1064","A4-Fuk","A4/Fukuda","DLBC","Haematopoietic and Lymphoid","B-Lymphoblastic Leukemia","Adult B Acute Lymphoblastic Leukemia"
"SIDM00494","ACH-000528","906791","ABC1_LUNG","CVCL_1066","ABC-1",NA,"LUAD","Lung","Non-Small Cell Lung Carcinoma","Lung Adenocarcinoma"
"SIDM00492","ACH-000269","910933","AM38_CENTRAL_NERVOUS_SYSTEM","CVCL_1070","AM-38",NA,"GBM","Central Nervous System","Glioblastoma","Glioblastoma"
"SIDM00501","ACH-001332","1240122","BICR78_UPPER_AERODIGESTIVE_TRACT","CVCL_2315","BICR78",NA,"HNSC","Head and Neck","Oral Cavity Carcinoma","Oral Cavity Squamous Cell Carcinoma"
"SIDM00515","ACH-000401","906813","COLO800_SKIN","CVCL_1135","COLO-800",NA,"SKCM","Skin","Melanoma","Melanoma"
"SIDM00513","ACH-000161","906805","CORL105_LUNG","CVCL_1138","COR-L105",NA,"LUAD","Lung","Non-Small Cell Lung Carcinoma","Lung Adenocarcinoma"
"SIDM00512","ACH-000662","687780","CORL23_LUNG","CVCL_1139","COR-L23","L23/P","UNCLASSIFIED","Lung","Non-Small Cell Lung Carcinoma","Large Cell Lung Carcinoma"
"SIDM00510","ACH-002095","1297438","CORL303_LUNG","CVCL_2411","COR-L303",NA,"SCLC","Lung","Small Cell Lung Carcinoma","Small Cell Lung Carcinoma"
"SIDM00507","ACH-001490","1322213","CORL321_PLEURA","CVCL_2414","COR-L321",NA,"UNCLASSIFIED","Lung","Other Solid Cancers","Lung Carcinoma"
"SIDM00508","ACH-001489","1322212","CORL32_LUNG","CVCL_2413","COR-L32",NA,"SCLC","Lung","Squamous Cell Lung Carcinoma","Squamous Cell Lung Carcinoma"
"SIDM00506","ACH-000508","906808","CORL88_LUNG","CVCL_1141","COR-L88",NA,"SCLC","Lung","Small Cell Lung Carcinoma","Small Cell Lung Carcinoma"
"SIDM00542","ACH-002227","946370","D392MG_CENTRAL_NERVOUS_SYSTEM","CVCL_1158","D-392MG",NA,"GBM","Central Nervous System","Glioblastoma","Glioblastoma"
"SIDM00522","ACH-000749","687985","DMS273_LUNG","CVCL_1176","DMS-273",NA,"SCLC","Lung","Small Cell Lung Carcinoma","Small Cell Lung Carcinoma"
"SIDM00523","ACH-000698","907295","DMS53_LUNG","CVCL_1177","DMS-53",NA,"SCLC","Lung","Small Cell Lung Carcinoma","Small Cell Lung Carcinoma"
"SIDM00540","ACH-002234","910936","DOK_UPPER_AERODIGESTIVE_TRACT","CVCL_1180","DOK",NA,"HNSC","Head and Neck","Oral Cavity Carcinoma","Oral Dysplasia"
"SIDM00503","ACH-000633","1290806","FU97_STOMACH","CVCL_2908","FU97",NA,"STAD","Stomach","Gastric Carcinoma","Gastric Adenocarcinoma"
"SIDM00543","ACH-002120","910932","GAK_SKIN","CVCL_1225","GAK",NA,"SKCM","Skin","Melanoma","Vulvar Melanoma"
"SIDM00544","ACH-001716","906875","GOTO_AUTONOMIC_GANGLIA","CVCL_1234","GOTO",NA,"NB","Peripheral Nervous System","Neuroblastoma","Neuroblastoma"
"SIDM00520","ACH-002134","1290814","H2818_PLEURA","CVCL_V000","NCI-H2818",NA,"MESO","Lung","Mesothelioma","Pleural Epithelioid Mesothelioma"
"SIDM00519","ACH-002135","1240138","H2869_PLEURA","CVCL_V001","NCI-H2869",NA,"MESO","Lung","Mesothelioma","Pleural Biphasic Mesothelioma"
"SIDM00518","ACH-002136","1240139",NA,"CVCL_A555","NCI-H290","H290: H-290;HUT-290","MESO","Lung","Mesothelioma","Malignant Pleural Mesothelioma"
"SIDM00517","ACH-002239","1240140",NA,"CVCL_A464","NCI-H3118",NA,"UNCLASSIFIED","Head and Neck","Head and Neck Carcinoma","Parotid Gland Mucoepidermoid Carcinoma"
"SIDM00496","ACH-001350","924151","HTCC3_THYROID","CVCL_1295","HTC-C3",NA,"THCA","Thyroid","Thyroid Gland Carcinoma","Anaplastic Thyroid Carcinoma"
"SIDM00533","ACH-000118","907285","HUPT3_PANCREAS","CVCL_1299","HuP-T3",NA,"PAAD","Pancreas","Pancreatic Carcinoma","Pancreatic Adenocarcinoma"
"SIDM00531","ACH-000213","907286","HUPT4_PANCREAS","CVCL_1300","HuP-T4",NA,"PAAD","Pancreas","Pancreatic Carcinoma","Pancreatic Adenocarcinoma"
"SIDM00556","ACH-000227","907314","KPNYN_AUTONOMIC_GANGLIA","CVCL_1341","KP-N-YN",NA,"NB","Peripheral Nervous System","Neuroblastoma","Neuroblastoma"
"SIDM00555","ACH-000631","907313","KS1_CENTRAL_NERVOUS_SYSTEM","CVCL_1343","KS-1",NA,"GBM","Central Nervous System","Glioblastoma","Glioblastoma"
"SIDM00554","ACH-000524","909975","KURAMOCHI_OVARY","CVCL_1345","KURAMOCHI",NA,"UNCLASSIFIED","Ovary","Ovarian Carcinoma","High Grade Ovarian Serous Adenocarcinoma"
"SIDM00553","ACH-002262","907300","KY821_HAEMATOPOIETIC_AND_LYMPHOID_TISSUE","CVCL_1346","KY821",NA,"LAML","Haematopoietic and Lymphoid","Acute Myeloid Leukemia","Acute Myelomonocytic Leukemia"
"SIDM00530","ACH-001544","1503368","KYAE1_OESOPHAGUS","CVCL_1825","KYAE-1",NA,"ESCA","Esophagus","Esophageal Carcinoma","Esophageal Adenocarcinoma"
"SIDM00552","ACH-000607","1240166","KYM1_SOFT_TISSUE","CVCL_3007","KYM-1",NA,"UNCLASSIFIED","Soft Tissue","Rhabdomyosarcoma","Alveolar Rhabdomyosarcoma"
"SIDM00551","ACH-002263","1240167","KYSE220_OESOPHAGUS","CVCL_1359","KYSE-220","KY-220","ESCA","Esophagus","Esophageal Squamous Cell Carcinoma","Esophageal Squamous Cell Carcinoma"
"SIDM00549","ACH-002267","907787","LC41_HAEMATOPOIETIC_AND_LYMPHOID_TISSUE","CVCL_1374","LC4-1",NA,"ALL","Haematopoietic and Lymphoid","B-Lymphoblastic Leukemia","Childhood B Acute Lymphoblastic Leukemia"
"SIDM00548","ACH-000769","687787","LK2_LUNG","CVCL_1377","LK-2",NA,"LUSC","Lung","Squamous Cell Lung Carcinoma","Squamous Cell Lung Carcinoma"
"SIDM00547","ACH-000438","724863","LU65_LUNG","CVCL_1392","LU-65","LU-65M;C-Lu65","UNCLASSIFIED","Lung","Non-Small Cell Lung Carcinoma","Giant Cell Lung Carcinoma"
"SIDM00529","ACH-000621","925338","MDAMB157_BREAST","CVCL_0618","MDA-MB-157","MDA-157","BRCA","Breast","Breast Carcinoma","Breast Carcinoma"
"SIDM00528","ACH-000934","908121","MDAMB361_BREAST","CVCL_0620","MDA-MB-361","MDA-361","BRCA","Breast","Breast Carcinoma","Breast Adenocarcinoma"
"SIDM00527","ACH-000935","1240173","MDST8_LARGE_INTESTINE","CVCL_2588","MDST8",NA,"COREAD","Large Intestine","Colorectal Carcinoma","Colon Carcinoma"
"SIDM00526","ACH-000072","908126","MEG01_HAEMATOPOIETIC_AND_LYMPHOID_TISSUE","CVCL_0425","MEG-01",NA,"LCML","Haematopoietic and Lymphoid","Chronic Myelogenous Leukemia","Chronic Myelogenous Leukemia"
"SIDM00525","ACH-000359","908131","MG63_BONE","CVCL_0426","MG-63",NA,"UNCLASSIFIED","Bone","Osteosarcoma","Osteosarcoma"
"SIDM00505","ACH-000601","724870","MIAPACA2_PANCREAS","CVCL_0428","MIA-PaCa-2",NA,"PAAD","Pancreas","Pancreatic Carcinoma","Pancreatic Ductal Adenocarcinoma"
"SIDM00561","ACH-002274","908142","MLMA_HAEMATOPOIETIC_AND_LYMPHOID_TISSUE","CVCL_1419","MLMA",NA,"UNCLASSIFIED","Haematopoietic and Lymphoid","Other Blood Cancers","Hairy Cell Leukemia"
"SIDM00532","ACH-001125","908144","MOGGCCM_CENTRAL_NERVOUS_SYSTEM","CVCL_2613","MOG-G-CCM","GO-G-CCM","LGG","Central Nervous System","Glioma","Anaplastic Astrocytoma"
"SIDM00562","ACH-002163","908151","MRKNU1_BREAST","CVCL_1428","MRK-nu-1",NA,"BRCA","Breast","Breast Carcinoma","Breast Carcinoma"
"SIDM00545","ACH-000987","908128","MEWO_SKIN","CVCL_0445","Mewo","Mevo;SK-MEL-MeWo;BI-Mel;EST50","SKCM","Skin","Melanoma","Melanoma"
"SIDM00701","ACH-002370",NA,"NCIBL2122_MATCHED_NORMAL_TISSUE","CVCL_2651","NCI-BL2122",NA,NA,"Haematopoietic and Lymphoid","Non-Cancerous","Non-Cancerous"
"SIDM00476","ACH-001373","1480361","OV17R_OVARY","CVCL_2672","OV-17R",NA,"OV","Ovary","Ovarian Carcinoma","Ovarian Adenocarcinoma"
"SIDM01185","ACH-002204","1503373","UCH2_BONE","CVCL_4989","U-CH2",NA,"CHDM","Bone","Other Solid Cancers","Sacral Chordoma"
"SIDM01014",NA,NA,NA,"CVCL_2087","JURL-MK2",NA,NA,"Haematopoietic and Lymphoid","Chronic Myelogenous Leukemia","Chronic Myelogenous Leukemia"
"SIDM00800","ACH-000014",NA,"HS294T_SKIN","CVCL_0331","Hs-294-T",NA,"MEL","Skin","Melanoma","Melanoma"
"SIDM00802",NA,NA,NA,"CVCL_7928","WM-164",NA,NA,"Skin","Melanoma","Melanoma"
"SIDM00805","ACH-001094",NA,"HTK_HAEMATOPOIETIC_AND_LYMPHOID_TISSUE","CVCL_2522","HTK-",NA,"OS","Bone","Osteosarcoma","Osteosarcoma"
"SIDM00811","ACH-000034",NA,"PLB985_HAEMATOPOIETIC_AND_LYMPHOID_TISSUE","CVCL_2162","PLB-985",NA,"AML","Haematopoietic and Lymphoid","Acute Myeloid Leukemia","Adult Acute Myeloid Leukemia"
"SIDM00822",NA,"910565",NA,"CVCL_1988","COLO-206F",NA,NA,"Large Intestine","Colorectal Carcinoma","Colon Adenocarcinoma"
"SIDM00824",NA,NA,NA,"CVCL_9977","COLO-200",NA,NA,"Large Intestine","Non-Cancerous","Non-Cancerous"
"SIDM00825",NA,NA,NA,"CVCL_9976","COLO-197",NA,NA,"Haematopoietic and Lymphoid","Non-Cancerous","Non-Cancerous"
"SIDM00827","ACH-001121","1330944","MEC2_HAEMATOPOIETIC_AND_LYMPHOID_TISSUE","CVCL_1871","MEC-2",NA,"CLLSLL","Haematopoietic and Lymphoid","Other Blood Cancers","Chronic Lymphocytic Leukemia"
"SIDM00830",NA,NA,NA,"CVCL_8437","PEAZ-1",NA,NA,"Soft Tissue","Other Solid Cancers","Fibrosarcoma"
"SIDM00838",NA,NA,NA,"CVCL_8375","NCOL-1",NA,NA,"Large Intestine","Colorectal Carcinoma","Colon Adenocarcinoma"
"SIDM00843",NA,NA,NA,"CVCL_8431","TDL-4",NA,NA,"Haematopoietic and Lymphoid","Burkitt's Lymphoma","Epstein-Barr Virus-Related Burkitt s Lymphoma"
"SIDM00851","ACH-000509","1327758","HUT78_HAEMATOPOIETIC_AND_LYMPHOID_TISSUE","CVCL_0337","HuT-78","NCI-H78","SS","Haematopoietic and Lymphoid","T-Cell Non-Hodgkin's Lymphoma","Mycosis Fungoides and Sezary Syndrome"
"SIDM00862","ACH-000877","906845","EB1_HAEMATOPOIETIC_AND_LYMPHOID_TISSUE","CVCL_2027","EB-1","Epstein-Barr-1","BL","Haematopoietic and Lymphoid","Burkitt's Lymphoma","Epstein-Barr Virus-Related Burkitt s Lymphoma"
"SIDM00880",NA,NA,NA,"CVCL_1253","HCC1428-BL",NA,NA,"Haematopoietic and Lymphoid","Non-Cancerous","Non-Cancerous"
"SIDM00894","ACH-000312","1331058","SKNBE2_AUTONOMIC_GANGLIA","CVCL_0528","SK-N-BE-2",NA,"NBL","Peripheral Nervous System","Neuroblastoma","Neuroblastoma"
"SIDM00897","ACH-000017","998199","SKBR3_BREAST","CVCL_0033","SK-BR-3",NA,"BRCA","Breast","Breast Carcinoma","Breast Adenocarcinoma"
"SIDM00904","ACH-000739","1298135","HEPG2_LIVER","CVCL_0027","Hep-G2",NA,"LIHB","Liver","Hepatocellular Carcinoma","Hepatoblastoma"
"SIDM00906","ACH-001335",NA,"C4II_CERVIX","CVCL_1095","C-4-II",NA,"CESC","Cervix","Cervical Carcinoma","Human Papilloma Virus-Related Cervical Squamous Cell Carcinoma"
"SIDM00911","ACH-001041",NA,"COLO699_LUNG","CVCL_1992","COLO-699",NA,"MEL","Lung","Other Solid Cancers","Lung Carcinoma"
"SIDM00912",NA,"1290774",NA,"CVCL_1992","COLO-699N",NA,NA,"Lung","Other Solid Cancers","Lung Carcinoma"
"SIDM00574","ACH-001605","908452","NO10_CENTRAL_NERVOUS_SYSTEM","CVCL_3075","no-10","Onda 10;Case 6","LGG","Central Nervous System","Glioblastoma","Glioblastoma"
"SIDM00757","ACH-000590","908478","NCIH2073_LUNG","CVCL_1521","NCI-H2073",NA,"LUAD","Lung","Non-Small Cell Lung Carcinoma","Lung Adenocarcinoma"
"SIDM00569","ACH-002178","910849","NY_BONE","CVCL_1613","NY",NA,"UNCLASSIFIED","Bone","Osteosarcoma","Osteosarcoma"
"SIDM00581","ACH-000738","687568","GB1_CENTRAL_NERVOUS_SYSTEM","CVCL_1227","GB-1",NA,"GBM","Central Nervous System","Glioblastoma","Glioblastoma"
"SIDM00521","ACH-000743","1297439","CORL95_LUNG","CVCL_2418","COR-L95",NA,"SCLC","Lung","Small Cell Lung Carcinoma","Small Cell Lung Carcinoma"
"SIDM00598","ACH-000843","1240142","HARA_LUNG","CVCL_2914","HARA","KCC-C1","LUSC","Lung","Squamous Cell Lung Carcinoma","Squamous Cell Lung Carcinoma"
"SIDM00591","ACH-002045","753561","HO1U1_UPPER_AERODIGESTIVE_TRACT","CVCL_2784","HO-1-u-1","Ueda-1","HNSC","Head and Neck","Oral Cavity Carcinoma","Oral Cavity Squamous Cell Carcinoma"
"SIDM00590","ACH-000472","753562","HSC2_UPPER_AERODIGESTIVE_TRACT","CVCL_1287","HSC-2",NA,"HNSC","Head and Neck","Oral Cavity Carcinoma","Oral Cavity Squamous Cell Carcinoma"
"SIDM00589","ACH-000778","907061","HSC3_UPPER_AERODIGESTIVE_TRACT","CVCL_1288","HSC-3",NA,"HNSC","Head and Neck","Oral Cavity Carcinoma","Tongue Squamous Cell Carcinoma"
"SIDM00587","ACH-000976","907069","HUCCT1_BILIARY_TRACT","CVCL_0324","HuCCT1",NA,"UNCLASSIFIED","Biliary Tract","Biliary Tract Carcinoma","Intrahepatic Cholangiocarcinoma"
"SIDM00585","ACH-000480","907071","HUH7_LIVER","CVCL_0336","HuH-7","JTC-39","LIHC","Liver","Hepatocellular Carcinoma","Hepatocellular Carcinoma"
"SIDM00584","ACH-002142","909977","HUO3N1_BONE","CVCL_1297","HuO-3N1",NA,"UNCLASSIFIED","Bone","Osteosarcoma","Osteosarcoma"
"SIDM00599","ACH-001526","907072","HUO9_BONE","CVCL_1298","HuO9","Hu09","UNCLASSIFIED","Bone","Osteosarcoma","Osteosarcoma"
"SIDM00600","ACH-001528","1240154","IHH4_THYROID","CVCL_2960","IHH-4",NA,"THCA","Thyroid","Thyroid Gland Carcinoma","Papillary Thyroid Carcinoma"
"SIDM00617","ACH-000577","1240157","JHH2_LIVER","CVCL_2786","JHH-2",NA,"LIHC","Liver","Hepatocellular Carcinoma","Hepatocellular Carcinoma"
"SIDM00616","ACH-000476","1240158","JHH4_LIVER","CVCL_2787","JHH-4",NA,"LIHC","Liver","Hepatocellular Carcinoma","Hepatocellular Carcinoma"
"SIDM00615","ACH-000217","1240159","JHH6_LIVER","CVCL_2788","JHH-6",NA,"LIHC","Liver","Hepatocellular Carcinoma","Hepatocellular Carcinoma"
"SIDM00612","ACH-002257","907279","KINGS1_CENTRAL_NERVOUS_SYSTEM","CVCL_1328","KINGS-1",NA,"LGG","Central Nervous System","Glioma","Anaplastic Astrocytoma"
"SIDM00611","ACH-000684","1298168","KMRC1_KIDNEY","CVCL_2983","KMRC-1",NA,"KIRC","Kidney","Kidney Carcinoma","Clear Cell Renal Cell Carcinoma"
"SIDM00609","ACH-000250","1298169","KMRC20_KIDNEY","CVCL_2986","KMRC-20",NA,"KIRC","Kidney","Kidney Carcinoma","Clear Cell Renal Cell Carcinoma"
"SIDM00607","ACH-000622","907282","KNS42_CENTRAL_NERVOUS_SYSTEM","CVCL_0378","KNS-42",NA,"LGG","Central Nervous System","Glioblastoma","Glioblastoma"
"SIDM00606","ACH-000858","753569","KNS62_LUNG","CVCL_1335","KNS-62",NA,"LUSC","Lung","Squamous Cell Lung Carcinoma","Squamous Cell Lung Carcinoma"
"SIDM00604","ACH-001542","1298215","KON_UPPER_AERODIGESTIVE_TRACT","CVCL_3001","KON",NA,"HNSC","Head and Neck","Oral Cavity Carcinoma","Oral Cavity Squamous Cell Carcinoma"
"SIDM01250",NA,NA,NA,"CVCL_3497","CEMC2",NA,NA,"Haematopoietic and Lymphoid","T-Lymphoblastic Leukemia","Childhood T Acute Lymphoblastic Leukemia"
"SIDM00583","ACH-001107","1298216","KP1N_PANCREAS","CVCL_3002","KP-1N",NA,"PAAD","Pancreas","Pancreatic Carcinoma","Pancreatic Ductal Adenocarcinoma"
"SIDM00571","ACH-000108","1298219","KP3_PANCREAS","CVCL_3005","KP-3",NA,"UNCLASSIFIED","Pancreas","Pancreatic Carcinoma","Pancreatic Adenosquamous Carcinoma"
"SIDM00579","ACH-002277","1240181","NBTU110_AUTONOMIC_GANGLIA","CVCL_3041","NB(TU)1-10",NA,"NB","Peripheral Nervous System","Neuroblastoma","Neuroblastoma"
"SIDM00752","ACH-002365",NA,"NCIBL1770_MATCHED_NORMAL_TISSUE","CVCL_2644","NCI-BL1770",NA,NA,"Haematopoietic and Lymphoid","Non-Cancerous","Non-Cancerous"
"SIDM00577","ACH-001603","908447","NH12_AUTONOMIC_GANGLIA","CVCL_1605","NH-12",NA,"NB","Peripheral Nervous System","Neuroblastoma","Neuroblastoma"
"SIDM00576","ACH-002290","908448","NKM1_HAEMATOPOIETIC_AND_LYMPHOID_TISSUE","CVCL_1607","NKM-1",NA,"LAML","Haematopoietic and Lymphoid","Acute Myeloid Leukemia","Adult Acute Myeloid Leukemia"
"SIDM00575","ACH-000200","908449","NMCG1_CENTRAL_NERVOUS_SYSTEM","CVCL_1608","NMC-G1",NA,"LGG","Central Nervous System","Glioma","Astrocytoma"
"SIDM00580","ACH-000168","908451","NOMO1_HAEMATOPOIETIC_AND_LYMPHOID_TISSUE","CVCL_1609","NOMO-1",NA,"LAML","Haematopoietic and Lymphoid","Acute Myeloid Leukemia","Adult Acute Monocytic Leukemia"
"SIDM00570","ACH-000674","1298357","NUGC4_STOMACH","CVCL_3082","NUGC-4",NA,"STAD","Stomach","Gastric Carcinoma","Signet Ring Cell Gastric Adenocarcinoma"
"SIDM00567","ACH-000776","909248","ONS76_CENTRAL_NERVOUS_SYSTEM","CVCL_1624","ONS-76",NA,"MB","Central Nervous System","Other Solid Cancers","Medulloblastoma"
"SIDM00566","ACH-001625","1298362","OSC19_UPPER_AERODIGESTIVE_TRACT","CVCL_3086","OSC-19",NA,"HNSC","Head and Neck","Oral Cavity Carcinoma","Tongue Squamous Cell Carcinoma"
"SIDM00565","ACH-001626","1240196","OSC20_UPPER_AERODIGESTIVE_TRACT","CVCL_3087","OSC-20",NA,"HNSC","Head and Neck","Oral Cavity Carcinoma","Oral Cavity Squamous Cell Carcinoma"
"SIDM00564","ACH-000527","1240198","OVISE_OVARY","CVCL_3116","OVISE",NA,"OV","Ovary","Ovarian Carcinoma","Ovarian Clear Cell Adenocarcinoma"
"SIDM00586","ACH-000475","1298146","HUH1_LIVER","CVCL_2956","huH-1",NA,"LIHC","Liver","Hepatocellular Carcinoma","Hepatocellular Carcinoma"
"SIDM00573","ACH-001606","908450","NO11_CENTRAL_NERVOUS_SYSTEM","CVCL_3076","no-11","Onda 11;Case 3","LGG","Central Nervous System","Glioblastoma","Glioblastoma"
"SIDM01115","ACH-001171","725721","PL45_PANCREAS","CVCL_3567","PL45",NA,"PAAD","Pancreas","Pancreatic Carcinoma","Pancreatic Ductal Adenocarcinoma"
"SIDM00653","ACH-000514","687997","NCIH1092_LUNG","CVCL_1454","NCI-H1092",NA,"SCLC","Lung","Small Cell Lung Carcinoma","Small Cell Lung Carcinoma"
"SIDM00881","ACH-000352","1290905","HCC1428_BREAST","CVCL_1252","HCC1428",NA,"BRCA","Breast","Breast Carcinoma","Breast Adenocarcinoma"
"SIDM00622","ACH-002224","946367","D247MG_CENTRAL_NERVOUS_SYSTEM","CVCL_1153","D-247MG",NA,"GBM","Central Nervous System","Glioblastoma","Gliosarcoma"
"SIDM00620","ACH-002226","946369","D336MG_CENTRAL_NERVOUS_SYSTEM","CVCL_1156","D-336MG",NA,"LGG","Central Nervous System","Glioblastoma","Glioblastoma"
"SIDM00621","ACH-002113","949166","EW13_BONE","CVCL_1211","EW-13","IARC-EW13","UNCLASSIFIED","Bone","Ewing's Sarcoma","Ewing's Sarcoma"
"SIDM00858","ACH-000082","1290807","G292CLONEA141B1_BONE","CVCL_2909","G-292-Clone-A141B1",NA,"UNCLASSIFIED","Bone","Osteosarcoma","Osteosarcoma"
"SIDM00871","ACH-002384",NA,"HCC1954_MATCHED_NORMAL_TISSUE","CVCL_1260","HCC1954-BL",NA,NA,"Haematopoietic and Lymphoid","Non-Cancerous","Non-Cancerous"
"SIDM00675","ACH-000276","749717","HCC38_BREAST","CVCL_1267","HCC38","HCC0038","BRCA","Breast","Breast Carcinoma","Ductal Breast Carcinoma"
"SIDM00673","ACH-000668","907048","HCC70_BREAST","CVCL_1270","HCC70","HCC0070","BRCA","Breast","Breast Carcinoma","Ductal Breast Carcinoma"
"SIDM00671","ACH-000061","907056","HH_HAEMATOPOIETIC_AND_LYMPHOID_TISSUE","CVCL_1280","HH",NA,"UNCLASSIFIED","Haematopoietic and Lymphoid","T-Cell Non-Hodgkin's Lymphoma","Cutaneous T-Cell Lymphoma"
"SIDM00670","ACH-000270","1298136","HPAC_PANCREAS","CVCL_3517","HPAC",NA,"PAAD","Pancreas","Pancreatic Carcinoma","Pancreatic Adenocarcinoma"
"SIDM00669","ACH-000094","724869","HPAFII_PANCREAS","CVCL_0313","HPAF-II","HPAF-2;HPAF/CD18;CD18/HPAF;HPAF-II/CD18","PAAD","Pancreas","Pancreatic Carcinoma","Pancreatic Ductal Adenocarcinoma"
"SIDM00676","ACH-000547","907065","HT1197_URINARY_TRACT","CVCL_1291","HT-1197","HT 1197.T","BLCA","Bladder","Bladder Carcinoma","Bladder Carcinoma"
"SIDM00678","ACH-000724","907066","HT1376_URINARY_TRACT","CVCL_1292","HT-1376","HT 1376.T","BLCA","Bladder","Bladder Carcinoma","Bladder Carcinoma"
"SIDM00667","ACH-002246","1240149","HS633T_SOFT_TISSUE","CVCL_0832","Hs-633T","MBA/8387;MB 8387;Line 8387;HS 8387","UNCLASSIFIED","Soft Tissue","Other Sarcomas","Fibrosarcoma"
"SIDM00666","ACH-000067","1240150","HS683_CENTRAL_NERVOUS_SYSTEM","CVCL_0844","Hs-683","Hs 683.T","LGG","Central Nervous System","Glioma","Oligodendroglioma"
"SIDM00665","ACH-000616","1240151","HS746T_STOMACH","CVCL_0333","Hs-746T",NA,"STAD","Stomach","Gastric Carcinoma","Gastric Adenocarcinoma"
"SIDM00688","ACH-002253","1327769","JSC1_HAEMATOPOIETIC_AND_LYMPHOID_TISSUE","CVCL_3728","JSC-1",NA,"DLBC","Haematopoietic and Lymphoid","B-Cell Non-Hodgkin's Lymphoma","Primary Effusion Lymphoma"
"SIDM00619","ACH-002397","1298167",NA,"CVCL_S641","KMH-2",NA,"THCA","Thyroid","Thyroid Gland Carcinoma","Anaplastic Thyroid Carcinoma"
"SIDM00681","ACH-000252","917486","LS1034_LARGE_INTESTINE","CVCL_1382","LS1034",NA,"COREAD","Large Intestine","Colorectal Carcinoma","Cecum Adenocarcinoma"
"SIDM00677","ACH-000007","907795","LS513_LARGE_INTESTINE","CVCL_1386","LS-513",NA,"COREAD","Large Intestine","Colorectal Carcinoma","Cecum Adenocarcinoma"
"SIDM00659","ACH-001118","949094","M059J_CENTRAL_NERVOUS_SYSTEM","CVCL_0400","M059J","Mo 59J","GBM","Central Nervous System","Glioblastoma","Glioblastoma"
"SIDM00637","ACH-000583","907799","MC116_HAEMATOPOIETIC_AND_LYMPHOID_TISSUE","CVCL_1399","MC116",NA,"DLBC","Haematopoietic and Lymphoid","B-Cell Non-Hodgkin's Lymphoma","B-Cell Non-Hodgkin's Lymphoma"
"SIDM00631","ACH-001358","1330941","MDAMB330_BREAST","CVCL_0619","MDA-MB-330","MDA-330","BRCA","Breast","Breast Carcinoma","Breast Carcinoma"
"SIDM00628","ACH-000849","908123","MDAMB468_BREAST","CVCL_0419","MDA-MB-468","MDA-468","BRCA","Breast","Breast Carcinoma","Breast Adenocarcinoma"
"SIDM00627","ACH-001359","687514","ME180_CERVIX","CVCL_1401","ME-180",NA,"CESC","Cervix","Cervical Carcinoma","Human Papilloma Virus-Related Cervical Squamous Cell Carcinoma"
"SIDM00625","ACH-000449","908127","MESSA_SOFT_TISSUE","CVCL_1404","MES-SA",NA,"UNCLASSIFIED","Uterus","Other Sarcomas","Uterine Corpus Sarcoma"
"SIDM00638","ACH-001360","1240179","MS751_CERVIX","CVCL_4996","MS751",NA,"CESC","Cervix","Cervical Carcinoma","Human Papilloma Virus-Related Cervical Squamous Cell Carcinoma"
"SIDM00640","ACH-000335","908152","MSTO211H_PLEURA","CVCL_1430","MSTO-211H",NA,"MESO","Lung","Mesothelioma","Pleural Biphasic Mesothelioma"
"SIDM00657","ACH-000045","908156","MV411_HAEMATOPOIETIC_AND_LYMPHOID_TISSUE","CVCL_0064","MV-4-11","MV4II","UNCLASSIFIED","Haematopoietic and Lymphoid","Acute Myeloid Leukemia","Childhood Acute Differentiated Monocytic Leukemia"
"SIDM00623","ACH-002339","908149","MOT_HAEMATOPOIETIC_AND_LYMPHOID_TISSUE","CVCL_1439","Mo-T",NA,"UNCLASSIFIED","Haematopoietic and Lymphoid","Other Blood Cancers","Hairy Cell Leukemia"
"SIDM00578","ACH-000804","949179","NB1_AUTONOMIC_GANGLIA","CVCL_1440","NB1","NB-I","NB","Peripheral Nervous System","Neuroblastoma","Neuroblastoma"
"SIDM00652","ACH-000780","908468","NCIH1105_LUNG","CVCL_1455","NCI-H1105",NA,"SCLC","Lung","Small Cell Lung Carcinoma","Small Cell Lung Carcinoma"
"SIDM00651","ACH-000980","908467","NCIH1155_LUNG","CVCL_1456","NCI-H1155","NCI-1155","UNCLASSIFIED","Lung","Non-Small Cell Lung Carcinoma","Large Cell Lung Carcinoma"
"SIDM00650","ACH-002286","753597","NCIH128_LUNG","CVCL_1460","NCI-H128","NCI-128","SCLC","Lung","Small Cell Lung Carcinoma","Small Cell Lung Carcinoma"
"SIDM00649","ACH-000510","724831","NCIH1299_LUNG","CVCL_0060","NCI-H1299",NA,"UNCLASSIFIED","Lung","Non-Small Cell Lung Carcinoma","Large Cell Lung Carcinoma"
"SIDM00648","ACH-002169","753599","NCIH1304_LUNG","CVCL_1462","NCI-H1304",NA,"SCLC","Lung","Small Cell Lung Carcinoma","Small Cell Lung Carcinoma"
"SIDM00645","ACH-000666","724866","NCIH1355_LUNG","CVCL_1464","NCI-H1355",NA,"LUAD","Lung","Non-Small Cell Lung Carcinoma","Lung Adenocarcinoma"
"SIDM00658","ACH-000852","1298347","NCIH1435_LUNG","CVCL_1470","NCI-H1435",NA,"LUAD","Lung","Non-Small Cell Lung Carcinoma","Lung Adenocarcinoma"
"SIDM00698","ACH-000506","910899","NCIH146_LUNG","CVCL_1473","NCI-H146",NA,"SCLC","Lung","Small Cell Lung Carcinoma","Small Cell Lung Carcinoma"
"SIDM00744","ACH-000893","910900","NCIH1651_LUNG","CVCL_1484","NCI-H1651",NA,"LUAD","Lung","Non-Small Cell Lung Carcinoma","Lung Adenocarcinoma"
"SIDM00742","ACH-000021","687802","NCIH1693_LUNG","CVCL_1488","NCI-H1693",NA,"LUAD","Lung","Non-Small Cell Lung Carcinoma","Lung Adenocarcinoma"
"SIDM00740","ACH-000747","908474","NCIH1703_LUNG","CVCL_1490","NCI-H1703",NA,"UNCLASSIFIED","Lung","Squamous Cell Lung Carcinoma","Squamous Cell Lung Carcinoma"
"SIDM00735","ACH-000298","688011","NCIH2029_LUNG","CVCL_1516","NCI-H2029",NA,"SCLC","Lung","Small Cell Lung Carcinoma","Small Cell Lung Carcinoma"
"SIDM00711","ACH-000727","1330973","NCIH2066_LUNG","CVCL_1520","NCI-H2066",NA,"SCLC","Lung","Squamous Cell Lung Carcinoma","Squamous Cell Lung Carcinoma"
"SIDM00709","ACH-000451","687812","NCIH2085_LUNG","CVCL_1523","NCI-H2085",NA,"LUAD","Lung","Non-Small Cell Lung Carcinoma","Lung Adenocarcinoma"
"SIDM00699","ACH-001138","688014","NCIH2141_LUNG","CVCL_1534","NCI-H2141",NA,"SCLC","Lung","Small Cell Lung Carcinoma","Small Cell Lung Carcinoma"
"SIDM00731","ACH-000399","908481","NCIH2196_LUNG","CVCL_1539","NCI-H2196",NA,"SCLC","Lung","Small Cell Lung Carcinoma","Small Cell Lung Carcinoma"
"SIDM00729","ACH-000447","687816","NCIH2228_LUNG","CVCL_1543","NCI-H2228",NA,"LUAD","Lung","Non-Small Cell Lung Carcinoma","Lung Adenocarcinoma"
"SIDM00728","ACH-000718","724874","NCIH2291_LUNG","CVCL_1546","NCI-H2291",NA,"LUAD","Lung","Non-Small Cell Lung Carcinoma","Lung Adenocarcinoma"
"SIDM01070","ACH-000840","1240144","HCC366_LUNG","CVCL_2059","HCC-366","HCC0366","UNCLASSIFIED","Lung","Non-Small Cell Lung Carcinoma","Adenosquamous Lung Carcinoma"
"SIDM00686","ACH-000293","924187","KLE_ENDOMETRIUM","CVCL_1329","KLE",NA,"UCEC","Endometrium","Endometrial Carcinoma","Endometrial Adenocarcinoma"
"SIDM00908","ACH-002380",NA,"COLO829_MATCHED_NORMAL_TISSUE","CVCL_1999","COLO-829BL",NA,NA,"Haematopoietic and Lymphoid","Non-Cancerous","Non-Cancerous"
"SIDM01166","ACH-001011",NA,"ACCS_URINARY_TRACT","CVCL_6876","ACCS",NA,NA,"Bladder","Bladder Carcinoma","Bladder Carcinoma"
"SIDM00766","ACH-000586","1330972","NCIH1876_LUNG","CVCL_1503","NCI-H1876",NA,"SCLC","Lung","Small Cell Lung Carcinoma","Small Cell Lung Carcinoma"
"SIDM01035","ACH-001103","753568","KMS12PE_HAEMATOPOIETIC_AND_LYMPHOID_TISSUE","CVCL_1333","KMS-12-PE",NA,NA,"Haematopoietic and Lymphoid","Plasma Cell Myeloma","Plasma Cell Myeloma"
"SIDM01046",NA,NA,NA,"CVCL_2033","EM-3",NA,NA,"Haematopoietic and Lymphoid","Chronic Myelogenous Leukemia","Chronic Myelogenous Leukemia"
"SIDM01022","ACH-001129","1330955","MONOMAC1_HAEMATOPOIETIC_AND_LYMPHOID_TISSUE","CVCL_1425","MONO-MAC-1","MM1","AMOL","Haematopoietic and Lymphoid","Acute Myeloid Leukemia","Adult Acute Monocytic Leukemia"
"SIDM01091",NA,NA,NA,"CVCL_3580","RF-1",NA,NA,"Haematopoietic and Lymphoid","B-Cell Non-Hodgkin's Lymphoma","Lymphoma"
"SIDM01053",NA,"1290799",NA,"CVCL_1814","EFM-192C",NA,NA,"Breast","Breast Carcinoma","Breast Carcinoma"
"SIDM01054",NA,"1240126",NA,"CVCL_1813","EFM-192B",NA,NA,"Breast","Breast Carcinoma","Breast Carcinoma"
"SIDM01075",NA,NA,NA,"CVCL_3809","WIL2-S",NA,NA,"Haematopoietic and Lymphoid","Non-Cancerous","Hereditary Spherocytosis"
"SIDM01094","ACH-001636",NA,"RAMOS_HAEMATOPOIETIC_AND_LYMPHOID_TISSUE","CVCL_0597","Ramos",NA,"BL","Haematopoietic and Lymphoid","Burkitt's Lymphoma","Burkitt's Lymphoma"
"SIDM00734","ACH-000589","687794","NCIH1437_LUNG","CVCL_1472","NCI-H1437",NA,"LUAD","Lung","Non-Small Cell Lung Carcinoma","Lung Adenocarcinoma"
"SIDM00809","ACH-001385","909700","RPMI2650_SKIN","CVCL_1664","RPMI-2650",NA,"HNSC","Head and Neck","Head and Neck Carcinoma","Head and Neck Squamous Cell Carcinoma"
"SIDM01295",NA,NA,NA,NA,"HCM-SANG-0315-C25","WTSI-PANC_014",NA,"Pancreas","Pancreatic Carcinoma","Pancreatic Adenocarcinoma"
"SIDM00121","ACH-001738","905952","CCRFCEM_HAEMATOPOIETIC_AND_LYMPHOID_TISSUE","CVCL_0207","CCRF-CEM","CEM-CCRF;CEM-CCRF (CAMR);CCRF/CEM/0;CCRF-CEM/S;GM03671","ALL","Haematopoietic and Lymphoid","T-Lymphoblastic Leukemia","Childhood T Acute Lymphoblastic Leukemia"
"SIDM00732","ACH-002225","946368","D263MG_CENTRAL_NERVOUS_SYSTEM","CVCL_1154","D-263MG",NA,"GBM","Central Nervous System","Glioblastoma","Glioblastoma"
"SIDM00882","ACH-000277","907045","HCC1419_BREAST","CVCL_1251","HCC1419",NA,"BRCA","Breast","Breast Carcinoma","Ductal Breast Carcinoma"
"SIDM00806","ACH-000613","907060","HOS_BONE","CVCL_0312","HOS",NA,"UNCLASSIFIED","Bone","Osteosarcoma","Osteosarcoma"
"SIDM00695","ACH-000322","907067","HT144_SKIN","CVCL_0318","HT-144","HT144-mel","SKCM","Skin","Melanoma","Melanoma"
"SIDM00679","ACH-001525","907068","HT3_CERVIX","CVCL_1293","HT-3",NA,"CESC","Cervix","Cervical Carcinoma","Cervical Carcinoma"
"SIDM00694","ACH-000538","907073","HUTU80_SMALL_INTESTINE","CVCL_1301","HuTu-80",NA,"UNCLASSIFIED","Small Intestine","Other Solid Cancers","Duodenal Adenocarcinoma"
"SIDM00693","ACH-000396","753566","J82_URINARY_TRACT","CVCL_0359","J82","J82COT","BLCA","Bladder","Bladder Carcinoma","Bladder Carcinoma"
"SIDM00689","ACH-000151","1327768","JM1_HAEMATOPOIETIC_AND_LYMPHOID_TISSUE","CVCL_3532","JM1",NA,"DLBC","Haematopoietic and Lymphoid","B-Lymphoblastic Leukemia","B Acute Lymphoblastic Leukemia"
"SIDM00685","ACH-000819","1240168","LN18_CENTRAL_NERVOUS_SYSTEM","CVCL_0392","LN-18","LN018","GBM","Central Nervous System","Glioblastoma","Glioblastoma"
"SIDM00630","ACH-000876","924240","MDAMB415_BREAST","CVCL_0621","MDA-MB-415","MDA-415","BRCA","Breast","Breast Carcinoma","Breast Adenocarcinoma"
"SIDM00750","ACH-000869","1298348","NCIH1568_LUNG","CVCL_1476","NCI-H1568",NA,"LUAD","Lung","Non-Small Cell Lung Carcinoma","Lung Adenocarcinoma"
"SIDM00749","ACH-000916","908472","NCIH1573_LUNG","CVCL_1478","NCI-H1573",NA,"LUAD","Lung","Non-Small Cell Lung Carcinoma","Lung Adenocarcinoma"
"SIDM00748","ACH-000015","908471","NCIH1581_LUNG","CVCL_1479","NCI-H1581",NA,"UNCLASSIFIED","Lung","Non-Small Cell Lung Carcinoma","Large Cell Lung Carcinoma"
"SIDM00747","ACH-000744","687798","NCIH1623_LUNG","CVCL_1481","NCI-H1623",NA,"LUAD","Lung","Non-Small Cell Lung Carcinoma","Lung Adenocarcinoma"
"SIDM00746","ACH-000766","687799","NCIH1648_LUNG","CVCL_1482","NCI-H1648",NA,"LUAD","Lung","Non-Small Cell Lung Carcinoma","Lung Adenocarcinoma"
"SIDM00745","ACH-000035","687800","NCIH1650_LUNG","CVCL_1483","NCI-H1650","H1650_CO","LUAD","Lung","Non-Small Cell Lung Carcinoma","Bronchiolo-Alveolar Lung Carcinoma"
"SIDM00743","ACH-000448","908473","NCIH1666_LUNG","CVCL_1485","NCI-H1666","H1666_DA","LUAD","Lung","Non-Small Cell Lung Carcinoma","Bronchiolo-Alveolar Lung Carcinoma"
"SIDM00792","ACH-002170","1298349","NCIH1688_LUNG","CVCL_1487","NCI-H1688",NA,"SCLC","Lung","Small Cell Lung Carcinoma","Small Cell Lung Carcinoma"
"SIDM00741","ACH-000431","688006","NCIH1694_LUNG","CVCL_1489","NCI-H1694",NA,"SCLC","Lung","Small Cell Lung Carcinoma","Small Cell Lung Carcinoma"
"SIDM00739","ACH-000675","722058","NCIH1734_LUNG","CVCL_1491","NCI-H1734",NA,"LUAD","Lung","Non-Small Cell Lung Carcinoma","Lung Adenocarcinoma"
"SIDM00738","ACH-000282","908475","NCIH1755_LUNG","CVCL_1492","NCI-H1755",NA,"LUAD","Lung","Non-Small Cell Lung Carcinoma","Lung Adenocarcinoma"
"SIDM00768","ACH-000894","1240183","NCIH1869_LUNG","CVCL_1500","NCI-H1869",NA,"LUSC","Lung","Non-Small Cell Lung Carcinoma","Non-Small Cell Lung Carcinoma"
"SIDM00767","ACH-001136","688007","NCIH187_LUNG","CVCL_1501","NCI-H187",NA,"SCLC","Lung","Small Cell Lung Carcinoma","Small Cell Lung Carcinoma"
"SIDM00715","ACH-000521","722045","NCIH2030_LUNG","CVCL_1517","NCI-H2030",NA,"LUAD","Lung","Non-Small Cell Lung Carcinoma","Lung Adenocarcinoma"
"SIDM00710","ACH-000394","908480","NCIH2081_LUNG","CVCL_1522","NCI-H2081",NA,"SCLC","Lung","Small Cell Lung Carcinoma","Small Cell Lung Carcinoma"
"SIDM00708","ACH-000841","724834","NCIH2087_LUNG","CVCL_1524","NCI-H2087",NA,"LUAD","Lung","Non-Small Cell Lung Carcinoma","Lung Adenocarcinoma"
"SIDM00706","ACH-000290","688013","NCIH209_LUNG","CVCL_1525","NCI-H209",NA,"SCLC","Lung","Small Cell Lung Carcinoma","Small Cell Lung Carcinoma"
"SIDM00704","ACH-000639","1240189","NCIH211_LUNG","CVCL_1529","NCI-H211",NA,"SCLC","Lung","Small Cell Lung Carcinoma","Small Cell Lung Carcinoma"
"SIDM00716","ACH-000481","687815","NCIH2170_LUNG","CVCL_1535","NCI-H2170",NA,"LUSC","Lung","Squamous Cell Lung Carcinoma","Squamous Cell Lung Carcinoma"
"SIDM00733","ACH-000525","688015","NCIH2171_LUNG","CVCL_1536","NCI-H2171",NA,"SCLC","Lung","Small Cell Lung Carcinoma","Small Cell Lung Carcinoma"
"SIDM00730","ACH-000610","688018","NCIH2227_LUNG","CVCL_1542","NCI-H2227",NA,"SCLC","Lung","Small Cell Lung Carcinoma","Small Cell Lung Carcinoma"
"SIDM00727","ACH-000951","687819","NCIH2342_LUNG","CVCL_1549","NCI-H2342",NA,"LUAD","Lung","Non-Small Cell Lung Carcinoma","Lung Adenocarcinoma"
"SIDM00726","ACH-000875","687820","NCIH2347_LUNG","CVCL_1550","NCI-H2347",NA,"LUAD","Lung","Non-Small Cell Lung Carcinoma","Lung Adenocarcinoma"
"SIDM00723","ACH-000186","1298356","NCIH2444_LUNG","CVCL_1552","NCI-H2444",NA,"UNCLASSIFIED","Lung","Non-Small Cell Lung Carcinoma","Non-Small Cell Lung Carcinoma"
"SIDM00722","ACH-000092","908462","NCIH2452_PLEURA","CVCL_1553","NCI-H2452",NA,"MESO","Lung","Mesothelioma","Pleural Biphasic Mesothelioma"
"SIDM00814","ACH-001401","909744","SW13_ADRENAL_CORTEX","CVCL_0542","SW13","Scott and White No. 13","ACC","Adrenal Gland","Other Solid Cancers","Adrenal Cortex Carcinoma"
"SIDM00782","ACH-000381","909761","T84_LARGE_INTESTINE","CVCL_0555","T84",NA,"COREAD","Large Intestine","Colorectal Carcinoma","Colon Adenocarcinoma"
"SIDM01208",NA,NA,NA,"CVCL_1906","HEp-2",NA,NA,"Cervix","Cervical Carcinoma","Cervical Adenocarcinoma"
"SIDM01213",NA,NA,NA,"CVCL_3318","HX",NA,NA,"Soft Tissue","Other Sarcomas","Fibrosarcoma"
"SIDM01142","ACH-001672",NA,"TERA2_SOFT_TISSUE","CVCL_2777","Tera-2",NA,NA,"Testis","Other Solid Cancers","Testicular Embryonal Carcinoma"
"SIDM01143",NA,NA,NA,"CVCL_2142","NK-92",NA,NA,"Haematopoietic and Lymphoid","Other Blood Cancers","Natural Killer Cell Lymphoblastic Leukemia or Lymphoma"
"SIDM01152",NA,NA,NA,"CVCL_3153","RERF-LC-MA",NA,NA,"Lung","Squamous Cell Lung Carcinoma","Squamous Cell Lung Carcinoma"
"SIDM01153","ACH-001044",NA,"COLO818_SKIN","CVCL_1998","COLO-818",NA,"SKCM","Skin","Melanoma","Melanoma"
"SIDM00807","ACH-000905","687452","5637_URINARY_TRACT","CVCL_0126","5637",NA,"BLCA","Bladder","Bladder Carcinoma","Bladder Carcinoma"
"SIDM00801","ACH-000008","910921","A101D_SKIN","CVCL_1057","A101D",NA,"SKCM","Skin","Melanoma","Melanoma"
"SIDM00798","ACH-000201","910784","A204_SOFT_TISSUE","CVCL_1058","A204",NA,"UNCLASSIFIED","Soft Tissue","Rhabdomyosarcoma","Embryonal Rhabdomyosarcoma"
"SIDM00797","ACH-000788","906792","A2058_SKIN","CVCL_1059","A2058",NA,"SKCM","Skin","Melanoma","Amelanotic Melanoma"
"SIDM00796","ACH-000740","906794","A253_SALIVARY_GLAND","CVCL_1060","A253",NA,"UNCLASSIFIED","Head and Neck","Head and Neck Carcinoma","Salivary Gland Squamous Cell Carcinoma"
"SIDM00794","ACH-001442","910697","A388_SKIN","CVCL_1063","A388",NA,"UNCLASSIFIED","Skin","Other Solid Cancers","Skin Squamous Cell Carcinoma"
"SIDM00810","ACH-000757","910851","A427_LUNG","CVCL_1055","A427",NA,"UNCLASSIFIED","Lung","Non-Small Cell Lung Carcinoma","Lung Adenocarcinoma"
"SIDM00895","ACH-002215","910918","BC3_HAEMATOPOIETIC_AND_LYMPHOID_TISSUE","CVCL_1080","BC-3",NA,"DLBC","Haematopoietic and Lymphoid","B-Cell Non-Hodgkin's Lymphoma","Primary Effusion Lymphoma"
"SIDM00893","ACH-000536","906801","BT20_BREAST","CVCL_0178","BT-20",NA,"BRCA","Breast","Breast Carcinoma","Invasive Ductal Carcinoma Not Otherwise Specified"
"SIDM00917","ACH-002218","910688","CESS_HAEMATOPOIETIC_AND_LYMPHOID_TISSUE","CVCL_0209","CESS",NA,"LAML","Haematopoietic and Lymphoid","Acute Myeloid Leukemia","Acute Myeloid Leukemia"
"SIDM00952","ACH-002220","906807","CROAP2_HAEMATOPOIETIC_AND_LYMPHOID_TISSUE","CVCL_1147","CRO-AP2",NA,"DLBC","Haematopoietic and Lymphoid","B-Cell Non-Hodgkin's Lymphoma","Primary Effusion Lymphoma"
"SIDM00886","ACH-000334","906832","DB_HAEMATOPOIETIC_AND_LYMPHOID_TISSUE","CVCL_1168","DB",NA,"DLBC","Haematopoietic and Lymphoid","B-Cell Non-Hodgkin's Lymphoma","Diffuse Large B-Cell Lymphoma"
"SIDM00831","ACH-000207","906837","DETROIT562_UPPER_AERODIGESTIVE_TRACT","CVCL_1171","Detroit562","Det 562;D562","HNSC","Head and Neck","Head and Neck Carcinoma","Pharyngeal Squamous Cell Carcinoma"
"SIDM00861","ACH-000906","1240128","ES2_OVARY","CVCL_3509","ES-2",NA,"UNCLASSIFIED","Ovary","Ovarian Carcinoma","Ovarian Clear Cell Adenocarcinoma"
"SIDM00860","ACH-000846","906863","FADU_UPPER_AERODIGESTIVE_TRACT","CVCL_1218","FADU",NA,"HNSC","Head and Neck","Head and Neck Carcinoma","Hypopharyngeal Squamous Cell Carcinoma"
"SIDM00857","ACH-000572","906865","G361_SKIN","CVCL_1220","G-361","G361-mel","SKCM","Skin","Melanoma","Melanoma"
"SIDM00856","ACH-000096","907299","G401_SOFT_TISSUE","CVCL_0270","G-401",NA,"UNCLASSIFIED","Kidney","Other Solid Cancers","Rhabdoid Tumour of the Kidney"
"SIDM00855","ACH-000375","907298","G402_SOFT_TISSUE","CVCL_1221","G-402",NA,"UNCLASSIFIED","Soft Tissue","Other Sarcomas","Epithelioid Cell Type Gastrointestinal Stromal Tumor"
"SIDM00854","ACH-000162","1303896","GA10_HAEMATOPOIETIC_AND_LYMPHOID_TISSUE","CVCL_1222","GA-10",NA,"UNCLASSIFIED","Haematopoietic and Lymphoid","Burkitt's Lymphoma","Burkitt's Lymphoma"
"SIDM00874","ACH-000223","749714","HCC1937_BREAST","CVCL_0290","HCC1937",NA,"BRCA","Breast","Breast Carcinoma","Ductal Breast Carcinoma"
"SIDM00872","ACH-000859","749709","HCC1954_BREAST","CVCL_1259","HCC1954",NA,"BRCA","Breast","Breast Carcinoma","Ductal Breast Carcinoma"
"SIDM00870","ACH-000725","1290906","HCC202_BREAST","CVCL_2062","HCC202","HCC0202","BRCA","Breast","Breast Carcinoma","Ductal Breast Carcinoma"
"SIDM00774","ACH-000691","749715","HCC2157_BREAST","CVCL_1261","HCC2157",NA,"BRCA","Breast","Breast Carcinoma","Ductal Breast Carcinoma"
"SIDM00772","ACH-000755","749716","HCC2218_BREAST","CVCL_1263","HCC2218",NA,"BRCA","Breast","Breast Carcinoma","Ductal Breast Carcinoma"
"SIDM00829","ACH-000002","905938","HL60_HAEMATOPOIETIC_AND_LYMPHOID_TISSUE","CVCL_0002","HL-60",NA,"LAML","Haematopoietic and Lymphoid","Acute Myeloid Leukemia","Adult Acute Myeloid Leukemia"
"SIDM00828","ACH-000054","907064","HT1080_SOFT_TISSUE","CVCL_0317","HT-1080","HT 1080.T","UNCLASSIFIED","Soft Tissue","Other Sarcomas","Fibrosarcoma"
"SIDM00785","ACH-000386","907278","KG1_HAEMATOPOIETIC_AND_LYMPHOID_TISSUE","CVCL_0374","KG-1",NA,"LAML","Haematopoietic and Lymphoid","Acute Myeloid Leukemia","Adult Acute Myeloid Leukemia"
"SIDM00776","ACH-000501","907792","LS123_LARGE_INTESTINE","CVCL_1383","LS-123",NA,"COREAD","Large Intestine","Colorectal Carcinoma","Colon Adenocarcinoma"
"SIDM00751","ACH-000892","753600","NCIH1563_LUNG","CVCL_1475","NCI-H1563",NA,"LUAD","Lung","Non-Small Cell Lung Carcinoma","Lung Adenocarcinoma"
"SIDM00771","ACH-000496","724868","NCIH1792_LUNG","CVCL_1495","NCI-H1792",NA,"LUAD","Lung","Non-Small Cell Lung Carcinoma","Lung Adenocarcinoma"
"SIDM00755","ACH-000888","908463","NCIH1793_LUNG","CVCL_1496","NCI-H1793",NA,"LUAD","Lung","Non-Small Cell Lung Carcinoma","Lung Adenocarcinoma"
"SIDM00769","ACH-000733","687807","NCIH1838_LUNG","CVCL_1499","NCI-H1838",NA,"LUAD","Lung","Non-Small Cell Lung Carcinoma","Lung Adenocarcinoma"
"SIDM00763","ACH-000434","1240184","NCIH1915_LUNG","CVCL_1505","NCI-H1915",NA,"UNCLASSIFIED","Lung","Non-Small Cell Lung Carcinoma","Non-Small Cell Lung Carcinoma"
"SIDM00761","ACH-000752","1240186","NCIH196_LUNG","CVCL_1509","NCI-H196",NA,"SCLC","Lung","Small Cell Lung Carcinoma","Small Cell Lung Carcinoma"
"SIDM00759","ACH-000587","924244","NCIH1975_LUNG","CVCL_1511","NCI-H1975",NA,"LUAD","Lung","Non-Small Cell Lung Carcinoma","Lung Adenocarcinoma"
"SIDM00756","ACH-000886","724873","NCIH2009_LUNG","CVCL_1514","NCI-H2009",NA,"LUAD","Lung","Non-Small Cell Lung Carcinoma","Lung Adenocarcinoma"
"SIDM00753","ACH-000781","1240187","NCIH2023_LUNG","CVCL_1515","NCI-H2023",NA,"LUAD","Lung","Squamous Cell Lung Carcinoma","Squamous Cell Lung Carcinoma"
"SIDM00779","ACH-000491","908458","NCIH716_LARGE_INTESTINE","CVCL_1581","NCI-H716",NA,"COREAD","Large Intestine","Colorectal Carcinoma","Cecum Adenocarcinoma"
"SIDM00820","ACH-002188","1524417","RCCER_KIDNEY","CVCL_5870","RCC-ER","KTCTL-13","KIRC","Kidney","Kidney Carcinoma","Clear Cell Renal Cell Carcinoma"
"SIDM00818","ACH-002190","1524415","RCCJF_KIDNEY","CVCL_5879","RCC-JF","KTCTL-140","KIRC","Kidney","Kidney Carcinoma","Clear Cell Renal Cell Carcinoma"
"SIDM00817","ACH-002191","1524416","RCCJW_KIDNEY","CVCL_5880","RCC-JW","KTCTL-195","KIRC","Kidney","Kidney Carcinoma","Clear Cell Renal Cell Carcinoma"
"SIDM00835","ACH-000489","909746","SW1116_LARGE_INTESTINE","CVCL_0544","SW1116",NA,"COREAD","Large Intestine","Colorectal Carcinoma","Colon Adenocarcinoma"
"SIDM00812","ACH-000236","909747","SW1417_LARGE_INTESTINE","CVCL_1717","SW1417",NA,"COREAD","Large Intestine","Colorectal Carcinoma","Colon Adenocarcinoma"
"SIDM00834","ACH-000470","909748","SW1463_LARGE_INTESTINE","CVCL_1718","SW1463",NA,"COREAD","Large Intestine","Colorectal Carcinoma","Rectal Adenocarcinoma"
"SIDM00841","ACH-000651","905962","SW620_LARGE_INTESTINE","CVCL_0547","SW620",NA,"COREAD","Large Intestine","Colorectal Carcinoma","Colon Adenocarcinoma"
"SIDM00833","ACH-000421","909755","SW837_LARGE_INTESTINE","CVCL_1729","SW837",NA,"COREAD","Large Intestine","Colorectal Carcinoma","Rectal Adenocarcinoma"
"SIDM00815","ACH-001418","1480374","UWB1289_OVARY","CVCL_B079","UWB1.289",NA,"OV","Ovary","Ovarian Carcinoma","Ovarian Carcinoma"
"SIDM00775","ACH-000785","687814","NCIH2126_LUNG","CVCL_1532","NCI-H2126",NA,"LUAD","Lung","Non-Small Cell Lung Carcinoma","Non-Small Cell Lung Carcinoma"
"SIDM00877","ACH-000196","749713","HCC1599_BREAST","CVCL_1256","HCC1599",NA,"BRCA","Breast","Breast Carcinoma","Ductal Breast Carcinoma"
"SIDM01118","ACH-002175","1331055","NCIH740_LUNG","CVCL_1586","NCI-H740",NA,"SCLC","Lung","Small Cell Lung Carcinoma","Small Cell Lung Carcinoma"
"SIDM01296",NA,NA,NA,NA,"HCM-SANG-0303-C15","WTSI-OESO_121",NA,"Esophagus","Esophageal Carcinoma","Esophageal Adenocarcinoma"
"SIDM00982","ACH-000323","687561","42MGBA_CENTRAL_NERVOUS_SYSTEM","CVCL_1798","42-MG-BA",NA,"GBM","Central Nervous System","Glioblastoma","Glioblastoma"
"SIDM01192","ACH-001214",NA,"U138MG_CENTRAL_NERVOUS_SYSTEM","CVCL_0020","U-138-MG",NA,"GB","Central Nervous System","Glioblastoma","Glioblastoma"
"SIDM01200",NA,NA,NA,"CVCL_1384","LS-174T",NA,NA,"Large Intestine","Colorectal Carcinoma","Colon Adenocarcinoma"
"SIDM01202","ACH-001183",NA,"RT11284_URINARY_TRACT","CVCL_2714","RT112-84",NA,"BLCA","Bladder","Bladder Carcinoma","Bladder Carcinoma"
"SIDM01204",NA,NA,NA,"CVCL_2008","COR-L23-R",NA,NA,"Lung","Non-Small Cell Lung Carcinoma","Large Cell Lung Carcinoma"
"SIDM01207",NA,NA,NA,"CVCL_3042","NC-37",NA,NA,"Haematopoietic and Lymphoid","Burkitt's Lymphoma","Epstein-Barr Virus-Related Burkitt s Lymphoma"
"SIDM00983","ACH-000896","906797","647V_URINARY_TRACT","CVCL_1049","647-V",NA,"BLCA","Bladder","Bladder Carcinoma","Bladder Carcinoma"
"SIDM00903","ACH-000681","905949","A549_LUNG","CVCL_0023","A549","NCI-A549;A549/ATCC;hA549","LUAD","Lung","Non-Small Cell Lung Carcinoma","Lung Adenocarcinoma"
"SIDM00848","ACH-000052","684052","A673_BONE","CVCL_0080","A673","RMS 1598","UNCLASSIFIED","Bone","Ewing's Sarcoma","Ewing's Sarcoma"
"SIDM00850","ACH-000880","906790","AGS_STOMACH","CVCL_0139","AGS",NA,"STAD","Stomach","Gastric Carcinoma","Gastric Adenocarcinoma"
"SIDM00898","ACH-000248","910704","AU565_BREAST","CVCL_1074","AU565",NA,"BRCA","Breast","Breast Carcinoma","Breast Adenocarcinoma"
"SIDM00899","ACH-000222","910702","ASPC1_PANCREAS","CVCL_0152","AsPC-1",NA,"PAAD","Pancreas","Pancreatic Carcinoma","Pancreatic Ductal Adenocarcinoma"
"SIDM00896","ACH-002214","910919","BC1_HAEMATOPOIETIC_AND_LYMPHOID_TISSUE","CVCL_1079","BC-1",NA,"DLBC","Haematopoietic and Lymphoid","B-Cell Non-Hodgkin's Lymphoma","Primary Effusion Lymphoma"
"SIDM00987","ACH-000191","906696","BHT101_THYROID","CVCL_1085","BHT-101",NA,"THCA","Thyroid","Thyroid Gland Carcinoma","Anaplastic Thyroid Carcinoma"
"SIDM00963","ACH-000927","946359","BT474_BREAST","CVCL_0179","BT-474",NA,"BRCA","Breast","Breast Carcinoma","Invasive Ductal Carcinoma Not Otherwise Specified"
"SIDM00892","ACH-000818","949093","BT483_BREAST","CVCL_2319","BT-483",NA,"BRCA","Breast","Breast Carcinoma","Invasive Ductal Carcinoma Not Otherwise Specified"
"SIDM00905","ACH-001334","687506","C4I_CERVIX","CVCL_2253","C-4-I","C4-1;Hs 636.T","CESC","Cervix","Cervical Carcinoma","Human Papilloma Virus-Related Cervical Squamous Cell Carcinoma"
"SIDM00890","ACH-000580","906830","C32_SKIN","CVCL_1097","C32","C32-mel;C32r","SKCM","Skin","Melanoma","Amelanotic Melanoma"
"SIDM00907","ACH-000440","910703","CA46_HAEMATOPOIETIC_AND_LYMPHOID_TISSUE","CVCL_1101","CA46",NA,"UNCLASSIFIED","Haematopoietic and Lymphoid","Burkitt's Lymphoma","Burkitt's Lymphoma"
"SIDM00941","ACH-000433","905963","CAKI1_KIDNEY","CVCL_0234","CAKI-1",NA,"KIRC","Kidney","Kidney Carcinoma","Clear Cell Renal Cell Carcinoma"
"SIDM00936","ACH-000142","1290730","CAL29_URINARY_TRACT","CVCL_1808","CAL-29",NA,"BLCA","Bladder","Bladder Carcinoma","Bladder Carcinoma"
"SIDM00931","ACH-000174","906828","CAL62_THYROID","CVCL_1112","CAL-62",NA,"THCA","Thyroid","Thyroid Gland Carcinoma","Anaplastic Thyroid Carcinoma"
"SIDM00928","ACH-000857","910852","CAL851_BREAST","CVCL_1114","CAL-85-1",NA,"BRCA","Breast","Breast Carcinoma","Breast Carcinoma"
"SIDM00920","ACH-000783","946382","CAMA1_BREAST","CVCL_1115","CAMA-1",NA,"BRCA","Breast","Breast Carcinoma","Breast Adenocarcinoma"
"SIDM00934","ACH-000354","753624","CAPAN1_PANCREAS","CVCL_0237","CAPAN-1",NA,"PAAD","Pancreas","Pancreatic Carcinoma","Pancreatic Ductal Adenocarcinoma"
"SIDM01228","ACH-001024","910853","CHL1_SKIN","CVCL_1122","CHL-1",NA,"SKCM","Skin","Melanoma","Melanoma"
"SIDM00910","ACH-000120","906820","CHP212_AUTONOMIC_GANGLIA","CVCL_1125","CHP-212",NA,"NB","Peripheral Nervous System","Neuroblastoma","Neuroblastoma"
"SIDM00842","ACH-002219","910569",NA,"CVCL_0220","COLO-320-HSR","COLO-HSR","COREAD","Large Intestine","Colorectal Carcinoma","Colon Adenocarcinoma"
"SIDM00957","ACH-000350","910689","COLO678_LARGE_INTESTINE","CVCL_1129","COLO-678",NA,"COREAD","Large Intestine","Colorectal Carcinoma","Colon Carcinoma"
"SIDM00909","ACH-000644","687448","COLO829_SKIN","CVCL_1137","COLO-829",NA,"SKCM","Skin","Melanoma","Melanoma"
"SIDM00923","ACH-001336","906824","CASKI_CERVIX","CVCL_1100","Ca-Ski",NA,"CESC","Cervix","Cervical Carcinoma","Human Papilloma Virus-Related Cervical Squamous Cell Carcinoma"
"SIDM00919","ACH-000713","906825","CAOV3_OVARY","CVCL_0201","Caov-3",NA,"OV","Ovary","Ovarian Carcinoma","High Grade Ovarian Serous Adenocarcinoma"
"SIDM00918","ACH-000103","949090","CAOV4_OVARY","CVCL_0202","Caov-4",NA,"OV","Ovary","Ovarian Carcinoma","High Grade Ovarian Serous Adenocarcinoma"
"SIDM00888","ACH-000055","906834","D283MED_CENTRAL_NERVOUS_SYSTEM","CVCL_1155","D-283MED","Med 283;H283","MB","Central Nervous System","Other Solid Cancers","Medulloblastoma"
"SIDM00950","ACH-000243","1290797","DANG_PANCREAS","CVCL_0243","DAN-G",NA,"PAAD","Pancreas","Pancreatic Carcinoma","Pancreatic Adenocarcinoma"
"SIDM00867","ACH-000863","906835","DBTRG05MG_CENTRAL_NERVOUS_SYSTEM","CVCL_1169","DBTRG-05MG",NA,"GBM","Central Nervous System","Glioblastoma","Glioblastoma"
"SIDM00865","ACH-000530","687983","DMS114_LUNG","CVCL_1174","DMS-114",NA,"SCLC","Lung","Small Cell Lung Carcinoma","Small Cell Lung Carcinoma"
"SIDM00981","ACH-000056","906842","DOHH2_HAEMATOPOIETIC_AND_LYMPHOID_TISSUE","CVCL_1179","DOHH-2",NA,"DLBC","Haematopoietic and Lymphoid","B-Cell Non-Hodgkin's Lymphoma","Diffuse Large B-Cell Lymphoma"
"SIDM00864","ACH-001341","906843","DOTC24510_CERVIX","CVCL_1181","DoTc2-4510",NA,"CESC","Cervix","Cervical Carcinoma","Cervical Carcinoma"
"SIDM00853","ACH-000835","906999","GCT_SOFT_TISSUE","CVCL_1229","GCT","Giant cell tumor","UNCLASSIFIED","Soft Tissue","Other Sarcomas","Undifferentiated Pleomorphic Sarcoma"
"SIDM00852","ACH-000389","907042","H4_CENTRAL_NERVOUS_SYSTEM","CVCL_1239","H4",NA,"LGG","Central Nervous System","Glioma","Astrocytoma"
"SIDM00885","ACH-000111","749711","HCC1187_BREAST","CVCL_1247","HCC1187",NA,"BRCA","Breast","Breast Carcinoma","Ductal Breast Carcinoma"
"SIDM00875","ACH-000624","907047","HCC1806_BREAST","CVCL_1258","HCC1806",NA,"UNCLASSIFIED","Breast","Breast Carcinoma","Squamous Cell Breast Carcinoma Acantholytic Variant"
"SIDM00968","ACH-002140","1479988","HEY_OVARY","CVCL_0297","Hey",NA,"OV","Ovary","Ovarian Carcinoma","High Grade Ovarian Serous Adenocarcinoma"
"SIDM00967","ACH-002181","1480364","OVCA420_OVARY","CVCL_3935","OVCA420","OVCAR-420","OV","Ovary","Ovarian Carcinoma","Ovarian Serous Adenocarcinoma"
"SIDM00966","ACH-002182","1480367","OVCA433_OVARY","CVCL_0475","OVCA433","OVCAR-433;SKOV-433","OV","Ovary","Ovarian Carcinoma","Ovarian Serous Adenocarcinoma"
"SIDM00844","ACH-000654","909262","RAJI_HAEMATOPOIETIC_AND_LYMPHOID_TISSUE","CVCL_0511","Raji","P1-Raji;GM04671","UNCLASSIFIED","Haematopoietic and Lymphoid","Burkitt's Lymphoma","Epstein-Barr Virus-Related Burkitt s Lymphoma"
"SIDM00975","ACH-002206","1240226","WM278_SKIN","CVCL_6473","WM278","WC00054","SKCM","Skin","Melanoma","Melanoma"
"SIDM00974","ACH-002207","1299080","WM35_SKIN","CVCL_0580","WM35","WC00060","SKCM","Skin","Melanoma","Melanoma"
"SIDM01065","ACH-000550","1298148","IGR39_SKIN","CVCL_2076","IGR-39","PM1","MEL","Skin","Melanoma","Melanoma"
"SIDM01212",NA,NA,NA,"CVCL_1942","A2780cis",NA,NA,"Ovary","Ovarian Carcinoma","Ovarian Endometrioid Adenocarcinoma"
"SIDM01211",NA,NA,NA,"CVCL_1941","A2780ADR",NA,NA,"Ovary","Ovarian Carcinoma","Ovarian Endometrioid Adenocarcinoma"
"SIDM01216",NA,NA,NA,"CVCL_X009","Hey-C2",NA,NA,"Ovary","Ovarian Carcinoma","High Grade Ovarian Serous Adenocarcinoma"
"SIDM01221",NA,NA,NA,"CVCL_2966","JKT-beta-del",NA,NA,"Haematopoietic and Lymphoid","T-Lymphoblastic Leukemia","Childhood T Acute Lymphoblastic Leukemia"
"SIDM01222","ACH-000884",NA,"MDAMB435S_SKIN","CVCL_0622","MDA-MB-435S",NA,"MEL","Skin","Melanoma","Amelanotic Melanoma"
"SIDM01223",NA,NA,NA,"CVCL_3724","I-2-1",NA,NA,"Haematopoietic and Lymphoid","T-Lymphoblastic Leukemia","Childhood T Acute Lymphoblastic Leukemia"
"SIDM01224",NA,NA,NA,"CVCL_3725","I-9-2",NA,NA,"Haematopoietic and Lymphoid","T-Lymphoblastic Leukemia","Childhood T Acute Lymphoblastic Leukemia"
"SIDM01227",NA,NA,NA,"CVCL_1841","NAMALWA-PNT",NA,NA,"Haematopoietic and Lymphoid","Burkitt's Lymphoma","Epstein-Barr Virus-Related Burkitt s Lymphoma"
"SIDM01230",NA,NA,NA,"CVCL_1826","LAMA-87",NA,NA,"Haematopoietic and Lymphoid","Chronic Myelogenous Leukemia","Chronic Myelogenous Leukemia"
"SIDM01232",NA,NA,NA,"CVCL_0529","BE2-C",NA,NA,"Peripheral Nervous System","Neuroblastoma","Neuroblastoma"
"SIDM01209",NA,"687509",NA,"CVCL_1278","HeLaSF","HeLa Serum Free",NA,"Cervix","Cervical Carcinoma","Cervical Adenocarcinoma"
"SIDM01235","ACH-001036",NA,"CMK115_HAEMATOPOIETIC_AND_LYMPHOID_TISSUE","CVCL_0217","CMK11-5",NA,"MLADS","Haematopoietic and Lymphoid","Acute Myeloid Leukemia","Childhood Acute Megakaryoblastic Leukemia"
"SIDM01238",NA,NA,NA,"CVCL_U347","ST",NA,NA,"Haematopoietic and Lymphoid","B-Lymphoblastic Leukemia","Childhood B Acute Lymphoblastic Leukemia"
"SIDM01239",NA,NA,NA,"CVCL_2599","MES-SA-MX2",NA,NA,"Uterus","Other Sarcomas","Uterine Corpus Sarcoma"
"SIDM01241","ACH-000941",NA,"HEC1B_ENDOMETRIUM","CVCL_0294","HEC-1-B",NA,"UCEC","Endometrium","Endometrial Carcinoma","Endometrial Adenocarcinoma"
"SIDM01243",NA,NA,NA,"CVCL_1061","A3",NA,NA,"Haematopoietic and Lymphoid","T-Lymphoblastic Leukemia","Childhood T Acute Lymphoblastic Leukemia"
"SIDM01249",NA,NA,NA,"CVCL_J395","AGR-ON",NA,NA,"Haematopoietic and Lymphoid","T-Lymphoblastic Leukemia","Childhood T Acute Lymphoblastic Leukemia"
"SIDM01252",NA,"906867",NA,"CVCL_1224","GA-10-Clone-4",NA,NA,"Haematopoietic and Lymphoid","Burkitt's Lymphoma","Burkitt's Lymphoma"
"SIDM01253",NA,NA,NA,"CVCL_3787","RKO-E6",NA,NA,"Large Intestine","Colorectal Carcinoma","Colon Carcinoma"
"SIDM01260","ACH-001249","909906","YMB1_BREAST","CVCL_2814","YMB-1",NA,"IDC","Breast","Breast Carcinoma","Invasive Ductal Carcinoma Not Otherwise Specified"
"SIDM01262",NA,NA,NA,"CVCL_6354","2B8",NA,NA,"Haematopoietic and Lymphoid","Burkitt's Lymphoma","Epstein-Barr Virus-Related Burkitt s Lymphoma"
"SIDM01264",NA,NA,NA,"CVCL_8794","MM1R",NA,NA,"Haematopoietic and Lymphoid","Plasma Cell Myeloma","Plasma Cell Myeloma"
"SIDM00067",NA,"998179",NA,"CVCL_5138","HCE-7","HCE-7 (NM)",NA,"Esophagus","Esophageal Squamous Cell Carcinoma","Esophageal Squamous Cell Carcinoma"
"SIDM00226","ACH-000310","998183","IMR32_AUTONOMIC_GANGLIA","CVCL_0346","IMR-32","GM03320","NBL","Peripheral Nervous System","Neuroblastoma","Neuroblastoma"
"SIDM00940","ACH-000212","906826","CAL120_BREAST","CVCL_1104","CAL-120",NA,"BRCA","Breast","Breast Carcinoma","Breast Carcinoma"
"SIDM01195","ACH-000406","998206","U937_HAEMATOPOIETIC_AND_LYMPHOID_TISSUE","CVCL_0007","U-937",NA,"AML","Haematopoietic and Lymphoid","Acute Myeloid Leukemia","Adult Acute Monocytic Leukemia"
"SIDM01255",NA,NA,NA,"CVCL_1223","GA-10-Clone-20",NA,NA,"Haematopoietic and Lymphoid","Burkitt's Lymphoma","Burkitt's Lymphoma"
"SIDM00997","ACH-001306","906795","8305C_THYROID","CVCL_1053","8305C","8305C_1","THCA","Thyroid","Thyroid Gland Carcinoma","Anaplastic Thyroid Carcinoma"
"SIDM00996","ACH-001307","924102","8505C_THYROID","CVCL_1054","8505C",NA,"THCA","Thyroid","Thyroid Gland Carcinoma","Anaplastic Thyroid Carcinoma"
"SIDM00986","ACH-000548","753535","BHY_UPPER_AERODIGESTIVE_TRACT","CVCL_1086","BHY",NA,"HNSC","Head and Neck","Head and Neck Carcinoma","Head and Neck Squamous Cell Carcinoma"
"SIDM00962","ACH-000432","910710","BV173_HAEMATOPOIETIC_AND_LYMPHOID_TISSUE","CVCL_0181","BV-173",NA,"LCML","Haematopoietic and Lymphoid","Chronic Myelogenous Leukemia","Chronic Myelogenous Leukemia"
"SIDM00961","ACH-000210","753539","CADOES1_BONE","CVCL_1103","CADO-ES1","ESCADO1","UNCLASSIFIED","Bone","Ewing's Sarcoma","Ewing's Sarcoma"
"SIDM00939","ACH-000826","753540","CAL12T_LUNG","CVCL_1105","CAL-12T",NA,"UNCLASSIFIED","Lung","Non-Small Cell Lung Carcinoma","Non-Small Cell Lung Carcinoma"
"SIDM00937","ACH-000832","910916","CAL27_UPPER_AERODIGESTIVE_TRACT","CVCL_1107","CAL-27",NA,"HNSC","Head and Neck","Oral Cavity Carcinoma","Tongue Squamous Cell Carcinoma"
"SIDM00942","ACH-000518","753541","CAL33_UPPER_AERODIGESTIVE_TRACT","CVCL_1108","CAL-33",NA,"HNSC","Head and Neck","Oral Cavity Carcinoma","Tongue Squamous Cell Carcinoma"
"SIDM00935","ACH-002091","924107","CAL39_VULVA","CVCL_1109","CAL-39",NA,"CESC","Vulva","Other Solid Cancers","Vulvar Squamous Cell Carcinoma"
"SIDM00932","ACH-000457","910952","CAL54_KIDNEY","CVCL_1111","CAL-54",NA,"KIRC","Kidney","Kidney Carcinoma","Renal Cell Carcinoma"
"SIDM00929","ACH-000516","1290765","CAL78_BONE","CVCL_1809","CAL-78",NA,"UNCLASSIFIED","Bone","Chondrosarcoma","Chondrosarcoma"
"SIDM00956","ACH-000717","906817","COLO680N_OESOPHAGUS","CVCL_1131","COLO-680N",NA,"ESCA","Esophagus","Esophageal Squamous Cell Carcinoma","Esophageal Squamous Cell Carcinoma"
"SIDM00954","ACH-001820","906812","COLO824_BREAST","CVCL_1136","COLO-824",NA,"BRCA","Breast","Breast Carcinoma","Breast Carcinoma"
"SIDM00953","ACH-001049","753547","CPCN_LUNG","CVCL_1146","CPC-N",NA,"SCLC","Lung","Small Cell Lung Carcinoma","Small Cell Lung Carcinoma"
"SIDM00943","ACH-000107","910915","CAPAN2_PANCREAS","CVCL_0026","CAPAN-2",NA,"PAAD","Pancreas","Pancreatic Carcinoma","Pancreatic Ductal Adenocarcinoma"
"SIDM00924","ACH-000867","687596","CHAGOK1_LUNG","CVCL_1121","ChaGo-K-1",NA,"UNCLASSIFIED","Lung","Other Solid Cancers","Bronchogenic Carcinoma"
"SIDM00949","ACH-000233","906836","DEL_HAEMATOPOIETIC_AND_LYMPHOID_TISSUE","CVCL_1170","DEL",NA,"UNCLASSIFIED","Haematopoietic and Lymphoid","T-Cell Non-Hodgkin's Lymphoma","Anaplastic Large Cell Lymphoma"
"SIDM00969","ACH-001063","1479987",NA,"CVCL_6774","DOV13",NA,"OV","Ovary","Ovarian Carcinoma","Ovarian Adenocarcinoma"
"SIDM00970","ACH-002235","753552","DSH1_URINARY_TRACT","CVCL_1182","DSH1",NA,"BLCA","Bladder","Bladder Carcinoma","Bladder Carcinoma"
"SIDM01007","ACH-002256","907272","KARPAS45_HAEMATOPOIETIC_AND_LYMPHOID_TISSUE","CVCL_1326","KARPAS-45","T-45","ALL","Haematopoietic and Lymphoid","T-Lymphoblastic Leukemia","Childhood T Acute Lymphoblastic Leukemia"
"SIDM01005","ACH-000263","907275","KASUMI1_HAEMATOPOIETIC_AND_LYMPHOID_TISSUE","CVCL_0589","KASUMI-1",NA,"LAML","Haematopoietic and Lymphoid","Acute Myeloid Leukemia","Childhood Acute Myeloid Leukemia with Maturation"
"SIDM01009","ACH-000259","753618","KELLY_AUTONOMIC_GANGLIA","CVCL_2092","KELLY","NB19;NB19-RIKEN","NB","Peripheral Nervous System","Neuroblastoma","Neuroblastoma"
"SIDM01018","ACH-000815","909976","KMH2_HAEMATOPOIETIC_AND_LYMPHOID_TISSUE","CVCL_1330","KM-H2",NA,"UNCLASSIFIED","Haematopoietic and Lymphoid","Hodgkin's Lymphoma","Hodgkin's Lymphoma"
"SIDM01024","ACH-000784","753576","KYSE70_OESOPHAGUS","CVCL_1356","KYSE-70","KY70","ESCA","Esophagus","Esophageal Squamous Cell Carcinoma","Esophageal Squamous Cell Carcinoma"
"SIDM00925","ACH-000638","908460","NCIH441_LUNG","CVCL_1561","NCI-H441","NCI-H441-4;NCI-441","LUAD","Lung","Non-Small Cell Lung Carcinoma","Papillary Lung Adenocarcinoma"
"SIDM00965","ACH-000800","688023","NCIH446_LUNG","CVCL_1562","NCI-H446","NCI-446","SCLC","Lung","Small Cell Lung Carcinoma","Small Cell Lung Carcinoma"
"SIDM00927","ACH-000871","753605","NCIH510_LUNG","CVCL_1565","NCI-H510A",NA,"SCLC","Lung","Small Cell Lung Carcinoma","Small Cell Lung Carcinoma"
"SIDM01000","ACH-000304","909784","WM115_SKIN","CVCL_0040","WM-115","WM115F;WM115-mel;WC00079","SKCM","Skin","Melanoma","Melanoma"
"SIDM00976","ACH-002205","1299078","WM1552C_SKIN","CVCL_6472","WM1552C","EST73","SKCM","Skin","Melanoma","Melanoma"
"SIDM00973","ACH-000827","1299081","WM793_SKIN","CVCL_8787","WM793B","WC00062","SKCM","Skin","Melanoma","Melanoma"
"SIDM01231","ACH-002122","907041","GT3TKB_STOMACH","CVCL_1237","GT3TKB",NA,"LUSC","Lung","Squamous Cell Lung Carcinoma","Squamous Cell Lung Carcinoma"
"SIDM01258",NA,"1331028",NA,"CVCL_3793","RWPE2-W99",NA,NA,"Prostate","Non-Cancerous","Non-Cancerous"
"SIDM00452","ACH-000022","1298527","PATU8988S_PANCREAS","CVCL_1846","PA-TU-8988S","PATU-S","PAAD","Pancreas","Pancreatic Carcinoma","Pancreatic Adenocarcinoma"
"SIDM00682","ACH-000760",NA,"LNZ308_CENTRAL_NERVOUS_SYSTEM","CVCL_0394","LN-Z308","LN-308","GB","Central Nervous System","Glioma","Astrocytoma"
"SIDM00804","ACH-001001","906796","143B_BONE","CVCL_2270","143B","143B TK-;143TK-;HOS-143B;GM05887","OS","Bone","Osteosarcoma","Osteosarcoma"
"SIDM00840","ACH-000842",NA,"SW480_LARGE_INTESTINE","CVCL_0546","SW480","SW480E","COAD","Large Intestine","Colorectal Carcinoma","Colon Adenocarcinoma"
"SIDM00891","ACH-000003","1290729","CACO2_LARGE_INTESTINE","CVCL_0025","Caco-2","Caco-2/ATCC","COAD","Large Intestine","Colorectal Carcinoma","Colon Adenocarcinoma"
"SIDM00979","ACH-001239","1299076","WM2664_SKIN","CVCL_2765","WM-266-4","WM-266-mel;WC00097","MEL","Skin","Melanoma","Melanoma"
"SIDM01013","ACH-000106","907269","JVM2_HAEMATOPOIETIC_AND_LYMPHOID_TISSUE","CVCL_1319","JVM-2",NA,"CLL","Haematopoietic and Lymphoid","B-Cell Non-Hodgkin's Lymphoma","Mantle Cell Lymphoma"
"SIDM01215","ACH-000542","1479989","HEYA8_OVARY","CVCL_8878","Hey-A8",NA,"HGSOC","Ovary","Ovarian Carcinoma","High Grade Ovarian Serous Adenocarcinoma"
"SIDM01082","ACH-000188","910701","SCC25_UPPER_AERODIGESTIVE_TRACT","CVCL_1682","SCC-25","hSCC-25","HNSC","Head and Neck","Oral Cavity Carcinoma","Tongue Squamous Cell Carcinoma"
"SIDM00999","ACH-000973","906798","639V_URINARY_TRACT","CVCL_1048","639-V",NA,"BLCA","Bladder","Bladder Carcinoma","Bladder Carcinoma"
"SIDM00998","ACH-000137","687562","8MGBA_CENTRAL_NERVOUS_SYSTEM","CVCL_1052","8-MG-BA",NA,"GBM","Central Nervous System","Glioblastoma","Glioblastoma"
"SIDM00995","ACH-001328","910925","A431_SKIN","CVCL_0037","A431","A431/P","UNCLASSIFIED","Skin","Other Solid Cancers","Skin Squamous Cell Carcinoma"
"SIDM00992","ACH-000456","924104","BCPAP_THYROID","CVCL_0153","B-CPAP",NA,"THCA","Thyroid","Thyroid Gland Carcinoma","Papillary Thyroid Carcinoma"
"SIDM00989","ACH-000802","910926","BFTC905_URINARY_TRACT","CVCL_1083","BFTC-905",NA,"BLCA","Bladder","Bladder Carcinoma","Bladder Carcinoma"
"SIDM00988","ACH-000792","910698","BFTC909_KIDNEY","CVCL_1084","BFTC-909",NA,"KIRC","Kidney","Kidney Carcinoma","Renal Pelvis Urothelial Carcinoma"
"SIDM01056","ACH-000330","906851","EFM19_BREAST","CVCL_0253","EFM-19",NA,"BRCA","Breast","Breast Carcinoma","Ductal Breast Carcinoma"
"SIDM01052","ACH-000308","911905","EFO21_OVARY","CVCL_0029","EFO-21",NA,"OV","Ovary","Ovarian Carcinoma","Ovarian Serous Cystadenocarcinoma"
"SIDM01050","ACH-001494","906853","EGI1_BILIARY_TRACT","CVCL_1193","EGI-1",NA,"EHCH","Biliary Tract","Biliary Tract Carcinoma","Cholangiocarcinoma"
"SIDM01047","ACH-000295","906855","EM2_HAEMATOPOIETIC_AND_LYMPHOID_TISSUE","CVCL_1196","EM-2",NA,"LCML","Haematopoietic and Lymphoid","Chronic Myelogenous Leukemia","Chronic Myelogenous Leukemia"
"SIDM01042","ACH-001065","906862","EVSAT_BREAST","CVCL_1207","EVSA-T",NA,"BRCA","Breast","Breast Carcinoma","Breast Carcinoma"
"SIDM01055","ACH-000098","906868","GAMG_CENTRAL_NERVOUS_SYSTEM","CVCL_1226","GAMG",NA,"LGG","Central Nervous System","Glioblastoma","Glioblastoma"
"SIDM01073","ACH-002242","907044","HC1_HAEMATOPOIETIC_AND_LYMPHOID_TISSUE","CVCL_1243","HC-1",NA,"UNCLASSIFIED","Haematopoietic and Lymphoid","Other Blood Cancers","Hairy Cell Leukemia"
"SIDM01071","ACH-000515","1303901","HCC33_LUNG","CVCL_2058","HCC-33","HCC0033","SCLC","Lung","Small Cell Lung Carcinoma","Small Cell Lung Carcinoma"
"SIDM01067","ACH-000012","1240146","HCC827_LUNG","CVCL_2063","HCC-827","HCC0827","LUAD","Lung","Non-Small Cell Lung Carcinoma","Lung Adenocarcinoma"
"SIDM01064","ACH-000267","924110","HDLM2_HAEMATOPOIETIC_AND_LYMPHOID_TISSUE","CVCL_0009","HDLM-2",NA,"UNCLASSIFIED","Haematopoietic and Lymphoid","Hodgkin's Lymphoma","Hodgkin's Lymphoma"
"SIDM01062","ACH-000643","1290922","HDQP1_BREAST","CVCL_2067","HDQ-P1",NA,"BRCA","Breast","Breast Carcinoma","Breast Carcinoma"
"SIDM01060","ACH-000882","907169","IGR1_SKIN","CVCL_1303","IGR-1",NA,"SKCM","Skin","Melanoma","Melanoma"
"SIDM01066","ACH-000650","1240153","IGR37_SKIN","CVCL_2075","IGR-37","MM1","SKCM","Skin","Melanoma","Melanoma"
"SIDM01059","ACH-000915","907171","IPC298_SKIN","CVCL_1307","IPC-298",NA,"SKCM","Skin","Melanoma","Cutaneous Melanoma"
"SIDM01038","ACH-000357","1327765","JEKO1_HAEMATOPOIETIC_AND_LYMPHOID_TISSUE","CVCL_1865","JEKO-1",NA,"DLBC","Haematopoietic and Lymphoid","B-Cell Non-Hodgkin's Lymphoma","Mantle Cell Lymphoma"
"SIDM01015","ACH-000326","1327771","JURLMK1_HAEMATOPOIETIC_AND_LYMPHOID_TISSUE","CVCL_2086","JURL-MK1",NA,"LCML","Haematopoietic and Lymphoid","Chronic Myelogenous Leukemia","Chronic Myelogenous Leukemia"
"SIDM01012","ACH-000346","907270","JVM3_HAEMATOPOIETIC_AND_LYMPHOID_TISSUE","CVCL_1320","JVM-3",NA,"CLL","Haematopoietic and Lymphoid","Other Blood Cancers","B-Cell Prolymphocytic Leukemia"
"SIDM01011","ACH-002254","1327773","KARPAS1106P_HAEMATOPOIETIC_AND_LYMPHOID_TISSUE","CVCL_1821","KARPAS-1106P","K1106","DLBC","Haematopoietic and Lymphoid","B-Cell Non-Hodgkin's Lymphoma","Mediastinal Thymic Large B-Cell Cell Lymphoma"
"SIDM01017","ACH-002255","1327774","KARPAS231_HAEMATOPOIETIC_AND_LYMPHOID_TISSUE","CVCL_1822","KARPAS-231",NA,"UNCLASSIFIED","Haematopoietic and Lymphoid","B-Lymphoblastic Leukemia","Adult B Acute Lymphoblastic Leukemia"
"SIDM01008","ACH-000315","907274","KARPAS422_HAEMATOPOIETIC_AND_LYMPHOID_TISSUE","CVCL_1325","KARPAS-422","K422","DLBC","Haematopoietic and Lymphoid","B-Cell Non-Hodgkin's Lymphoma","Diffuse Large B-Cell Lymphoma"
"SIDM01003","ACH-000101","907277","KE37_HAEMATOPOIETIC_AND_LYMPHOID_TISSUE","CVCL_1327","KE-37",NA,"ALL","Haematopoietic and Lymphoid","T-Lymphoblastic Leukemia","Adult T Acute Lymphoblastic Leukemia"
"SIDM01019","ACH-002258","907280","KMOE2_HAEMATOPOIETIC_AND_LYMPHOID_TISSUE","CVCL_1332","KMOE-2",NA,"LAML","Haematopoietic and Lymphoid","Acute Myeloid Leukemia","Erythroleukemia"
"SIDM01032","ACH-000823","753573","KYSE140_OESOPHAGUS","CVCL_1347","KYSE-140",NA,"ESCA","Esophagus","Esophageal Squamous Cell Carcinoma","Esophageal Squamous Cell Carcinoma"
"SIDM01031","ACH-000855","907317","KYSE150_OESOPHAGUS","CVCL_1348","KYSE-150","KY150","ESCA","Esophagus","Esophageal Squamous Cell Carcinoma","Esophageal Squamous Cell Carcinoma"
"SIDM01030","ACH-000693","907318","KYSE180_OESOPHAGUS","CVCL_1349","KYSE-180","KY180","ESCA","Esophagus","Esophageal Squamous Cell Carcinoma","Esophageal Squamous Cell Carcinoma"
"SIDM01028","ACH-000809","753574","KYSE410_OESOPHAGUS","CVCL_1352","KYSE-410",NA,"ESCA","Esophagus","Esophageal Squamous Cell Carcinoma","Esophageal Squamous Cell Carcinoma"
"SIDM01027","ACH-000865","907320","KYSE450_OESOPHAGUS","CVCL_1353","KYSE-450",NA,"ESCA","Esophagus","Esophageal Squamous Cell Carcinoma","Esophageal Squamous Cell Carcinoma"
"SIDM01026","ACH-000824","907321","KYSE510_OESOPHAGUS","CVCL_1354","KYSE-510",NA,"ESCA","Esophagus","Esophageal Squamous Cell Carcinoma","Esophageal Squamous Cell Carcinoma"
"SIDM01025","ACH-000637","753575","KYSE520_OESOPHAGUS","CVCL_1355","KYSE-520",NA,"ESCA","Esophagus","Esophageal Squamous Cell Carcinoma","Esophageal Squamous Cell Carcinoma"
"SIDM00926","ACH-000924","1298353","NCIH2172_LUNG","CVCL_1537","NCI-H2172",NA,"UNCLASSIFIED","Lung","Non-Small Cell Lung Carcinoma","Non-Small Cell Lung Carcinoma"
"SIDM01079","ACH-000441","909713","SH4_SKIN","CVCL_1692","SH-4",NA,"SKCM","Skin","Melanoma","Melanoma"
"SIDM01078","ACH-000790","724872","SHP77_LUNG","CVCL_1693","SHP-77",NA,"SCLC","Lung","Small Cell Lung Carcinoma","Small Cell Lung Carcinoma"
"SIDM00024",NA,"1331060",NA,"CVCL_3237","UE6E7T-3","UEET-3;Th-3",NA,"Bone","Non-Cancerous","Non-Cancerous"
"SIDM01077","ACH-000115","1299075","VCAP_PROSTATE","CVCL_2235","VCaP",NA,"PRAD","Prostate","Prostate Carcinoma","Prostate Carcinoma"
"SIDM01972","ACH-001999",NA,"9505BIK_PANCREAS",NA,"950-5-BIK",NA,"PAAD","Pancreas","Pancreatic Carcinoma","Pancreatic Ductal Adenocarcinoma"
"SIDM01034","ACH-001106","1330933","KOPN8_HAEMATOPOIETIC_AND_LYMPHOID_TISSUE","CVCL_1866","KOPN-8",NA,"UNCLASSIFIED","Haematopoietic and Lymphoid","B-Lymphoblastic Leukemia","Childhood B Acute Lymphoblastic Leukemia"
"SIDM01020","ACH-000380","907281","KMS12BM_HAEMATOPOIETIC_AND_LYMPHOID_TISSUE","CVCL_1334","KMS-12-BM",NA,"MM","Haematopoietic and Lymphoid","Plasma Cell Myeloma","Plasma Cell Myeloma"
"SIDM01043","ACH-000913","907000","ESS1_ENDOMETRIUM","CVCL_1205","ESS-1",NA,"UNCLASSIFIED","Endometrium","Other Sarcomas","Endometrial Stromal Sarcoma"
"SIDM01041","ACH-001500","1503361","FLO1_OESOPHAGUS","CVCL_2045","FLO-1",NA,"ESCA","Esophagus","Esophageal Carcinoma","Esophageal Adenocarcinoma"
"SIDM00780","ACH-000967",NA,"SNUC2A_LARGE_INTESTINE","CVCL_1709","SNU-C2A","NCI-SNU-C2A","COAD","Large Intestine","Colorectal Carcinoma","Cecum Adenocarcinoma"
"SIDM01033","ACH-000486","907312","KU1919_URINARY_TRACT","CVCL_1344","KU-19-19","KU 19-19, KU19-19;Keio University-19-19","BLCA","Bladder","Bladder Carcinoma","Bladder Carcinoma"
"SIDM01076","ACH-000070","906800","697_HAEMATOPOIETIC_AND_LYMPHOID_TISSUE","CVCL_0079","697","Line 697;EU-3","UNCLASSIFIED","Haematopoietic and Lymphoid","B-Lymphoblastic Leukemia","Childhood B Acute Lymphoblastic Leukemia"
"SIDM00189","ACH-002098","949092","CP67MEL_SKIN","CVCL_1145","CP67-MEL",NA,"SKCM","Skin","Melanoma","Melanoma"
"SIDM01048","ACH-000821","1297447","EJM_HAEMATOPOIETIC_AND_LYMPHOID_TISSUE","CVCL_2030","EJM",NA,"MM","Haematopoietic and Lymphoid","Plasma Cell Myeloma","Plasma Cell Myeloma"
"SIDM01040","ACH-000574","1240129","FUOV1_OVARY","CVCL_2047","FU-OV-1",NA,"OV","Ovary","Ovarian Carcinoma","High Grade Ovarian Serous Adenocarcinoma"
"SIDM01036","ACH-000653","1327766","JJN3_HAEMATOPOIETIC_AND_LYMPHOID_TISSUE","CVCL_2078","JJN-3",NA,"MM","Haematopoietic and Lymphoid","Plasma Cell Myeloma","Plasma Cell Myeloma"
"SIDM01130","ACH-000395","908443","NCIH520_LUNG","CVCL_1566","NCI-H520","NCI-HUT-520","LUSC","Lung","Squamous Cell Lung Carcinoma","Squamous Cell Lung Carcinoma"
"SIDM01127","ACH-000628","908459","NCIH596_LUNG","CVCL_1571","NCI-H596","NCI-HUT-596","UNCLASSIFIED","Lung","Non-Small Cell Lung Carcinoma","Adenosquamous Lung Carcinoma"
"SIDM01125","ACH-000378","1240191","NCIH647_LUNG","CVCL_1574","NCI-H647","H647ell","UNCLASSIFIED","Lung","Non-Small Cell Lung Carcinoma","Adenosquamous Lung Carcinoma"
"SIDM01126","ACH-001599","688026","NCIH64_LUNG","CVCL_1573","NCI-H64",NA,"SCLC","Lung","Small Cell Lung Carcinoma","Small Cell Lung Carcinoma"
"SIDM01124","ACH-000945","722066","NCIH650_LUNG","CVCL_1575","NCI-H650",NA,"LUAD","Lung","Non-Small Cell Lung Carcinoma","Lung Adenocarcinoma"
"SIDM01122","ACH-000853","687829","NCIH661_LUNG","CVCL_1577","NCI-H661",NA,"UNCLASSIFIED","Lung","Non-Small Cell Lung Carcinoma","Large Cell Lung Carcinoma"
"SIDM01121","ACH-000358","688027","NCIH69_LUNG","CVCL_1579","NCI-H69","NCI-HUT-69;H69/P;NCI-H69C","SCLC","Lung","Small Cell Lung Carcinoma","Small Cell Lung Carcinoma"
"SIDM01120","ACH-002174","687600","NCIH720_LUNG","CVCL_1583","NCI-H720",NA,"UNCLASSIFIED","Lung","Other Solid Cancers","Lung Carcinoid Tumor"
"SIDM01119","ACH-000775","724855","NCIH727_LUNG","CVCL_1584","NCI-H727",NA,"UNCLASSIFIED","Lung","Other Solid Cancers","Lung Carcinoid Tumor"
"SIDM01117","ACH-002176","909194","NCIH748_LUNG","CVCL_1588","NCI-H748",NA,"SCLC","Lung","Small Cell Lung Carcinoma","Small Cell Lung Carcinoma"
"SIDM01116","ACH-000789","925341","NCIH810_LUNG","CVCL_1590","NCI-H810",NA,"UNCLASSIFIED","Lung","Non-Small Cell Lung Carcinoma","Large Cell Lung Carcinoma"
"SIDM01131","ACH-000355","688031","NCIH82_LUNG","CVCL_1591","NCI-H82",NA,"SCLC","Lung","Small Cell Lung Carcinoma","Small Cell Lung Carcinoma"
"SIDM01150","ACH-000416","910399","NCIH838_LUNG","CVCL_1594","NCI-H838",NA,"LUAD","Lung","Non-Small Cell Lung Carcinoma","Lung Adenocarcinoma"
"SIDM01134","ACH-000292","1240192","NCIH841_LUNG","CVCL_1595","NCI-H841","NCI-841","SCLC","Lung","Small Cell Lung Carcinoma","Small Cell Lung Carcinoma"
"SIDM01149","ACH-001365","1240193","NCIH847_LUNG","CVCL_1596","NCI-H847",NA,"SCLC","Lung","Small Cell Lung Carcinoma","Small Cell Lung Carcinoma"
"SIDM01148","ACH-000050","724825","NCIH929_HAEMATOPOIETIC_AND_LYMPHOID_TISSUE","CVCL_1600","NCI-H929",NA,"MM","Haematopoietic and Lymphoid","Plasma Cell Myeloma","Plasma Cell Myeloma"
"SIDM01145","ACH-000581","908446","SNU16_STOMACH","CVCL_0076","SNU-16","NCI-SNU-16","STAD","Stomach","Gastric Carcinoma","Gastric Carcinoma"
"SIDM01144","ACH-000303","908445","SNU5_STOMACH","CVCL_0078","SNU-5","NCI-SNU-5","STAD","Stomach","Gastric Carcinoma","Gastric Carcinoma"
"SIDM01140","ACH-001374","909255","PA1_OVARY","CVCL_0479","PA-1","PA I","UNCLASSIFIED","Ovary","Ovarian Carcinoma","Ovarian Mixed Germ Cell Tumor"
"SIDM01138","ACH-000139","925346","PANC0327_PANCREAS","CVCL_1635","PANC-03-27","Panc 3.27;PL11","PAAD","Pancreas","Pancreatic Carcinoma","Pancreatic Adenocarcinoma"
"SIDM01092","ACH-002301","909697","RF48_HAEMATOPOIETIC_AND_LYMPHOID_TISSUE","CVCL_1657","RF-48",NA,"STAD","Haematopoietic and Lymphoid","B-Cell Non-Hodgkin's Lymphoma","Lymphoma"
"SIDM01089","ACH-000371","910861","RL_HAEMATOPOIETIC_AND_LYMPHOID_TISSUE","CVCL_1660","RL",NA,"DLBC","Haematopoietic and Lymphoid","B-Cell Non-Hodgkin's Lymphoma","Diffuse Large B-Cell Lymphoma"
"SIDM01085","ACH-000242","687455","RT4_URINARY_TRACT","CVCL_0036","RT4","RT4P","BLCA","Bladder","Bladder Carcinoma","Bladder Carcinoma"
"SIDM01083","ACH-000254","910911","SCC15_UPPER_AERODIGESTIVE_TRACT","CVCL_1681","SCC-15",NA,"HNSC","Head and Neck","Oral Cavity Carcinoma","Tongue Squamous Cell Carcinoma"
"SIDM01081","ACH-000238","910904","SCC4_UPPER_AERODIGESTIVE_TRACT","CVCL_1684","SCC-4",NA,"HNSC","Head and Neck","Oral Cavity Carcinoma","Tongue Squamous Cell Carcinoma"
"SIDM01080","ACH-000181","909709","SCC9_UPPER_AERODIGESTIVE_TRACT","CVCL_1685","SCC-9",NA,"HNSC","Head and Neck","Oral Cavity Carcinoma","Tongue Squamous Cell Carcinoma"
"SIDM01111","ACH-000087","684072","SKES1_BONE","CVCL_0627","SK-ES-1",NA,"UNCLASSIFIED","Bone","Ewing's Sarcoma","Ewing's Sarcoma"
"SIDM01110","ACH-000361","909719","SKHEP1_LIVER","CVCL_0525","SK-HEP-1",NA,"LIHC","Liver","Hepatocellular Carcinoma","Hepatocellular Carcinoma"
"SIDM01109","ACH-000145","909720","SKLMS1_SOFT_TISSUE","CVCL_0628","SK-LMS-1",NA,"UNCLASSIFIED","Soft Tissue","Other Sarcomas","Vulvar Leiomyosarcoma"
"SIDM01107","ACH-000465","909723","SKMEL1_SKIN","CVCL_0068","SK-MEL-1","SK 1","SKCM","Skin","Melanoma","Melanoma"
"SIDM01106","ACH-000822","909725","SKMEL24_SKIN","CVCL_0599","SK-MEL-24","AQ-Mel","SKCM","Skin","Melanoma","Melanoma"
"SIDM01105","ACH-000423","909724","SKMEL3_SKIN","CVCL_0550","SK-MEL-3",NA,"SKCM","Skin","Melanoma","Melanoma"
"SIDM01103","ACH-000665","909728","SKMES1_LUNG","CVCL_0630","SK-MES-1",NA,"LUSC","Lung","Squamous Cell Lung Carcinoma","Squamous Cell Lung Carcinoma"
"SIDM01101","ACH-000260","724828","SKNAS_AUTONOMIC_GANGLIA","CVCL_1700","SK-N-AS",NA,"NB","Peripheral Nervous System","Neuroblastoma","Neuroblastoma"
"SIDM01100","ACH-000366","688086","SKNDZ_AUTONOMIC_GANGLIA","CVCL_1701","SK-N-DZ",NA,"NB","Peripheral Nervous System","Neuroblastoma","Neuroblastoma"
"SIDM01099","ACH-000341","688087","SKNFI_AUTONOMIC_GANGLIA","CVCL_1702","SK-N-FI","SK-N-F1","NB","Peripheral Nervous System","Neuroblastoma","Neuroblastoma"
"SIDM01098","ACH-000149","717431","SKNSH_AUTONOMIC_GANGLIA","CVCL_0531","SK-N-SH",NA,"NB","Peripheral Nervous System","Neuroblastoma","Neuroblastoma"
"SIDM01097","ACH-001193","909731","SKPNDW_BONE","CVCL_1703","SK-PN-DW",NA,"UNCLASSIFIED","Central Nervous System","Other Solid Cancers","Primitive Neuroectodermal Tumor"
"SIDM01151","ACH-000483","1240216","SNU182_LIVER","CVCL_0090","SNU-182","NCI-SNU-182","HCC","Liver","Hepatocellular Carcinoma","Hepatocellular Carcinoma"
"SIDM01093","ACH-000556","930297","SIHA_CERVIX","CVCL_0032","SiHa",NA,"CESC","Cervix","Cervical Carcinoma","Human Papilloma Virus-Related Cervical Squamous Cell Carcinoma"
"SIDM01182","ACH-000522","724838","UMUC3_URINARY_TRACT","CVCL_1783","UM-UC-3",NA,"BLCA","Bladder","Bladder Carcinoma","Bladder Carcinoma"
"SIDM01982","ACH-001433",NA,"CCLFPEDS0008T_SOFT_TISSUE",NA,"CCLF_PEDS_0008_T",NA,"EPIS","Soft Tissue","Other Solid Cancers","Epithelioid Sarcoma"
"SIDM01984","ACH-001790",NA,"RH18DM_SOFT_TISSUE",NA,"RH18DM",NA,NA,"Soft Tissue","Rhabdomyosarcoma","Embryonal Rhabdomyosarcoma"
"SIDM01970","ACH-001623",NA,"ONDA8_CENTRAL_NERVOUS_SYSTEM",NA,"ONDA8",NA,"GB","Central Nervous System","Glioma","Glioma"
"SIDM01974","ACH-001793",NA,"LPS27_SOFT_TISSUE",NA,"LPS27",NA,"LIPO","Soft Tissue","Other Solid Cancers","Liposarcoma"
"SIDM01218","ACH-001530","907176","JEG3_PLACENTA","CVCL_0363","JEG-3",NA,"UNCLASSIFIED","Placenta","Other Solid Cancers","Gestational Choriocarcinoma"
"SIDM01132","ACH-001711","683667","PFSK1_CENTRAL_NERVOUS_SYSTEM","CVCL_1642","PFSK-1",NA,"MB","Central Nervous System","Other Solid Cancers","Primitive Neuroectodermal Tumor"
"SIDM01104","ACH-000640","909727","SKMEL31_SKIN","CVCL_0600","SK-MEL-31","AX-Mel","SKCM","Skin","Melanoma","Melanoma"
"SIDM01180","ACH-000478","909736","SNU387_LIVER","CVCL_0250","SNU-387","NCI-SNU-387","LIHC","Liver","Hepatocellular Carcinoma","Hepatocellular Carcinoma"
"SIDM00025","ACH-002391","1299073","UDSCC2_UPPER_AERODIGESTIVE_TRACT","CVCL_E325","UDSCC2",NA,NA,"Head and Neck","Head and Neck Carcinoma","Head and Neck Squamous Cell Carcinoma"
"SIDM01317","ACH-001173",NA,"R262_CENTRAL_NERVOUS_SYSTEM","CVCL_VU83","R262",NA,NA,"Central Nervous System","Other Solid Cancers","Medulloblastoma"
"SIDM01307",NA,NA,NA,NA,"HCM-SANG-0288-C18","WTSI-COLO_170",NA,"Large Intestine","Colorectal Carcinoma","Colon Adenocarcinoma"
"SIDM01001","ACH-000258","906844","DU4475_BREAST","CVCL_1183","DU-4475",NA,"BRCA","Breast","Breast Carcinoma","Breast Carcinoma"
"SIDM01057","ACH-000081","906870","GDM1_HAEMATOPOIETIC_AND_LYMPHOID_TISSUE","CVCL_1230","GDM-1",NA,"LAML","Haematopoietic and Lymphoid","Acute Myeloid Leukemia","Adult Acute Myeloid Leukemia"
"SIDM01210","ACH-002259","924188","KNS81FD_CENTRAL_NERVOUS_SYSTEM","CVCL_1336","KNS-81-FD",NA,"LGG","Central Nervous System","Glioblastoma","Glioblastoma"
"SIDM01220","ACH-002269","1240170","LNZTA3WT4_CENTRAL_NERVOUS_SYSTEM","CVCL_3540","LNZTA3WT4","LNZTA3p53WT4","GBM","Central Nervous System","Glioma","Astrocytoma"
"SIDM01217","ACH-002276","1330960","MYM12_HAEMATOPOIETIC_AND_LYMPHOID_TISSUE","CVCL_3035","MY-M12","MY clone M12","ALL","Haematopoietic and Lymphoid","Other Blood Cancers","Acute Biphenotypic Leukemia"
"SIDM01133","ACH-002177","753607","NCIH835_LUNG","CVCL_1593","NCI-H835",NA,"UNCLASSIFIED","Lung","Other Solid Cancers","Lung Carcinoid Tumor"
"SIDM01147","ACH-000427","908461","NCIN87_STOMACH","CVCL_1603","NCI-N87","NCI-H87","STAD","Stomach","Gastric Carcinoma","Gastric Tubular Adenocarcinoma"
"SIDM01201","ACH-002289","1330981","NK92MI_HAEMATOPOIETIC_AND_LYMPHOID_TISSUE","CVCL_3755","NK-92MI",NA,"UNCLASSIFIED","Haematopoietic and Lymphoid","Other Blood Cancers","Natural Killer Cell Lymphoblastic Leukemia or Lymphoma"
"SIDM01141","ACH-000291","1240197","OV90_OVARY","CVCL_3768","OV-90",NA,"OV","Ovary","Ovarian Carcinoma","Ovarian Adenocarcinoma"
"SIDM01096","ACH-000400","909718","SKCO1_LARGE_INTESTINE","CVCL_0626","SK-CO-1","SKCol1","COREAD","Large Intestine","Colorectal Carcinoma","Colon Adenocarcinoma"
"SIDM01181","ACH-000221","1240217","SNU398_LIVER","CVCL_0077","SNU-398","NCI-SNU-398","LIHC","Liver","Hepatocellular Carcinoma","Hepatocellular Carcinoma"
"SIDM01194","ACH-000420","909738","SNU449_LIVER","CVCL_0454","SNU-449","NCI-SNU-449","LIHC","Liver","Hepatocellular Carcinoma","Hepatocellular Carcinoma"
"SIDM01196","ACH-000422","909739","SNU475_LIVER","CVCL_0497","SNU-475","NCI-SNU-475","LIHC","Liver","Hepatocellular Carcinoma","Hepatocellular Carcinoma"
"SIDM01197","ACH-000722","910905","SNUC1_LARGE_INTESTINE","CVCL_1708","SNU-C1","NCI-SNU-C1","COREAD","Large Intestine","Colorectal Carcinoma","Colon Adenocarcinoma"
"SIDM01198","ACH-000567","910906","ST486_HAEMATOPOIETIC_AND_LYMPHOID_TISSUE","CVCL_1712","ST486",NA,"UNCLASSIFIED","Haematopoietic and Lymphoid","Burkitt's Lymphoma","Burkitt's Lymphoma"
"SIDM01188","ACH-000114","1240218","SU8686_PANCREAS","CVCL_3881","SU8686",NA,"PAAD","Pancreas","Pancreatic Carcinoma","Pancreatic Adenocarcinoma"
"SIDM01176","ACH-000059","1247871","SUPB15_HAEMATOPOIETIC_AND_LYMPHOID_TISSUE","CVCL_0103","SUP-B15","SupB15W;SupB15WT","ALL","Haematopoietic and Lymphoid","B-Lymphoblastic Leukemia","Childhood B Acute Lymphoblastic Leukemia"
"SIDM01177","ACH-002308","910209","SUPB8_HAEMATOPOIETIC_AND_LYMPHOID_TISSUE","CVCL_1713","SUP-B8",NA,"UNCLASSIFIED","Haematopoietic and Lymphoid","B-Lymphoblastic Leukemia","Childhood B Acute Lymphoblastic Leukemia"
"SIDM01154","ACH-000953","909743","SUPT1_HAEMATOPOIETIC_AND_LYMPHOID_TISSUE","CVCL_1714","SUP-T1","Tsup-1;VB","ALL","Haematopoietic and Lymphoid","T-Lymphoblastic Leukemia","Childhood Precursor T Lymphoblastic Lymphoma"
"SIDM01155","ACH-000437","909745","SW1088_CENTRAL_NERVOUS_SYSTEM","CVCL_1715","SW1088",NA,"GBM","Central Nervous System","Glioma","Astrocytoma"
"SIDM01162","ACH-001398","1240220","SW156_KIDNEY","CVCL_1719","SW156",NA,"KIRC","Kidney","Kidney Carcinoma","Renal Cell Carcinoma"
"SIDM01165","ACH-000155","910907","SW1990_PANCREAS","CVCL_1723","SW1990",NA,"PAAD","Pancreas","Pancreatic Carcinoma","Pancreatic Adenocarcinoma"
"SIDM01175","ACH-002309","909754","SW684_SOFT_TISSUE","CVCL_1726","SW684",NA,"UNCLASSIFIED","Soft Tissue","Other Sarcomas","Fibrosarcoma"
"SIDM01174","ACH-001402","724839","SW756_CERVIX","CVCL_1727","SW756",NA,"CESC","Cervix","Cervical Carcinoma","Human Papilloma Virus-Related Cervical Squamous Cell Carcinoma"
"SIDM01160","ACH-000384","687457","SW780_URINARY_TRACT","CVCL_1728","SW780",NA,"BLCA","Bladder","Bladder Carcinoma","Bladder Carcinoma"
"SIDM01158","ACH-000669","724879","SW900_LUNG","CVCL_1731","SW900",NA,"LUSC","Lung","Squamous Cell Lung Carcinoma","Squamous Cell Lung Carcinoma"
"SIDM01157","ACH-001400","924247","SW954_VULVA","CVCL_1732","SW954",NA,"UNCLASSIFIED","Vulva","Other Solid Cancers","Vulvar Squamous Cell Carcinoma"
"SIDM01178","ACH-002200","909758","SW962_VULVA","CVCL_1733","SW962",NA,"UNCLASSIFIED","Vulva","Other Solid Cancers","Vulvar Carcinoma"
"SIDM01161","ACH-001274","909759","SW982_SOFT_TISSUE","CVCL_1734","SW982",NA,"UNCLASSIFIED","Soft Tissue","Other Sarcomas","Synovial Sarcoma"
"SIDM01084","ACH-000410","909707","SAOS2_BONE","CVCL_0548","Saos-2","Sarcoma OSteogenic-2","UNCLASSIFIED","Bone","Osteosarcoma","Osteosarcoma"
"SIDM01184","ACH-000018","724812","T24_URINARY_TRACT","CVCL_0554","T24",NA,"BLCA","Bladder","Bladder Carcinoma","Bladder Carcinoma"
"SIDM01171","ACH-000571","687586","T98G_CENTRAL_NERVOUS_SYSTEM","CVCL_0556","T98G",NA,"GBM","Central Nervous System","Glioblastoma","Glioblastoma"
"SIDM01190","ACH-000720","687459","TCCSUP_URINARY_TRACT","CVCL_1738","TCCSUP",NA,"BLCA","Bladder","Bladder Carcinoma","Bladder Carcinoma"
"SIDM01173","ACH-000772","924248","TE441T_SOFT_TISSUE","CVCL_1754","TE-441-T",NA,"UNCLASSIFIED","Soft Tissue","Rhabdomyosarcoma","Rhabdomyosarcoma"
"SIDM01172","ACH-000146","909771","THP1_HAEMATOPOIETIC_AND_LYMPHOID_TISSUE","CVCL_0006","THP-1","THPI;THP-1(ATCC)","LAML","Haematopoietic and Lymphoid","Acute Myeloid Leukemia","Childhood Acute Differentiated Monocytic Leukemia"
"SIDM01170","ACH-000048","1299070","TOV112D_OVARY","CVCL_3612","TOV-112D",NA,"OV","Ovary","Ovarian Carcinoma","Ovarian Endometrioid Adenocarcinoma"
"SIDM01193","ACH-000040","687588","U118MG_CENTRAL_NERVOUS_SYSTEM","CVCL_0633","U-118-MG",NA,"GBM","Central Nervous System","Glioma","Astrocytoma"
"SIDM01189","ACH-000075","687590","U87MG_CENTRAL_NERVOUS_SYSTEM","CVCL_0022","U-87-MG","U-87MG ATCC","GBM","Central Nervous System","Glioblastoma","Glioblastoma"
"SIDM01187","ACH-000568","910910","UACC812_BREAST","CVCL_1781","UACC-812",NA,"BRCA","Breast","Breast Carcinoma","Invasive Ductal Carcinoma Not Otherwise Specified"
"SIDM01186","ACH-000554","909778","UACC893_BREAST","CVCL_1782","UACC-893",NA,"BRCA","Breast","Breast Carcinoma","Invasive Ductal Carcinoma Not Otherwise Specified"
"SIDM01179","ACH-001702","688121","VAESBJ_SOFT_TISSUE","CVCL_1785","VA-ES-BJ",NA,"UNCLASSIFIED","Soft Tissue","Other Sarcomas","Epithelioid Sarcoma"
"SIDM01356","ACH-001563",NA,"MM127_SKIN","CVCL_2601","MM127",NA,"MEL","Skin","Melanoma","Melanoma"
"SIDM01976","ACH-001836",NA,"ICC108_BILIARY_TRACT",NA,"ICC10-8",NA,"IHCH","Biliary Tract","Biliary Tract Carcinoma","Intrahepatic Cholangiocarcinoma"
"SIDM01978","ACH-001848",NA,"ICC8_BILIARY_TRACT",NA,"ICC8",NA,"IHCH","Biliary Tract","Biliary Tract Carcinoma","Intrahepatic Cholangiocarcinoma"
"SIDM01980","ACH-001849",NA,"ICC9_BILIARY_TRACT",NA,"ICC9",NA,"IHCH","Biliary Tract","Biliary Tract Carcinoma","Intrahepatic Cholangiocarcinoma"
"SIDM01973","ACH-001791",NA,"LPS6_SOFT_TISSUE",NA,"LPS6",NA,"LIPO","Soft Tissue","Other Solid Cancers","Liposarcoma"
"SIDM01975","ACH-001835",NA,"ICC106_BILIARY_TRACT",NA,"ICC10-6",NA,"IHCH","Biliary Tract","Biliary Tract Carcinoma","Intrahepatic Cholangiocarcinoma"
"SIDM01977","ACH-001841",NA,"ICC15_BILIARY_TRACT",NA,"ICC15",NA,"IHCH","Biliary Tract","Biliary Tract Carcinoma","Cholangiocarcinoma"
"SIDM01979","ACH-001843",NA,"ICC3_BILIARY_TRACT",NA,"ICC3",NA,"IHCH","Biliary Tract","Biliary Tract Carcinoma","Intrahepatic Cholangiocarcinoma"
"SIDM01981","ACH-001838",NA,"ICC12_BILIARY_TRACT",NA,"ICC12",NA,"IHCH","Biliary Tract","Biliary Tract Carcinoma","Intrahepatic Cholangiocarcinoma"
"SIDM01983","ACH-001164",NA,"CCLFPEDS0003T_SOFT_TISSUE",NA,"CCLF_PEDS_0003_T",NA,"MFH","Soft Tissue","Other Solid Cancers","Undifferentiated Sarcoma - Not Otherwise Specified"
"SIDM01985","ACH-001997",NA,"ECC2_BILIARY_TRACT",NA,"ECC2",NA,"EHCH","Biliary Tract","Biliary Tract Carcinoma","Cholangiocarcinoma"
"SIDM00978",NA,NA,NA,"CVCL_6795","WM-239A",NA,NA,"Skin","Melanoma","Melanoma"
"SIDM01244",NA,NA,NA,"CVCL_0367","Jurkat-Clone-E6-1",NA,NA,"Haematopoietic and Lymphoid","T-Lymphoblastic Leukemia","Childhood T Acute Lymphoblastic Leukemia"
"SIDM00914","ACH-000931",NA,"HMCB_SKIN","CVCL_3317","HMCB","HCMB;Human Melanoma Cell Bowes;Bowes melanoma cells","MEL","Skin","Melanoma","Melanoma"
"SIDM01225",NA,NA,NA,"CVCL_2598","MES-SA-Dx-5",NA,NA,"Uterus","Other Sarcomas","Uterine Corpus Sarcoma"
"SIDM01315","ACH-001270",NA,"127399_SOFT_TISSUE","CVCL_N588","1273-99",NA,"SYNS","Soft Tissue","Other Solid Cancers","Synovial Sarcoma"
"SIDM00464",NA,NA,NA,"CVCL_3115","OVSAYO",NA,NA,"Ovary","Ovarian Carcinoma","High Grade Ovarian Serous Adenocarcinoma"
"SIDM01319",NA,NA,NA,"CVCL_6749","PK-45P",NA,NA,"Pancreas","Pancreatic Carcinoma","Pancreatic Carcinoma"
"SIDM01327",NA,NA,NA,"CVCL_M468","PaCaDD-183",NA,NA,"Pancreas","Pancreatic Carcinoma","Pancreatic Ductal Adenocarcinoma"
"SIDM01329","ACH-001379",NA,"PACADD161_PANCREAS","CVCL_M466","PaCaDD-161",NA,"PAAD","Pancreas","Pancreatic Carcinoma","Pancreatic Ductal Adenocarcinoma"
"SIDM01314",NA,NA,NA,NA,"HCM-SANG-0273-C18","WTSI-COLO_027",NA,"Large Intestine","Colorectal Carcinoma","Colon Adenocarcinoma"
"SIDM01297",NA,NA,NA,NA,"HCM-SANG-0275-C18","WTSI-COLO_037",NA,"Large Intestine","Colorectal Carcinoma","Colon Adenocarcinoma"
"SIDM00002","ACH-002340","925342","NBSUSSR_AUTONOMIC_GANGLIA","CVCL_1450","NBsusSR",NA,"NBL","Peripheral Nervous System","Neuroblastoma","Neuroblastoma"
"SIDM00005","ACH-000044","908119","MDAMB134VI_BREAST","CVCL_0617","MDA-MB-134-VI","MDA-134;MM134","ILC","Breast","Breast Carcinoma","Ductal Breast Carcinoma"
"SIDM00006","ACH-001552","1298234","MCC26_SKIN","CVCL_2585","MCC26","MCC26TC","MCC","Skin","Other Solid Cancers","Merkel Cell Carcinoma"
"SIDM00007","ACH-001550","1333003","MCC13_SKIN","CVCL_2583","MCC13","MCC13TC","MCC","Skin","Other Solid Cancers","Merkel Cell Carcinoma"
"SIDM00009","ACH-002390","907798","MC1010_HAEMATOPOIETIC_AND_LYMPHOID_TISSUE","CVCL_1396","MC-1010",NA,NA,"Haematopoietic and Lymphoid","Acute Myeloid Leukemia","Acute Myeloid Leukemia"
"SIDM00014","ACH-001546","2162949","LIM1215_LARGE_INTESTINE","CVCL_2574","LIM1215",NA,NA,"Large Intestine","Colorectal Carcinoma","Colon Carcinoma"
"SIDM00017","ACH-000912","1298355","NCIH2286_LUNG","CVCL_1545","NCI-H2286",NA,"SCLC","Lung","Squamous Cell Lung Carcinoma","Squamous Cell Lung Carcinoma"
"SIDM00029","ACH-000659","753611","SCLC21H_LUNG","CVCL_0024","SCLC-21H",NA,"SCLC","Lung","Small Cell Lung Carcinoma","Small Cell Lung Carcinoma"
"SIDM00032","ACH-000839","1299051","SCABER_URINARY_TRACT","CVCL_3599","SCaBER",NA,"BLSC","Bladder","Bladder Carcinoma","Bladder Carcinoma"
"SIDM00048","ACH-002101","1503369","EMCBAC1_LUNG","CVCL_X486","EMC-BAC-1",NA,"LUAD","Lung","Non-Small Cell Lung Carcinoma","Non-Small Cell Lung Carcinoma"
"SIDM00047","ACH-002102","1503370","EMCBAC2_LUNG","CVCL_X487","EMC-BAC-2",NA,"LUAD","Lung","Non-Small Cell Lung Carcinoma","Non-Small Cell Lung Carcinoma"
"SIDM00045","ACH-002141","1322224","HSC39_STOMACH","CVCL_A385","HSC-39",NA,"STAD","Stomach","Gastric Carcinoma","Signet Ring Cell Gastric Adenocarcinoma"
"SIDM00044","ACH-002295","1298529","PCI30_UPPER_AERODIGESTIVE_TRACT","CVCL_C757","PCI-30",NA,"HNSC","Head and Neck","Head and Neck Carcinoma","Head and Neck Squamous Cell Carcinoma"
"SIDM00043","ACH-002297","1298531","PCI4B_UPPER_AERODIGESTIVE_TRACT","CVCL_C171","PCI-4B","PCI-04B;PCI-4M","HNSC","Head and Neck","Head and Neck Carcinoma","Laryngeal Squamous Cell Carcinoma"
"SIDM00042","ACH-002186","1298533","PL4_PANCREAS","CVCL_S976","PL4",NA,"PAAD","Pancreas","Pancreatic Carcinoma","Pancreatic Ductal Adenocarcinoma"
"SIDM00816","ACH-002192","1524419","RCCMF_KIDNEY","CVCL_5884","RCC-MF","KTCTL-1M","KIRC","Kidney","Kidney Carcinoma","Clear Cell Renal Cell Carcinoma"
"SIDM00023","ACH-002311","946356","TE12_OESOPHAGUS","CVCL_1762","TE-12",NA,"ESCA","Esophagus","Esophageal Squamous Cell Carcinoma","Esophageal Squamous Cell Carcinoma"
"SIDM01304",NA,NA,NA,NA,"HCM-SANG-0284-C18","WTSI-COLO_141",NA,"Large Intestine","Colorectal Carcinoma","Colon Adenocarcinoma"
"SIDM00033","ACH-002396","1303910","SARC9371_BONE","CVCL_5G89","Sarc9371",NA,NA,"Bone","Osteosarcoma","Osteosarcoma"
"SIDM00035","ACH-000037","910946","S117_SOFT_TISSUE","CVCL_1674","S-117",NA,"SARCNOS","Thyroid","Thyroid Gland Carcinoma","Thyroid Gland Sarcoma"
"SIDM01389",NA,NA,NA,"CVCL_8330","SZ-4",NA,NA,"Haematopoietic and Lymphoid","T-Cell Non-Hodgkin's Lymphoma","Mycosis Fungoides and Sezary Syndrome"
"SIDM01395","ACH-001295",NA,"Y79_AUTONOMIC_GANGLIA","CVCL_1893","Y79",NA,"RBL","Eye","Other Solid Cancers","Retinoblastoma"
"SIDM01399","ACH-001232",NA,"UW228_CENTRAL_NERVOUS_SYSTEM","CVCL_8585","UW228",NA,"MBL","Central Nervous System","Other Solid Cancers","Medulloblastoma"
"SIDM01401","ACH-001416",NA,"UMUC9_URINARY_TRACT","CVCL_2753","UM-UC-9",NA,"BLCA","Bladder","Bladder Carcinoma","Bladder Carcinoma"
"SIDM01403","ACH-001414",NA,"UMUC6_URINARY_TRACT","CVCL_2751","UM-UC-6",NA,"BLCA","Bladder","Bladder Carcinoma","Bladder Carcinoma"
"SIDM01324","ACH-000606",NA,"PECAPJ34CLONEC12_UPPER_AERODIGESTIVE_TRACT","CVCL_2679","PE-CA-PJ34_Clone-C12",NA,"OCSC","Head and Neck","Head and Neck Carcinoma","Basaloid Squamous Cell Carcinoma"
"SIDM01326","ACH-001382",NA,"PACADD188_PANCREAS","CVCL_M469","PaCaDD-188",NA,"PAAD","Pancreas","Pancreatic Carcinoma","Pancreatic Ductal Adenocarcinoma"
"SIDM01328","ACH-001380",NA,"PACADD165_PANCREAS","CVCL_M467","PaCaDD-165",NA,"PAAD","Pancreas","Pancreatic Carcinoma","Pancreatic Ductal Adenocarcinoma"
"SIDM01330","ACH-001378",NA,"PACADD159_PANCREAS","CVCL_M465","PaCaDD-159",NA,"PAAD","Pancreas","Pancreatic Carcinoma","Pancreatic Ductal Adenocarcinoma"
"SIDM01332","ACH-000774",NA,"RERFLCAD2_LUNG","CVCL_1652","RERF-LC-AD2",NA,"LUAD","Lung","Non-Small Cell Lung Carcinoma","Lung Adenocarcinoma"
"SIDM01334",NA,NA,NA,"CVCL_L415","RH-3",NA,NA,"Soft Tissue","Rhabdomyosarcoma","Alveolar Rhabdomyosarcoma"
"SIDM01338","ACH-000600",NA,"SLR26_KIDNEY","CVCL_V612","SLR26",NA,"CCRCC","Kidney","Kidney Carcinoma","Renal Cell Carcinoma"
"SIDM01340","ACH-000246",NA,"SLR23_KIDNEY","CVCL_V609","SLR23",NA,"CCRCC","Kidney","Kidney Carcinoma","Renal Cell Carcinoma"
"SIDM01342",NA,NA,NA,"CVCL_M464","PaCaDD-141",NA,NA,"Pancreas","Pancreatic Carcinoma","Pancreatic Ductal Adenocarcinoma"
"SIDM01344","ACH-001645",NA,"SEKI_SKIN","CVCL_3162","SEKI",NA,"MEL","Skin","Melanoma","Melanoma"
"SIDM01346","ACH-001184",NA,"SCMCRM2_SOFT_TISSUE","CVCL_A667","SCMC-RM2",NA,"ERMS","Soft Tissue","Rhabdomyosarcoma","Embryonal Rhabdomyosarcoma"
"SIDM01348","ACH-001745",NA,"RHJT_SOFT_TISSUE","CVCL_VU81","RH-JT",NA,"ARMS","Soft Tissue","Rhabdomyosarcoma","Alveolar Rhabdomyosarcoma"
"SIDM01350","ACH-001751",NA,"RH36_SOFT_TISSUE","CVCL_M599","RH-36",NA,"ERMS","Soft Tissue","Rhabdomyosarcoma","Embryonal Rhabdomyosarcoma"
"SIDM01352","ACH-001377",NA,"PACADD137_PANCREAS","CVCL_1850","PaCaDD-137",NA,"PAAD","Pancreas","Pancreatic Carcinoma","Pancreatic Ductal Adenocarcinoma"
"SIDM01354","ACH-001375",NA,"PACADD119_PANCREAS","CVCL_1848","PaCaDD-119",NA,"PAAD","Pancreas","Pancreatic Carcinoma","Pancreatic Ductal Adenocarcinoma"
"SIDM01358",NA,NA,NA,"CVCL_D021","MCC15",NA,NA,"Skin","Other Solid Cancers","Merkel Cell Carcinoma"
"SIDM01360","ACH-001551",NA,"MCC142_SKIN","CVCL_2584","MCC14-2",NA,"MCC","Skin","Other Solid Cancers","Merkel Cell Carcinoma"
"SIDM01362","ACH-001567",NA,"MM383_SKIN","CVCL_2606","MM383",NA,"MEL","Skin","Melanoma","Melanoma"
"SIDM01364",NA,NA,NA,"CVCL_3961","LN-444",NA,NA,"Central Nervous System","Glioblastoma","Glioblastoma"
"SIDM01366",NA,NA,NA,"CVCL_6845","LN-992",NA,NA,"Central Nervous System","Glioma","Astrocytoma"
"SIDM01370","ACH-001354",NA,"LAN2_AUTONOMIC_GANGLIA","CVCL_1829","LA-N-2",NA,"NBL","Peripheral Nervous System","Neuroblastoma","Neuroblastoma"
"SIDM01374","ACH-001128",NA,"MON_SOFT_TISSUE","CVCL_M846","MON",NA,"ATRT","Soft Tissue","Other Solid Cancers","Extrarenal Rhabdoid Tumor"
"SIDM01376",NA,NA,NA,"CVCL_8781","PaCaDD-43",NA,NA,"Pancreas","Pancreatic Carcinoma","Pancreatic Ductal Adenocarcinoma"
"SIDM01308",NA,NA,NA,NA,"HCM-SANG-0292-C15","WTSI-OESO_013",NA,"Esophagus","Esophageal Carcinoma","Esophageal Adenocarcinoma"
"SIDM00018","ACH-000498","907284;1330932","KO52_HAEMATOPOIETIC_AND_LYMPHOID_TISSUE","CVCL_1321","K052","KO52","AML","Haematopoietic and Lymphoid","Acute Myeloid Leukemia","Adult Acute Myeloid Leukemia"
"SIDM00026","ACH-001670","1299067","TASK1_CENTRAL_NERVOUS_SYSTEM","CVCL_3177","TASK1",NA,"PNET","Central Nervous System","Other Solid Cancers","Primitive Neuroectodermal Tumor"
"SIDM01291",NA,NA,NA,NA,"HCM-SANG-0294-C15","WTSI-OESO_036",NA,"Esophagus","Esophageal Carcinoma","Esophageal Adenocarcinoma"
"SIDM01310",NA,NA,NA,NA,"HCM-SANG-0299-C15","WTSI-OESO_095",NA,"Esophagus","Esophageal Carcinoma","Esophageal Adenocarcinoma"
"SIDM00039",NA,"1479994",NA,"CVCL_EQ74","IOSE-75-16SV40",NA,NA,"Ovary","Ovarian Carcinoma","Ovarian Carcinoma"
"SIDM00059",NA,"1479993",NA,"CVCL_E234","IOSE-523(-)",NA,NA,"Ovary","Ovarian Carcinoma","Ovarian Carcinoma"
"SIDM00060",NA,"1479992",NA,"CVCL_5541","IOSE-397",NA,NA,"Ovary","Ovarian Carcinoma","Ovarian Carcinoma"
"SIDM00061",NA,"1479991",NA,"CVCL_5540","IOSE-364(-)",NA,NA,"Ovary","Ovarian Carcinoma","Ovarian Carcinoma"
"SIDM00051","ACH-002092","1290767","CHSA0011_BONE","CVCL_X483","CHSA0011",NA,"UNCLASSIFIED","Bone","Chondrosarcoma","Chondrosarcoma"
"SIDM00793","ACH-002236","906847","EB3_HAEMATOPOIETIC_AND_LYMPHOID_TISSUE","CVCL_1185","EB-3","Epstein-Barr-3;GM04679","UNCLASSIFIED","Haematopoietic and Lymphoid","Burkitt's Lymphoma","Epstein-Barr Virus-Related Burkitt s Lymphoma"
"SIDM00280","ACH-000560","906848","ECC10_STOMACH","CVCL_1188","ECC10",NA,"UNCLASSIFIED","Stomach","Gastric Carcinoma","Gastric Small Cell Neuroendocrine Carcinoma"
"SIDM00367","ACH-002197","753610","SBC3_LUNG","CVCL_1678","SBC-3",NA,"SCLC","Lung","Small Cell Lung Carcinoma","Small Cell Lung Carcinoma"
"SIDM01095","ACH-000833;ACH-001741;ACH-001189","909716","SJRH30_SOFT_TISSUE","CVCL_0041","SJRH30","RH30SJ;SJCRH30;RC13;RMS 13;RH-30","UNCLASSIFIED","Soft Tissue","Rhabdomyosarcoma","Alveolar Rhabdomyosarcoma"
"SIDM00041","ACH-002306","1299061","STS0421_SOFT_TISSUE","CVCL_X508","STS-0421",NA,"UNCLASSIFIED","Stomach","Gastric Carcinoma","Gastric Adenocarcinoma"
"SIDM00040","ACH-002202","1299069","TMK1_STOMACH","CVCL_4384","TMK-1",NA,"STAD","Stomach","Gastric Carcinoma","Gastric Adenocarcinoma"
"SIDM00068","ACH-002394","2164691","GEO_LARGE_INTESTINE","CVCL_0271","Geo","HCT-GEO",NA,"Large Intestine","Colorectal Carcinoma","Colon Carcinoma"
"SIDM00069","ACH-002024","906850",NA,"CVCL_1190","ECC4",NA,"READ","Large Intestine","Colorectal Carcinoma","Rectal Adenocarcinoma"
"SIDM00073","ACH-001451","753536","BOKU_CERVIX","CVCL_1089","BOKU",NA,"CESC","Cervix","Cervical Carcinoma","Cervical Squamous Cell Carcinoma"
"SIDM01482","ACH-000695",NA,"CORL47_LUNG","CVCL_2415","COR-L47",NA,"SCLC","Lung","Small Cell Lung Carcinoma","Small Cell Lung Carcinoma"
"SIDM01380","ACH-001369",NA,"OCIC5X_OVARY","CVCL_DH06","OCI-C5x",NA,"CCOV","Ovary","Ovarian Carcinoma","Ovarian Clear Cell Adenocarcinoma"
"SIDM01382","ACH-001570",NA,"MM426_SKIN","CVCL_2609","MM426",NA,"MEL","Skin","Melanoma","Melanoma"
"SIDM01384","ACH-000251",NA,"NCIH2887_LUNG","CVCL_5159","NCI-H2887",NA,"NSCLC","Lung","Squamous Cell Lung Carcinoma","Squamous Cell Lung Carcinoma"
"SIDM01388","ACH-001303",NA,"NB1643_AUTONOMIC_GANGLIA","CVCL_5627","NB-1643",NA,"NBL","Peripheral Nervous System","Neuroblastoma","Neuroblastoma"
"SIDM01390",NA,NA,NA,"CVCL_2618","MOR",NA,NA,"Lung","Non-Small Cell Lung Carcinoma","Lung Adenocarcinoma"
"SIDM01392","ACH-001111",NA,"L82_HAEMATOPOIETIC_AND_LYMPHOID_TISSUE","CVCL_2098","L-82",NA,"ALCLALKP","Haematopoietic and Lymphoid","T-Cell Non-Hodgkin's Lymphoma","Anaplastic Large Cell Lymphoma"
"SIDM01396",NA,NA,NA,"CVCL_6808","WM983A",NA,NA,"Skin","Melanoma","Melanoma"
"SIDM01400","ACH-000262",NA,"UOK101_KIDNEY","CVCL_B076","UOK101",NA,"CCRCC","Kidney","Kidney Carcinoma","Clear Cell Renal Cell Carcinoma"
"SIDM01402","ACH-001415",NA,"UMUC7_URINARY_TRACT","CVCL_2752","UM-UC-7",NA,"BLCA","Bladder","Bladder Carcinoma","Bladder Carcinoma"
"SIDM01404","ACH-001409",NA,"UMUC16_URINARY_TRACT","CVCL_2748","UM-UC-16",NA,"BLCA","Bladder","Bladder Carcinoma","Bladder Carcinoma"
"SIDM01333","ACH-001740",NA,"RH28_SOFT_TISSUE","CVCL_8752","RH-28",NA,"ARMS","Soft Tissue","Rhabdomyosarcoma","Alveolar Rhabdomyosarcoma"
"SIDM01337","ACH-001196",NA,"SMSCTR_SOFT_TISSUE","CVCL_A770","SMS-CTR",NA,"ERMS","Soft Tissue","Rhabdomyosarcoma","Embryonal Rhabdomyosarcoma"
"SIDM01339","ACH-000272",NA,"SLR24_KIDNEY","CVCL_V610","SLR24",NA,"CCRCC","Kidney","Kidney Carcinoma","Renal Cell Carcinoma"
"SIDM01345","ACH-001280",NA,"SCS214_SOFT_TISSUE","CVCL_WU91","SCS214",NA,"SYNS","Soft Tissue","Other Solid Cancers","Synovial Sarcoma"
"SIDM01349","ACH-001765",NA,"RH4_SOFT_TISSUE","CVCL_5916","RH-4",NA,"ARMS","Soft Tissue","Rhabdomyosarcoma","Alveolar Rhabdomyosarcoma"
"SIDM01351","ACH-000887",NA,"SF172_CENTRAL_NERVOUS_SYSTEM","CVCL_V613","SF172",NA,"GB","Central Nervous System","Glioblastoma","Glioblastoma"
"SIDM01353","ACH-001376",NA,"PACADD135_PANCREAS","CVCL_1849","PaCaDD-135",NA,"PAAD","Pancreas","Pancreatic Carcinoma","Pancreatic Ductal Adenocarcinoma"
"SIDM01355","ACH-001566",NA,"MM370_SKIN","CVCL_2605","MM370",NA,"MEL","Skin","Melanoma","Melanoma"
"SIDM01357","ACH-001554",NA,"MEL202_EYE","CVCL_C301","Mel-202",NA,"UM","Eye","Melanoma","Uveal Melanoma"
"SIDM01359",NA,NA,NA,"CVCL_4447","MCC14-1",NA,NA,"Skin","Other Solid Cancers","Merkel Cell Carcinoma"
"SIDM01361","ACH-001119",NA,"MAC2A_HAEMATOPOIETIC_AND_LYMPHOID_TISSUE","CVCL_H637","Mac-2A",NA,"ALCLALKN","Haematopoietic and Lymphoid","Other Blood Cancers","Anaplastic Large Cell Lymphoma"
"SIDM01365","ACH-000215",NA,"LN382_CENTRAL_NERVOUS_SYSTEM","CVCL_3956","LN-382",NA,"GB","Central Nervous System","Glioblastoma","Glioblastoma"
"SIDM01367","ACH-000591",NA,"LN235_CENTRAL_NERVOUS_SYSTEM","CVCL_3957","LN-235",NA,"ASTR","Central Nervous System","Glioma","Astrocytoma"
"SIDM01369",NA,NA,NA,"CVCL_H631","Mac-1",NA,NA,"Haematopoietic and Lymphoid","T-Cell Non-Hodgkin's Lymphoma","Cutaneous T-Cell Lymphoma"
"SIDM01371","ACH-000673",NA,"LN443_CENTRAL_NERVOUS_SYSTEM","CVCL_3960","LN-443",NA,"GB","Central Nervous System","Glioblastoma","Glioblastoma"
"SIDM01373","ACH-001568",NA,"MM386_SKIN","CVCL_2607","MM386",NA,"MEL","Skin","Melanoma","Melanoma"
"SIDM01375",NA,NA,NA,"CVCL_8782","PaCaDD-60",NA,NA,"Pancreas","Pancreatic Carcinoma","Pancreatic Ductal Adenocarcinoma"
"SIDM01379","ACH-000436",NA,"OCIMY7_HAEMATOPOIETIC_AND_LYMPHOID_TISSUE","CVCL_E333","OCI-My7",NA,"PCM","Haematopoietic and Lymphoid","Plasma Cell Myeloma","Plasma Cell Myeloma"
"SIDM01381","ACH-001611",NA,"NP8_CENTRAL_NERVOUS_SYSTEM","CVCL_4W66","NP-8",NA,"GB","Central Nervous System","Glioblastoma","Glioblastoma"
"SIDM01383","ACH-001367",NA,"NMB_AUTONOMIC_GANGLIA","CVCL_2143","NMB",NA,"NBL","Peripheral Nervous System","Neuroblastoma","Neuroblastoma"
"SIDM01385","ACH-000700",NA,"NCIH2882_LUNG","CVCL_5158","NCI-H2882",NA,"LUSC","Lung","Squamous Cell Lung Carcinoma","Squamous Cell Lung Carcinoma"
"SIDM01474","ACH-000608",NA,"COV644_OVARY","CVCL_2425","COV644",NA,"MOV","Ovary","Ovarian Carcinoma","Ovarian Carcinoma"
"SIDM01476","ACH-000123",NA,"COV434_OVARY","CVCL_2010","COV434",NA,"SCCO","Ovary","Ovarian Carcinoma","Ovarian Granulosa Cell Tumor"
"SIDM01478","ACH-001340",NA,"COV413A_OVARY","CVCL_2422","COV413A",NA,"SOC","Ovary","Ovarian Carcinoma","Ovarian Carcinoma"
"SIDM01405","ACH-001408",NA,"UMUC14_URINARY_TRACT","CVCL_2747","UM-UC-14",NA,"UCU","Bladder","Bladder Carcinoma","Renal Pelvis Carcinoma"
"SIDM01407","ACH-001413",NA,"UMUC11_URINARY_TRACT","CVCL_2745","UM-UC-11",NA,"BLCA","Bladder","Bladder Carcinoma","Bladder Carcinoma"
"SIDM01411","ACH-000836",NA,"YD15_SALIVARY_GLAND","CVCL_8930","YD-15",NA,"OCSC","Head and Neck","Oral Cavity Carcinoma","Tongue Squamous Cell Carcinoma"
"SIDM01415","ACH-001957",NA,"UMCHOR1_BONE","CVCL_1D68","UM-Chor1",NA,NA,"Bone","Other Solid Cancers","Clivus Chordoma"
"SIDM01417","ACH-001677",NA,"U2904_HAEMATOPOIETIC_AND_LYMPHOID","CVCL_X504","U-2904",NA,"DLBCLNOS","Haematopoietic and Lymphoid","B-Cell Non-Hodgkin's Lymphoma","Centroblastic Lymphoma"
"SIDM01419",NA,NA,NA,"CVCL_2687","PEO14",NA,NA,"Ovary","Ovarian Carcinoma","Ovarian Serous Adenocarcinoma"
"SIDM01423","ACH-002005",NA,"SKMEL19_SKIN","CVCL_6025","SK-MEL-19",NA,"SKCM","Skin","Melanoma","Melanoma"
"SIDM01425","ACH-001629",NA,NA,"CVCL_2683","PEA2",NA,NA,"Ovary","Ovarian Carcinoma","Ovarian Cystadenocarcinoma"
"SIDM01427","ACH-001956",NA,"MUGCHOR1_BONE","CVCL_9277","MUG-Chor1",NA,NA,"Bone","Other Solid Cancers","Sacral Chordoma"
"SIDM01429","ACH-001485",NA,"CII_HAEMATOPOIETIC_AND_LYMPHOID","CVCL_0D73","CII",NA,"BLL","Haematopoietic and Lymphoid","Other Blood Cancers","Chronic Lymphocytic Leukemia"
"SIDM01316","ACH-000041",NA,"RDES_BONE","CVCL_2169","RD-ES",NA,"ES","Bone","Ewing's Sarcoma","Ewing's Sarcoma"
"SIDM01320","ACH-000468",NA,"PK45H_PANCREAS","CVCL_6748","PK-45H",NA,"PAAD","Pancreas","Pancreatic Carcinoma","Pancreatic Carcinoma"
"SIDM00158","ACH-000623",NA,"SNU201_CENTRAL_NERVOUS_SYSTEM","CVCL_5033","SNU-201","NCI-SNU-201","GB","Central Nervous System","Glioblastoma","Glioblastoma"
"SIDM01323","ACH-000732",NA,"PECAPJ41CLONED2_UPPER_AERODIGESTIVE_TRACT","CVCL_2680","PE-CA-PJ41_Clone-D2",NA,"OCSC","Head and Neck","Oral Cavity Carcinoma","Oral Cavity Squamous Cell Carcinoma"
"SIDM01322","ACH-000735",NA,"PECAPJ49_UPPER_AERODIGESTIVE_TRACT","CVCL_2681","PE-CA-PJ49",NA,"OCSC","Head and Neck","Oral Cavity Carcinoma","Oral Cavity Squamous Cell Carcinoma"
"SIDM01318","ACH-001318",NA,"PLCPRF5_LIVER","CVCL_0485","PLC-PRF-5",NA,"HCC","Liver","Hepatocellular Carcinoma","Hepatocellular Carcinoma"
"SIDM00120","ACH-000979","905935","DU145_PROSTATE","CVCL_0105","DU-145",NA,"PRAD","Prostate","Prostate Carcinoma","Prostate Carcinoma"
"SIDM00126","ACH-002147","1298160","K2_SKIN","CVCL_AT85","K2",NA,"SKCM","Skin","Melanoma","Melanoma"
"SIDM00082","ACH-001190","905955","SKMEL2_SKIN","CVCL_0069","SK-MEL-2","SK-ML2","SKCM","Skin","Melanoma","Melanoma"
"SIDM00079","ACH-000811","905959","SKOV3_OVARY","CVCL_0532","SK-OV-3","SKO3","OV","Ovary","Ovarian Carcinoma","Ovarian Serous Cystadenocarcinoma"
"SIDM01341","ACH-000127",NA,"SLR20_KIDNEY","CVCL_V606","SLR20",NA,"BLCA","Bladder","Bladder Carcinoma","Bladder Carcinoma"
"SIDM00055","ACH-002089","1287381","201T_LUNG","CVCL_X481","201T",NA,"LUAD","Lung","Non-Small Cell Lung Carcinoma","Lung Adenocarcinoma"
"SIDM01493","ACH-001054",NA,"D458_CENTRAL_NERVOUS_SYSTEM","CVCL_1161","D-458MED",NA,"MBL","Central Nervous System","Other Solid Cancers","Medulloblastoma"
"SIDM01431","ACH-000208",NA,"U178_CENTRAL_NERVOUS_SYSTEM","CVCL_A758","U-178MG",NA,"ASTR","Central Nervous System","Glioma","Astrocytoma"
"SIDM01408","ACH-001412",NA,"UMUC10_URINARY_TRACT","CVCL_2744","UM-UC-10",NA,"BLCA","Bladder","Bladder Carcinoma","Bladder Carcinoma"
"SIDM01418",NA,NA,NA,"CVCL_2689","PEO23",NA,NA,"Ovary","Ovarian Carcinoma","Ovarian Serous Adenocarcinoma"
"SIDM01420","ACH-001403",NA,"TO14_OVARY","CVCL_2734","TO14",NA,"SOC","Ovary","Ovarian Carcinoma","Ovarian Serous Adenocarcinoma"
"SIDM01422","ACH-001396",NA,"SUM52PE_BREAST","CVCL_3425","SUM-52PE",NA,"BRCA","Breast","Breast Carcinoma","Breast Carcinoma"
"SIDM01426","ACH-001628",NA,"PEA1_OVARY","CVCL_2682","PEA1",NA,"HGSOC","Ovary","Ovarian Carcinoma","Ovarian Cystadenocarcinoma"
"SIDM01428","ACH-001736",NA,"HB1119_HAEMATOPOIETIC_AND_LYMPHOID_TISSUE","CVCL_8227","HB1119",NA,"BLL","Haematopoietic and Lymphoid","B-Lymphoblastic Leukemia","B Acute Lymphoblastic Leukemia"
"SIDM01430","ACH-001392",NA,"SUM185PE_BREAST","CVCL_5591","SUM-185PE",NA,"BRCA","Breast","Breast Carcinoma","Breast Carcinoma"
"SIDM01436","ACH-000280",NA,"SNU840_OVARY","CVCL_5100","SNU-840",NA,"BTMOV","Ovary","Ovarian Carcinoma","Malignant Ovarian Brenner Tumor"
"SIDM01438","ACH-002523",NA,NA,"CVCL_5088","SNU-739",NA,"HCC","Liver","Hepatocellular Carcinoma","Hepatocellular Carcinoma"
"SIDM01452","ACH-001391",NA,"SUM159PT_BREAST","CVCL_5423","SUM-159PT",NA,"BRCA","Breast","Breast Carcinoma","Breast Carcinoma"
"SIDM01456","ACH-001212",NA,"TTC642_SOFT_TISSUE","CVCL_8006","TTC-642",NA,"ATRT","Soft Tissue","Other Solid Cancers","Rhabdoid Tumor"
"SIDM01458","ACH-001750",NA,"TTC442_SOFT_TISSUE","CVCL_B255","TTC-442",NA,"ERMS","Soft Tissue","Rhabdomyosarcoma","Embryonal Rhabdomyosarcoma"
"SIDM01462","ACH-001673",NA,"TFK1_BILIARY_TRACT","CVCL_2214","TFK-1",NA,"EHCH","Biliary Tract","Biliary Tract Carcinoma","Cholangiocarcinoma"
"SIDM01466","ACH-001431",NA,"TC205_BONE","CVCL_4Z31","TC-205",NA,"ES","Bone","Ewing's Sarcoma","Ewing's Sarcoma"
"SIDM01468","ACH-001283",NA,"TC106_BONE","CVCL_F531","TC-106",NA,"ES","Bone","Ewing's Sarcoma","Ewing's Sarcoma"
"SIDM01484","ACH-001302",NA,"COGN305_AUTONOMIC_GANGLIA","CVCL_AX42","COG-N-305",NA,"NBL","Peripheral Nervous System","Neuroblastoma","Neuroblastoma"
"SIDM01486","ACH-001038",NA,"COGE352_BONE","CVCL_M153","COG-E-352",NA,"ES","Bone","Ewing's Sarcoma","Primitive Neuroectodermal Tumor"
"SIDM01488","ACH-001289",NA,"COGAR359_SOFT_TISSUE","CVCL_RS25","COG-AR-359",NA,"ATRT","Soft Tissue","Other Solid Cancers","Atypical Teratoid/Rhabdoid Tumor"
"SIDM01492","ACH-000095",NA,"D341MED_CENTRAL_NERVOUS_SYSTEM","CVCL_0018","D-341MED",NA,"MBL","Central Nervous System","Other Solid Cancers","Medulloblastoma"
"SIDM01496","ACH-001068",NA,"FEPD_HAEMATOPOIETIC_AND_LYMPHOID_TISSUE","CVCL_H614","FE-PD",NA,"ALCLALKN","Haematopoietic and Lymphoid","T-Cell Non-Hodgkin's Lymphoma","Anaplastic Large Cell Lymphoma"
"SIDM01500","ACH-000499",NA,"EW8_BONE","CVCL_V618","EW-8",NA,"ES","Bone","Ewing's Sarcoma","Ewing's Sarcoma"
"SIDM01506","ACH-001060",NA,"DL40_HAEMATOPOIETIC_AND_LYMPHOID_TISSUE","CVCL_2889","DL-40",NA,"ALCLALKN","Haematopoietic and Lymphoid","T-Cell Non-Hodgkin's Lymphoma","Anaplastic Large Cell Lymphoma"
"SIDM01508",NA,NA,NA,"CVCL_2017","DERL-7",NA,NA,"Haematopoietic and Lymphoid","T-Cell Non-Hodgkin's Lymphoma","Hepatosplenic T-cell Lymphoma"
"SIDM01512","ACH-000458",NA,"CJM_SKIN","CVCL_U797","CJM",NA,"MEL","Skin","Melanoma","Melanoma"
"SIDM01514","ACH-000160",NA,"BT12_SOFT_TISSUE","CVCL_M155","BT-12",NA,"ATRT","Soft Tissue","Other Solid Cancers","Atypical Teratoid/Rhabdoid Tumor"
"SIDM01416","ACH-002004",NA,"UACC62_SKIN_CJ1_RESISTANT",NA,"UACC-62_CJ1",NA,"MEL","Skin","Melanoma","Melanoma"
"SIDM01437","ACH-000460",NA,"SNU8_OVARY","CVCL_5096","SNU-8",NA,"SOC","Ovary","Ovarian Carcinoma","Ovarian Serous Cystadenocarcinoma"
"SIDM01441","ACH-001390",NA,"SUM149PT_BREAST","CVCL_3422","SUM-149PT",NA,"IDC","Breast","Breast Carcinoma","Invasive Ductal Carcinoma Not Otherwise Specified"
"SIDM01453","ACH-001275",NA,"SYO1_SOFT_TISSUE","CVCL_7146","SYO-1",NA,"SYNS","Soft Tissue","Other Solid Cancers","Synovial Sarcoma"
"SIDM01455","ACH-000597",NA,"TTC709_SOFT_TISSUE","CVCL_8007","TTC-709",NA,"ATRT","Soft Tissue","Other Solid Cancers","Rhabdoid Tumor"
"SIDM01457","ACH-001211",NA,"TTC549_SOFT_TISSUE","CVCL_8005","TTC-549",NA,"ATRT","Soft Tissue","Other Solid Cancers","Rhabdoid Tumor"
"SIDM01459","ACH-001210",NA,"TTC1240_SOFT_TISSUE","CVCL_8002","TTC-1240",NA,"MRT","Soft Tissue","Other Solid Cancers","Rhabdoid Tumor"
"SIDM01461","ACH-001394",NA,"SUM229PE_BREAST","CVCL_5594","SUM-229PE",NA,"BRCA","Breast","Breast Carcinoma","Breast Carcinoma"
"SIDM01465","ACH-001205",NA,"TC32_BONE","CVCL_7151","TC-32",NA,"ES","Central Nervous System","Other Solid Cancers","Primitive Neuroectodermal Tumor"
"SIDM01467","ACH-001430",NA,"TC138_BONE","CVCL_4Z30","TC-138",NA,"ES","Bone","Ewing's Sarcoma","Ewing's Sarcoma"
"SIDM01477",NA,NA,NA,"CVCL_2423","COV413B",NA,NA,"Ovary","Ovarian Carcinoma","Ovarian Carcinoma"
"SIDM01479","ACH-000278",NA,"COV362_OVARY","CVCL_2420","COV362",NA,"HGSOC","Ovary","Ovarian Carcinoma","High Grade Ovarian Serous Adenocarcinoma"
"SIDM01481","ACH-001050",NA,"CW9019_SOFT_TISSUE","CVCL_N820","CW9019",NA,"ARMS","Soft Tissue","Rhabdomyosarcoma","Alveolar Rhabdomyosarcoma"
"SIDM01485","ACH-001301",NA,"COGN278_AUTONOMIC_GANGLIA","CVCL_AX49","COG-N-278",NA,"NBL","Peripheral Nervous System","Neuroblastoma","Neuroblastoma"
"SIDM01487",NA,NA,NA,"CVCL_RS26","COG-AR-382",NA,NA,"Soft Tissue","Other Solid Cancers","Atypical Teratoid/Rhabdoid Tumor"
"SIDM01363","ACH-000390",NA,"LUDLU1_LUNG","CVCL_2582","LUDLU-1",NA,"LUSC","Lung","Squamous Cell Lung Carcinoma","Squamous Cell Lung Carcinoma"
"SIDM01335","ACH-000513",NA,"SNU1272_KIDNEY","CVCL_5020","SNU-1272",NA,"CCRCC","Kidney","Kidney Carcinoma","Clear Cell Renal Cell Carcinoma"
"SIDM01378","ACH-000646",NA,"OVMANA_OVARY","CVCL_3111","OVMANA",NA,"CCOV","Ovary","Ovarian Carcinoma","Ovarian Clear Cell Adenocarcinoma"
"SIDM01398","ACH-000661",NA,"WM1799_SKIN","CVCL_A341","WM1799",NA,"MEL","Skin","Melanoma","Melanoma"
"SIDM01347","ACH-000701",NA,"RMUGS_OVARY","CVCL_3158","RMUG-S",NA,"MOV","Ovary","Ovarian Carcinoma","Ovarian Cystadenocarcinoma"
"SIDM01343","ACH-000764",NA,"SH10TC_STOMACH","CVCL_5167","SH-10-TC",NA,"MSTAD","Stomach","Gastric Carcinoma","Gastric Carcinoma"
"SIDM01475","ACH-001048",NA,"COV504_OVARY","CVCL_2424","COV504",NA,"SOC","Ovary","Ovarian Carcinoma","Ovarian Carcinoma"
"SIDM00142","ACH-000864","910691","COLO684_ENDOMETRIUM","CVCL_1132","COLO-684",NA,"UCEC","Endometrium","Endometrial Carcinoma","Endometrial Adenocarcinoma"
"SIDM00151","ACH-000966","905968","IGROV1_OVARY","CVCL_1304","IGROV-1","OV1/P","OV","Ovary","Ovarian Carcinoma","Ovarian Endometrioid Adenocarcinoma"
"SIDM00150","ACH-000969","905989","KM12_LARGE_INTESTINE","CVCL_1331","KM12",NA,"COREAD","Large Intestine","Colorectal Carcinoma","Colon Carcinoma"
"SIDM00187","ACH-002150","753577","LB1047RCC_KIDNEY","CVCL_1364","LB1047-RCC",NA,"KIRC","Kidney","Kidney Carcinoma","Renal Cell Carcinoma"
"SIDM00145","ACH-001127","905958","MOLT4_HAEMATOPOIETIC_AND_LYMPHOID_TISSUE","CVCL_0013","MOLT-4","GM02219;GM2219C","ALL","Haematopoietic and Lymphoid","T-Lymphoblastic Leukemia","Adult T Acute Lymphoblastic Leukemia"
"SIDM01414","ACH-001421",NA,"WERIRB1_AUTONOMIC_GANGLIA","CVCL_1792","WERI-RB-1",NA,"RBL","Eye","Other Solid Cancers","Retinoblastoma"
"SIDM01600","ACH-000975",NA,"HCC2450_LUNG","CVCL_5133","HCC-2450",NA,"LUSC","Lung","Squamous Cell Lung Carcinoma","Squamous Cell Lung Carcinoma"
"SIDM01602","ACH-000731",NA,"HCC2279_LUNG","CVCL_5131","HCC2279",NA,"LUAS","Lung","Other Solid Cancers","Adenosquamous Lung Carcinoma"
"SIDM01604","ACH-000712",NA,"HCC1833_LUNG","CVCL_5129","HCC1833",NA,"LUAD","Lung","Non-Small Cell Lung Carcinoma","Lung Adenocarcinoma"
"SIDM01606","ACH-000901",NA,"HCC1359_LUNG","CVCL_5128","HCC1359",NA,"GCLC","Lung","Non-Small Cell Lung Carcinoma","Giant Cell Lung Carcinoma"
"SIDM01489","ACH-001322",NA,"CME1_SOFT_TISSUE","CVCL_N586","CME-1",NA,"SYNS","Soft Tissue","Other Solid Cancers","Monophasic Synovial Sarcoma"
"SIDM01497","ACH-001067",NA,"F5_CENTRAL_NERVOUS_SYSTEM","CVCL_V616","F5",NA,"MNG","Central Nervous System","Other Solid Cancers","Meningioma"
"SIDM01499","ACH-000279",NA,"EWS502_BONE","CVCL_S740","EWS-502",NA,"ES","Bone","Ewing's Sarcoma","Ewing's Sarcoma"
"SIDM01501","ACH-001053",NA,"D425_CENTRAL_NERVOUS_SYSTEM","CVCL_1275","D-425MED",NA,"MBL","Central Nervous System","Other Solid Cancers","Medulloblastoma"
"SIDM01505","ACH-000742",NA,"DM3_PLEURA","CVCL_2019","DM-3",NA,NA,"Lung","Mesothelioma","Pleural Sarcomatoid Mesothelioma"
"SIDM01507","ACH-001059",NA,"DL_SOFT_TISSUE","CVCL_U760","DL",NA,"ATRT","Soft Tissue","Rhabdomyosarcoma","Extrarenal Rhabdoid Tumor"
"SIDM01509","ACH-001057",NA,"DERL2_HAEMATOPOIETIC_AND_LYMPHOID_TISSUE","CVCL_2016","DERL-2",NA,"HSTCL","Haematopoietic and Lymphoid","T-Cell Non-Hodgkin's Lymphoma","Hepatosplenic T-cell Lymphoma"
"SIDM01513","ACH-001035",NA,"CHLA99_BONE","CVCL_0B50","CHLA-99",NA,"ES","Bone","Ewing's Sarcoma","Ewing's Sarcoma"
"SIDM01515","ACH-001450",NA,"BLUE1_HAEMATOPOIETIC_AND_LYMPHOID","CVCL_1967","BLUE-1",NA,"BL","Haematopoietic and Lymphoid","Burkitt's Lymphoma","Burkitt's Lymphoma"
"SIDM01521","ACH-001020",NA,"BT16_SOFT_TISSUE","CVCL_M156","BT-16",NA,"ATRT","Soft Tissue","Other Solid Cancers","Atypical Teratoid/Rhabdoid Tumor"
"SIDM01523","ACH-000593",NA,"BC3C_URINARY_TRACT","CVCL_1958","BC-3C",NA,"BLCA","Bladder","Bladder Carcinoma","Bladder Carcinoma"
"SIDM01527","ACH-000283",NA,"A1207_CENTRAL_NERVOUS_SYSTEM","CVCL_8481","A-1207",NA,"GB","Central Nervous System","Glioblastoma","Glioblastoma"
"SIDM01533","ACH-001458",NA,"C75_LARGE_INTESTINE","CVCL_5248","C75",NA,"COAD","Large Intestine","Colorectal Carcinoma","Colon Adenocarcinoma"
"SIDM01535","ACH-001033",NA,"CHLA57_BONE","CVCL_0B49","CHLA-57",NA,"PNET","Bone","Other Solid Cancers","Melanotic Neuroectodermal Tumor"
"SIDM01537","ACH-001031",NA,"CHLA266_SOFT_TISSUE","CVCL_M149","CHLA-266",NA,"ATRT","Soft Tissue","Other Solid Cancers","Atypical Teratoid/Rhabdoid Tumor"
"SIDM01539",NA,NA,NA,"CVCL_6602","CHLA-20",NA,NA,"Peripheral Nervous System","Neuroblastoma","Neuroblastoma"
"SIDM01541","ACH-001456",NA,"C125PM_LARGE_INTESTINE","CVCL_8175","C125-PM",NA,"COADREAD","Large Intestine","Colorectal Carcinoma","Colorectal Adenocarcinoma"
"SIDM01516","ACH-001278",NA,"BIN67_OVARY","CVCL_S987","BIN-67",NA,"SCCO","Ovary","Ovarian Carcinoma","Ovarian Small Cell Carcinoma, Hypercalcemic Type"
"SIDM01524","ACH-001329",NA,"ANGMCSS_CENTRAL_NERVOUS_SYSTEM","CVCL_2297","ANGM-CSS",NA,"GB","Central Nervous System","Glioblastoma","Glioblastoma"
"SIDM01528","ACH-000520",NA,"59M_OVARY","CVCL_2291","59M",NA,"HGSOC","Ovary","Ovarian Carcinoma","High Grade Ovarian Serous Adenocarcinoma"
"SIDM01530","ACH-000923",NA,"BCP1_HAEMATOPOIETIC_AND_LYMPHOID_TISSUE","CVCL_0107","BCP-1",NA,"PEL","Haematopoietic and Lymphoid","B-Cell Non-Hodgkin's Lymphoma","Primary Effusion Lymphoma"
"SIDM01532","ACH-001454",NA,"C10_LARGE_INTESTINE","CVCL_5245","C10",NA,"COAD","Large Intestine","Colorectal Carcinoma","Colon Adenocarcinoma"
"SIDM01534","ACH-001034",NA,"CHLA9_BONE","CVCL_M150","CHLA-9",NA,"ES","Bone","Ewing's Sarcoma","Primitive Neuroectodermal Tumor"
"SIDM01536","ACH-001032",NA,"CHLA32_BONE","CVCL_M151","CHLA-32",NA,"ES","Bone","Other Solid Cancers","Primitive Neuroectodermal Tumor"
"SIDM01538","ACH-001030",NA,"CHLA218_BONE","CVCL_0B48","CHLA-218",NA,"ES","Bone","Other Solid Cancers","Primitive Neuroectodermal Tumor"
"SIDM01540","ACH-001300",NA,"CHLA15_AUTONOMIC_GANGLIA","CVCL_6594","CHLA-15",NA,"NBL","Peripheral Nervous System","Neuroblastoma","Neuroblastoma"
"SIDM01542","ACH-001029",NA,"CHLA10_BONE","CVCL_6583","CHLA-10",NA,"ES","Bone","Ewing's Sarcoma","Primitive Neuroectodermal Tumor"
"SIDM01544","ACH-001022",NA,"CBAGPN_BONE","CVCL_X981","AGPN",NA,"ES","Bone","Ewing's Sarcoma","Primitive Neuroectodermal Tumor"
"SIDM01548","ACH-001460",NA,"C84_LARGE_INTESTINE","CVCL_5250","C84",NA,"COAD","Large Intestine","Colorectal Carcinoma","Cecum Adenocarcinoma"
"SIDM01550","ACH-001028",NA,"CHLA06ATRT_SOFT_TISSUE","CVCL_AQ42","CHLA-06-ATRT",NA,"ATRT","Soft Tissue","Other Solid Cancers","Atypical Teratoid/Rhabdoid Tumor"
"SIDM01552",NA,NA,NA,"CVCL_H638","Mac-2B",NA,NA,"Haematopoietic and Lymphoid","Other Blood Cancers","Anaplastic Large Cell Lymphoma"
"SIDM01480","ACH-000256",NA,"COV318_OVARY","CVCL_2419","COV318",NA,"HGSOC","Ovary","Ovarian Carcinoma","High Grade Ovarian Serous Adenocarcinoma"
"SIDM01454","ACH-000459",NA,"TUHR10TKB_KIDNEY","CVCL_5952","TUHR10TKB",NA,"CCRCC","Kidney","Kidney Carcinoma","Renal Cell Carcinoma"
"SIDM01393","ACH-000466",NA,"SNU216_STOMACH","CVCL_3946","SNU-216",NA,"TSTAD","Stomach","Gastric Carcinoma","Gastric Carcinoma"
"SIDM01472","ACH-000471",NA,"LI7_LIVER","CVCL_3840","Li-7",NA,"HCC","Liver","Hepatocellular Carcinoma","Hepatocellular Carcinoma"
"SIDM01432","ACH-000495",NA,"TUHR4TKB_KIDNEY","CVCL_5957","TUHR4TKB",NA,"RCC","Kidney","Kidney Carcinoma","Renal Cell Carcinoma"
"SIDM01448","ACH-000500",NA,"SNU46_UPPER_AERODIGESTIVE_TRACT","CVCL_5063","SNU-46",NA,"LXSC","Head and Neck","Head and Neck Carcinoma","Laryngeal Squamous Cell Carcinoma"
"SIDM01464","ACH-000502",NA,"TCCPAN2_PANCREAS","CVCL_3178","TCC-PAN2",NA,"PAAD","Pancreas","Pancreatic Carcinoma","Pancreatic Carcinoma"
"SIDM01446","ACH-000543",NA,"SNU489_CENTRAL_NERVOUS_SYSTEM","CVCL_5069","SNU-489",NA,"GB","Central Nervous System","Glioblastoma","Glioblastoma"
"SIDM01413","ACH-000630",NA,"YD8_UPPER_AERODIGESTIVE_TRACT","CVCL_L079","YD-8",NA,"OCSC","Head and Neck","Oral Cavity Carcinoma","Tongue Squamous Cell Carcinoma"
"SIDM01412","ACH-000762",NA,"YD38_UPPER_AERODIGESTIVE_TRACT","CVCL_L083","YD-38",NA,"HNSC","Head and Neck","Oral Cavity Carcinoma","Gingival Squamous Cell Carcinoma"
"SIDM01424","ACH-000782",NA,"SEM","CVCL_0095","SEM",NA,"BLL","Haematopoietic and Lymphoid","B-Lymphoblastic Leukemia","B Acute Lymphoblastic Leukemia"
"SIDM01442","ACH-000807",NA,"SNU738_CENTRAL_NERVOUS_SYSTEM","CVCL_5087","SNU-738",NA,"ODG","Central Nervous System","Glioma","Oligodendroglioma"
"SIDM01409","ACH-000834",NA,"UMUC1_URINARY_TRACT","CVCL_2743","UM-UC-1",NA,"BLCA","Bladder","Bladder Carcinoma","Bladder Carcinoma"
"SIDM01450","ACH-000898",NA,"SNU719_STOMACH","CVCL_5086","SNU-719",NA,"TSTAD","Stomach","Gastric Carcinoma","Gastric Adenocarcinoma"
"SIDM01483","ACH-000582",NA,"COLO741_SKIN","CVCL_1133","COLO-741",NA,"MEL","Skin","Melanoma","Melanoma"
"SIDM01049","ACH-000038","906854","EHEB_HAEMATOPOIETIC_AND_LYMPHOID_TISSUE","CVCL_1194","EHEB",NA,"CLL","Haematopoietic and Lymphoid","Non-Cancerous","Non-Cancerous"
"SIDM00718","ACH-000860","908465","NCIH358_LUNG","CVCL_1559","NCI-H358",NA,"LUAD","Lung","Non-Small Cell Lung Carcinoma","Bronchiolo-Alveolar Lung Carcinoma"
"SIDM00241","ACH-002179","909256","OCUBM_BREAST","CVCL_1621","OCUB-M","OCUB-1M","BRCA","Breast","Breast Carcinoma","Breast Carcinoma"
"SIDM00238","ACH-000947","1480371","OVK18_OVARY","CVCL_3770","OVK-18",NA,"OV","Ovary","Ovarian Carcinoma","Ovarian Endometrioid Adenocarcinoma"
"SIDM00214","ACH-000955","1660034","SNU407_LARGE_INTESTINE","CVCL_5058","SNU-407","NCI-SNU-407","COREAD","Large Intestine","Colorectal Carcinoma","Colon Adenocarcinoma"
"SIDM00251","ACH-000949","909770","TGBC11TKB_STOMACH","CVCL_1768","TGBC11TKB",NA,"STAD","Stomach","Gastric Carcinoma","Gastric Carcinoma"
"SIDM00298","ACH-000705","907785","LC1F_LUNG","CVCL_1372","LC-1F",NA,"LUSC","Lung","Squamous Cell Lung Carcinoma","Squamous Cell Lung Carcinoma"
"SIDM01625","ACH-000487",NA,NA,"CVCL_2037","F-36E",NA,"MDS","Haematopoietic and Lymphoid","Acute Myeloid Leukemia","Myelodysplastic syndrome"
"SIDM01637",NA,NA,NA,NA,"II-18",NA,NA,"Lung","Non-Small Cell Lung Carcinoma","Lung Adenocarcinoma"
"SIDM01556","ACH-000829",NA,"HUNS1_HAEMATOPOIETIC_AND_LYMPHOID_TISSUE","CVCL_2526","HuNS1",NA,"PCM","Haematopoietic and Lymphoid","Plasma Cell Myeloma","Plasma Cell Myeloma"
"SIDM01558","ACH-001737",NA,"HSB2_HAEMATOPOIETIC_AND_LYMPHOID_TISSUE","CVCL_1859","CCRF-HSB-2",NA,"ATLL","Haematopoietic and Lymphoid","T-Lymphoblastic Leukemia","Childhood T Acute Lymphoblastic Leukemia"
"SIDM01562",NA,NA,NA,"CVCL_0847","Hs-688B-T",NA,NA,"Skin","Melanoma","Melanoma"
"SIDM01568","ACH-001346",NA,"H103_BUCCAL","CVCL_2457","H103",NA,"OCSC","Head and Neck","Oral Cavity Carcinoma","Tongue Squamous Cell Carcinoma"
"SIDM01572","ACH-000928",NA,"JHUEM1_ENDOMETRIUM","CVCL_4655","JHUEM-1",NA,"UCEC","Endometrium","Endometrial Carcinoma","Endometrial Adenocarcinoma"
"SIDM01584","ACH-001096",NA,"JR_SOFT_TISSUE","CVCL_RT33","JR",NA,"ARMS","Soft Tissue","Rhabdomyosarcoma","Alveolar Rhabdomyosarcoma"
"SIDM01586","ACH-001532",NA,"JMURTK2_SOFT_TISSUE","CVCL_4W58","JMU-RTK-2",NA,"MRT","Soft Tissue","Other Solid Cancers","Rhabdoid Tumor"
"SIDM01610","ACH-000872",NA,"HCC515_LUNG","CVCL_5136","HCC515",NA,"LUAD","Lung","Non-Small Cell Lung Carcinoma","Lung Adenocarcinoma"
"SIDM01616","ACH-000088",NA,"HS172T_FIBROBLAST","CVCL_0660","Hs-172-T",NA,NA,"Bladder","Bladder Carcinoma","Bladder Carcinoma"
"SIDM01620","ACH-001521",NA,"HKA1_SKIN","CVCL_2943","HKA-1",NA,"CSCC","Skin","Head and Neck Carcinoma","Keratoacanthoma"
"SIDM01621","ACH-000299",NA,"HNT34_HAEMATOPOIETIC_AND_LYMPHOID_TISSUE","CVCL_2071","HNT-34",NA,"AML","Haematopoietic and Lymphoid","Acute Myeloid Leukemia","Adult Acute Myeloid Leukemia"
"SIDM01623","ACH-001522",NA,"HMY1_SKIN","CVCL_2950","HMY-1",NA,"MEL","Skin","Melanoma","Melanoma"
"SIDM01543","ACH-000025",NA,"CH157MN_CENTRAL_NERVOUS_SYSTEM","CVCL_5723","CH-157MN",NA,"MNG","Central Nervous System","Other Solid Cancers","Meningioma"
"SIDM01547","ACH-001461",NA,"C99_LARGE_INTESTINE","CVCL_8176","C99",NA,"READ","Large Intestine","Colorectal Carcinoma","Rectal Adenocarcinoma"
"SIDM01549","ACH-001459",NA,"C80_LARGE_INTESTINE","CVCL_5249","C80",NA,"READ","Large Intestine","Colorectal Carcinoma","Rectal Adenocarcinoma"
"SIDM01553","ACH-000578",NA,"HCC1171_LUNG","CVCL_5126","HCC1171",NA,"LUAD","Lung","Non-Small Cell Lung Carcinoma","Lung Adenocarcinoma"
"SIDM01555","ACH-000512",NA,"INA6_HAEMATOPOIETIC_AND_LYMPHOID_TISSUE","CVCL_5209","INA-6",NA,"PCM","Haematopoietic and Lymphoid","Plasma Cell Myeloma","Plasma Cell Myeloma"
"SIDM01557","ACH-001523",NA,"HSC1_SKIN","CVCL_2807","HSC-1",NA,"CSCC","Skin","Other Solid Cancers","Skin Squamous Cell Carcinoma"
"SIDM01563","ACH-000306",NA,"HS688AT_FIBROBLAST","CVCL_0846","Hs-688A-T",NA,NA,"Skin","Melanoma","Melanoma"
"SIDM01565","ACH-000539",NA,"HS618T_FIBROBLAST","CVCL_0827","Hs-618-T",NA,NA,"Lung","Non-Small Cell Lung Carcinoma","Lung Adenocarcinoma"
"SIDM01571","ACH-000237",NA,"JHOM1_OVARY","CVCL_4644","JHOM-1",NA,"MOV","Ovary","Ovarian Carcinoma","Ovarian Mucinous Adenocarcinoma"
"SIDM01579","ACH-001536",NA,"KKU100_BILIARY_TRACT","CVCL_3996","KKU-100",NA,"EHCH","Biliary Tract","Biliary Tract Carcinoma","Cholangiocarcinoma"
"SIDM01581","ACH-000773",NA,"KIJK_HAEMATOPOIETIC_AND_LYMPHOID_TISSUE","CVCL_2093","Ki-JK",NA,"ALCLALKP","Haematopoietic and Lymphoid","T-Cell Non-Hodgkin's Lymphoma","Anaplastic Large Cell Lymphoma"
"SIDM01583",NA,NA,NA,"CVCL_5143","K029",NA,NA,"Skin","Melanoma","Cutaneous Melanoma"
"SIDM01585","ACH-001353",NA,"JOPACA1_PANCREAS","CVCL_S507","JoPaca-1",NA,"PAAD","Pancreas","Pancreatic Carcinoma","Pancreatic Ductal Adenocarcinoma"
"SIDM01589","ACH-000167",NA,"KE97_HAEMATOPOIETIC_AND_LYMPHOID_TISSUE","CVCL_3386","KE-97",NA,"PCM","Haematopoietic and Lymphoid","Plasma Cell Myeloma","Mucinous Gastric Adenocarcinoma"
"SIDM01593","ACH-000454",NA,"HCC95_LUNG","CVCL_5137","HCC95",NA,"LUSC","Lung","Squamous Cell Lung Carcinoma","Squamous Cell Lung Carcinoma"
"SIDM01595","ACH-000339",NA,"HCC461_LUNG","CVCL_5135","HCC461",NA,"LUAD","Lung","Non-Small Cell Lung Carcinoma","Lung Adenocarcinoma"
"SIDM01597","ACH-000575",NA,"HCC364_LUNG","CVCL_5134","HCC-364",NA,"LUAD","Lung","Non-Small Cell Lung Carcinoma","Lung Adenocarcinoma"
"SIDM01599","ACH-000690",NA,"HCC2814_LUNG","CVCL_V586","HCC-2814",NA,"LUSC","Lung","Squamous Cell Lung Carcinoma","Squamous Cell Lung Carcinoma"
"SIDM01601","ACH-000143",NA,"HCC2429_LUNG","CVCL_5132","HCC2429",NA,"NSCLC","Lung","Non-Small Cell Lung Carcinoma","Non-Small Cell Lung Carcinoma"
"SIDM01603","ACH-000314",NA,"HCC2108_LUNG","CVCL_A352","HCC2108",NA,"LUAD","Lung","Non-Small Cell Lung Carcinoma","Lung Adenocarcinoma"
"SIDM01607","ACH-000868",NA,"HCC1195_LUNG","CVCL_5127","HCC1195",NA,"LUAS","Lung","Other Solid Cancers","Adenosquamous Lung Carcinoma"
"SIDM01566","ACH-000063",NA,"HS616T_FIBROBLAST","CVCL_0825","Hs-616-T",NA,NA,"Haematopoietic and Lymphoid","Hodgkin's Lymphoma","Hodgkin's Lymphoma"
"SIDM01594","ACH-000083",NA,"HS281T_FIBROBLAST","CVCL_0715","Hs-281-T",NA,NA,"Breast","Breast Carcinoma","Breast Carcinoma"
"SIDM01433","ACH-000317",NA,"TUHR14TKB_KIDNEY","CVCL_5953","THUR14TKB",NA,"RCC","Kidney","Kidney Carcinoma","Renal Cell Carcinoma"
"SIDM01491","ACH-000342",NA,"CL14_LARGE_INTESTINE","CVCL_1979","CL-14",NA,"COAD","Large Intestine","Colorectal Carcinoma","Colon Adenocarcinoma"
"SIDM01443","ACH-000344",NA,"SNU668_STOMACH","CVCL_5081","SNU-668",NA,"DSTAD","Stomach","Gastric Carcinoma","Signet Ring Cell Gastric Adenocarcinoma"
"SIDM01490","ACH-000382",NA,"CORL24_LUNG","CVCL_2409","COR-L24",NA,"SCLC","Lung","Small Cell Lung Carcinoma","Small Cell Lung Carcinoma"
"SIDM01463","ACH-000397",NA,"TEN_ENDOMETRIUM","CVCL_E063","TEN",NA,"UCCC","Endometrium","Endometrial Carcinoma","Endometrial Carcinoma"
"SIDM01502","ACH-000435",NA,"EFE184_ENDOMETRIUM","CVCL_1191","EFE-184",NA,"UCEC","Endometrium","Endometrial Carcinoma","Endometrial Carcinoma"
"SIDM01494","ACH-000445",NA,"KNS60_CENTRAL_NERVOUS_SYSTEM","CVCL_2798","KNS-60",NA,"GB","Central Nervous System","Glioblastoma","Glioblastoma"
"SIDM01498","ACH-000487",NA,"F36P_HAEMATOPOIETIC_AND_LYMPHOID_TISSUE","CVCL_2037","F-36P",NA,"MDS","Haematopoietic and Lymphoid","Acute Myeloid Leukemia","Myelodysplastic syndrome"
"SIDM01449","ACH-000517",NA,"SNU410_PANCREAS","CVCL_5059","SNU-410",NA,"PAAD","Pancreas","Pancreatic Carcinoma","Pancreatic Ductal Adenocarcinoma"
"SIDM01439","ACH-000537",NA,"SNU761_LIVER","CVCL_5089","SNU-761",NA,"HCC","Liver","Hepatocellular Carcinoma","Hepatocellular Carcinoma"
"SIDM01473","ACH-000541",NA,"KMS34_HAEMATOPOIETIC_AND_LYMPHOID_TISSUE","CVCL_2996","KMS-34",NA,"PCM","Haematopoietic and Lymphoid","Plasma Cell Myeloma","Plasma Cell Myeloma"
"SIDM01504","ACH-000594",NA,"DMS153_LUNG","CVCL_1175","DMS-153",NA,"SCLC","Lung","Small Cell Lung Carcinoma","Small Cell Lung Carcinoma"
"SIDM01531","ACH-000687",NA,"CI1_HAEMATOPOIETIC_AND_LYMPHOID_TISSUE","CVCL_1861","CI-1",NA,"MBN","Haematopoietic and Lymphoid","B-Cell Non-Hodgkin's Lymphoma","B-Cell Non-Hodgkin's Lymphoma"
"SIDM01510","ACH-000925",NA,"DV90_LUNG","CVCL_1184","DV-90",NA,"LUAD","Lung","Non-Small Cell Lung Carcinoma","Lung Adenocarcinoma"
"SIDM01451","ACH-000933",NA,"SNU324_PANCREAS","CVCL_5051","SNU-324",NA,"PAAD","Pancreas","Pancreatic Carcinoma","Pancreatic Ductal Adenocarcinoma"
"SIDM00282","ACH-000998","910554","CW2_LARGE_INTESTINE","CVCL_1151","CW-2",NA,"COREAD","Large Intestine","Colorectal Carcinoma","Colon Adenocarcinoma"
"SIDM00309","ACH-002131","1240135","H2803_PLEURA","CVCL_U997","NCI-H2803",NA,"MESO","Lung","Mesothelioma","Malignant Pleural Mesothelioma"
"SIDM00327","ACH-000754","907322","L428_HAEMATOPOIETIC_AND_LYMPHOID_TISSUE","CVCL_1361","L-428",NA,"UNCLASSIFIED","Haematopoietic and Lymphoid","Hodgkin's Lymphoma","Hodgkin's Lymphoma"
"SIDM00364","ACH-002059","909252","P30OHK_HAEMATOPOIETIC_AND_LYMPHOID_TISSUE","CVCL_1631","P30-OHK","P30/Ohkubo;P30/0HK","ALL","Haematopoietic and Lymphoid","B-Lymphoblastic Leukemia","Childhood B Acute Lymphoblastic Leukemia"
"SIDM00399","ACH-002315","1299052","SCC90_UPPER_AERODIGESTIVE_TRACT","CVCL_1899","SCC90","UPCI-SCC-090;UPCI-SCC-90","HNSC","Head and Neck","Head and Neck Carcinoma","Head and Neck Squamous Cell Carcinoma"
"SIDM00320","ACH-001233","713869","VMRCLCD_LUNG","CVCL_1787","VMRC-LCD",NA,"LUAD","Lung","Non-Small Cell Lung Carcinoma","Lung Adenocarcinoma"
"SIDM00397","ACH-000195","1659820","SET2_HAEMATOPOIETIC_AND_LYMPHOID_TISSUE","CVCL_2187","Set2",NA,"AMKL","Haematopoietic and Lymphoid","Acute Myeloid Leukemia","Adult Acute Megakaryoblastic Leukemia"
"SIDM01688",NA,NA,NA,NA,"MUTZ-6",NA,NA,"Haematopoietic and Lymphoid","B-Lymphoblastic Leukemia","B Acute Lymphoblastic Leukemia"
"SIDM01698","ACH-000526",NA,"HS821T_FIBROBLAST",NA,"Hs-821-T",NA,NA,"Bone","Other Solid Cancers","Giant Cell Bone Sarcoma"
"SIDM01627","ACH-001735",NA,"SEMK2_HAEMATOPOIETIC_AND_LYMPHOID_TISSUE","CVCL_S906","SEM-K2",NA,"BLL","Haematopoietic and Lymphoid","B-Lymphoblastic Leukemia","B Acute Lymphoblastic Leukemia"
"SIDM01631","ACH-001484",NA,"CI_HAEMATOPOIETIC_AND_LYMPHOID","CVCL_Y548","CI",NA,"BLL","Haematopoietic and Lymphoid","Other Blood Cancers","Chronic Lymphocytic Leukemia"
"SIDM01633",NA,NA,NA,"CVCL_0B31","RPK-1",NA,NA,"Pancreas","Pancreatic Carcinoma","Pancreatic Carcinoma"
"SIDM01626","ACH-000128",NA,"LN319_CENTRAL_NERVOUS_SYSTEM","CVCL_3958","LN-319",NA,"ASTR","Central Nervous System","Glioma","Astrocytoma"
"SIDM01630",NA,NA,NA,"CVCL_2421","COV362-4",NA,NA,"Ovary","Ovarian Carcinoma","High Grade Ovarian Serous Adenocarcinoma"
"SIDM01632","ACH-001101",NA,NA,"CVCL_5146","KLM-1",NA,"PAAD","Pancreas","Pancreatic Carcinoma","Pancreatic Carcinoma"
"SIDM01634",NA,NA,NA,"CVCL_A668","SCMC-RM2-1",NA,NA,"Soft Tissue","Rhabdomyosarcoma","Embryonal Rhabdomyosarcoma"
"SIDM01636","ACH-000029",NA,"HCC827GR5_LUNG","CVCL_V622","HCC827-GR5",NA,"LUAD","Lung","Non-Small Cell Lung Carcinoma","Lung Adenocarcinoma"
"SIDM01495",NA,NA,NA,"CVCL_S471","U-343-MG",NA,NA,"Central Nervous System","Glioblastoma","Glioblastoma"
"SIDM01410","ACH-001277",NA,"YAMATO_SOFT_TISSUE","CVCL_6C44","Yamato-SS",NA,"SYNS","Soft Tissue","Other Solid Cancers","Synovial Sarcoma"
"SIDM01421","ACH-000036",NA,"U343_CENTRAL_NERVOUS_SYSTEM","CVCL_4773","U-343-MGa",NA,"GB","Central Nervous System","Glioblastoma","Glioblastoma"
"SIDM01642","ACH-000455",NA,"LN428_CENTRAL_NERVOUS_SYSTEM",NA,"LN-428",NA,"GB","Central Nervous System","Glioblastoma","Glioblastoma"
"SIDM01644","ACH-000328",NA,"LN215_CENTRAL_NERVOUS_SYSTEM",NA,"LN-215",NA,"GB","Central Nervous System","Glioma","Astrocytoma"
"SIDM01654",NA,NA,NA,NA,"COLO-357",NA,NA,"Pancreas","Pancreatic Carcinoma","Pancreatic Adenocarcinoma"
"SIDM01656",NA,NA,NA,NA,"KMS-28-PE",NA,NA,"Haematopoietic and Lymphoid","Plasma Cell Myeloma","Plasma Cell Myeloma"
"SIDM01666",NA,NA,NA,NA,"MDA-PCa-2a",NA,NA,"Prostate","Prostate Carcinoma","Prostate Carcinoma"
"SIDM01668","ACH-000904",NA,"NCIH2106_LUNG",NA,"NCI-H2106",NA,"LCLC","Lung","Non-Small Cell Lung Carcinoma","Non-Small Cell Lung Carcinoma"
"SIDM01670","ACH-000010",NA,"NCIH2077_LUNG",NA,"NCI-H2077",NA,NA,"Lung","Non-Small Cell Lung Carcinoma","Lung Adenocarcinoma"
"SIDM01672","ACH-000870",NA,"NCIH1930_LUNG",NA,"NCI-H1930",NA,"SCLC","Lung","Small Cell Lung Carcinoma","Small Cell Lung Carcinoma"
"SIDM01674","ACH-000033",NA,"NCIH1819_LUNG",NA,"NCI-H1819",NA,"LUAD","Lung","Non-Small Cell Lung Carcinoma","Lung Adenocarcinoma"
"SIDM01676","ACH-000737",NA,"NCIH1385_LUNG",NA,"NCI-H1385",NA,"LUSC","Lung","Squamous Cell Lung Carcinoma","Squamous Cell Lung Carcinoma"
"SIDM01635","ACH-000027",NA,"GOS3_CENTRAL_NERVOUS_SYSTEM","CVCL_2050","GOS-3",NA,"GB","Central Nervous System","Glioblastoma","Glioblastoma"
"SIDM01567","ACH-000069",NA,"HS611T_HAEMATOPOIETIC_AND_LYMPHOID_TISSUE","CVCL_0823","Hs-611-T",NA,"HL","Haematopoietic and Lymphoid","Hodgkin's Lymphoma","Hodgkin's Lymphoma"
"SIDM01526","ACH-000086",NA,"ACCMESO1_PLEURA","CVCL_5113","ACC-MESO-1",NA,"PLEMESO","Lung","Mesothelioma","Pleural Epithelioid Mesothelioma"
"SIDM01615","ACH-000131",NA,"HS229T_FIBROBLAST","CVCL_0698","Hs-229-T",NA,NA,"Lung","Non-Small Cell Lung Carcinoma","Lung Adenocarcinoma"
"SIDM01560","ACH-000133",NA,"HS729_SOFT_TISSUE","CVCL_0871","Hs-729-T",NA,"ERMS","Soft Tissue","Rhabdomyosarcoma","Embryonal Rhabdomyosarcoma"
"SIDM01598","ACH-000150",NA,"HCC2935_LUNG","CVCL_1265","HCC-2935",NA,"LUAD","Lung","Non-Small Cell Lung Carcinoma","Lung Adenocarcinoma"
"SIDM01590","ACH-000184",NA,"HS343T_FIBROBLAST","CVCL_0726","Hs-343-T",NA,NA,"Breast","Breast Carcinoma","Breast Carcinoma"
"SIDM01613","ACH-000199",NA,"HS255T_FIBROBLAST","CVCL_0707","Hs-255-T",NA,NA,"Large Intestine","Colorectal Carcinoma","Colorectal Carcinoma"
"SIDM01546","ACH-000234",NA,"CAKI2_KIDNEY","CVCL_0235","CAKI-2",NA,"PRCC","Kidney","Kidney Carcinoma","Papillary Renal Cell Carcinoma"
"SIDM01580","ACH-000240",NA,"HS600T_FIBROBLAST","CVCL_0814","Hs-600-T",NA,NA,"Skin","Melanoma","Melanoma"
"SIDM01559","ACH-000274",NA,"HS852T_SKIN","CVCL_0950","Hs-852-T",NA,"MEL","Skin","Melanoma","Melanoma"
"SIDM01570","ACH-000324",NA,"JHOC5_OVARY","CVCL_4640","JHOC-5",NA,"CCOV","Ovary","Ovarian Carcinoma","Ovarian Clear Cell Adenocarcinoma"
"SIDM00473","ACH-000619","1240207","PECAPJ15_UPPER_AERODIGESTIVE_TRACT","CVCL_2678","PE-CA-PJ15",NA,"HNSC","Head and Neck","Oral Cavity Carcinoma","Tongue Squamous Cell Carcinoma"
"SIDM01517","ACH-000415",NA,"BICR6_UPPER_AERODIGESTIVE_TRACT","CVCL_2314","BICR6",NA,"HPHSC","Head and Neck","Head and Neck Carcinoma","Hypopharyngeal Squamous Cell Carcinoma"
"SIDM01551","ACH-000485",NA,"GSU_STOMACH","CVCL_8877","GSU",NA,"STAD","Stomach","Gastric Carcinoma","Gastric Carcinoma"
"SIDM01520","ACH-000503",NA,"BICR16_UPPER_AERODIGESTIVE_TRACT","CVCL_2308","BICR16",NA,"OCSC","Head and Neck","Oral Cavity Carcinoma","Tongue Squamous Cell Carcinoma"
"SIDM01582","ACH-000507",NA,"KE39_STOMACH","CVCL_3385","KE-39",NA,"STAD","Stomach","Gastric Carcinoma","Gastric Adenocarcinoma"
"SIDM01591","ACH-000540",NA,"HS606T_FIBROBLAST","CVCL_0819","Hs-606-T",NA,NA,"Breast","Breast Carcinoma","Breast Carcinoma"
"SIDM01525","ACH-000557",NA,"AML193_HAEMATOPOIETIC_AND_LYMPHOID_TISSUE","CVCL_1071","AML-193",NA,"AML","Haematopoietic and Lymphoid","Acute Myeloid Leukemia","Childhood Acute Myeloid Leukemia"
"SIDM01574","ACH-000588",NA,"KMS26_HAEMATOPOIETIC_AND_LYMPHOID_TISSUE","CVCL_2992","KMS-26",NA,"PCM","Haematopoietic and Lymphoid","Plasma Cell Myeloma","Plasma Cell Myeloma"
"SIDM01622","ACH-000721",NA,"HMC18_BREAST","CVCL_2949","HMC-1-8",NA,"IDC","Breast","Breast Carcinoma","Breast Carcinoma"
"SIDM01569","ACH-000734",NA,"JHH5_LIVER","CVCL_0364","JHH-5",NA,"HCC","Liver","Hepatocellular Carcinoma","Hepatocellular Carcinoma"
"SIDM01511","ACH-000746",NA,"GSS_STOMACH","CVCL_8876","GSS",NA,"STAD","Stomach","Gastric Carcinoma","Gastric Carcinoma"
"SIDM01518","ACH-000771",NA,"BICR56_UPPER_AERODIGESTIVE_TRACT","CVCL_2313","BICR56",NA,"OCSC","Head and Neck","Oral Cavity Carcinoma","Tongue Squamous Cell Carcinoma"
"SIDM01503","ACH-000844",NA,"DMS454_LUNG","CVCL_2438","DMS-454",NA,"SCLC","Lung","Small Cell Lung Carcinoma","Small Cell Lung Carcinoma"
"SIDM01578","ACH-000862",NA,"KMBC2_URINARY_TRACT","CVCL_2977","KMBC-2",NA,"BLCA","Bladder","Bladder Carcinoma","Bladder Carcinoma"
"SIDM01605","ACH-000891",NA,"HCC1438_LUNG","CVCL_L088","HCC1438",NA,"LCLC","Lung","Non-Small Cell Lung Carcinoma","Large Cell Lung Carcinoma"
"SIDM01619","ACH-000984",NA,"HEC6_ENDOMETRIUM","CVCL_2931","HEC-6",NA,"UASC","Endometrium","Endometrial Carcinoma","Endometrial Adenocarcinoma"
"SIDM01519","ACH-000992",NA,"BICR18_UPPER_AERODIGESTIVE_TRACT","CVCL_2309","BICR18",NA,"LXSC","Head and Neck","Head and Neck Carcinoma","Laryngeal Squamous Cell Carcinoma"
"SIDM00487","ACH-000963","1240123","CCK81_LARGE_INTESTINE","CVCL_2873","CCK-81",NA,"COREAD","Large Intestine","Colorectal Carcinoma","Colon Adenocarcinoma"
"SIDM00333","ACH-000988","1240174","MFE319_ENDOMETRIUM","CVCL_2112","MFE-319",NA,"UCEC","Endometrium","Endometrial Carcinoma","Adenosquamous Endometrial Carcinoma"
"SIDM00438","ACH-002275","908143","MN60_HAEMATOPOIETIC_AND_LYMPHOID_TISSUE","CVCL_1421","MN-60",NA,"UNCLASSIFIED","Haematopoietic and Lymphoid","B-Lymphoblastic Leukemia","B Acute Lymphoblastic Leukemia"
"SIDM00447","ACH-000960","909696","REH_HAEMATOPOIETIC_AND_LYMPHOID_TISSUE","CVCL_1650","REH",NA,"UNCLASSIFIED","Haematopoietic and Lymphoid","B-Lymphoblastic Leukemia","Childhood B Acute Lymphoblastic Leukemia"
"SIDM01733","ACH-000629",NA,"IOMMLEE_CENTRAL_NERVOUS_SYSTEM",NA,"IOMM-Lee",NA,"MNG","Central Nervous System","Other Solid Cancers","Meningioma"
"SIDM01737","ACH-001097",NA,"KARPAS384_HAEMATOPOIETIC_AND_LYMPHOID_TISSUE",NA,"KARPAS-384",NA,"ATLL","Haematopoietic and Lymphoid","T-Cell Non-Hodgkin's Lymphoma","Cutaneous T-Cell Lymphoma"
"SIDM01702","ACH-000413",NA,"HS739T_FIBROBLAST",NA,"Hs-739-T",NA,NA,"Breast","Breast Carcinoma","Breast Adenocarcinoma"
"SIDM01704","ACH-000071",NA,"HS706T_BONE",NA,"Hs-706-T",NA,NA,"Bone","Other Solid Cancers","Giant Cell Bone Sarcoma"
"SIDM01714","ACH-002348",NA,"DIPG007_CENTRAL_NERVOUS_SYSTEM",NA,"HSJD-DIPG-007",NA,"DIPG","Central Nervous System","Glioma","Diffuse Intrinsic Pontine Glioma"
"SIDM01708","ACH-000642",NA,"HMEL_BREAST",NA,"HMEL",NA,NA,"Breast","Non-Cancerous",NA
"SIDM01718","ACH-001043",NA,"COLO775_HAEMATOPOIETIC_AND_LYMPHOID_TISSUE",NA,"COLO-775",NA,"PCM","Haematopoietic and Lymphoid","Plasma Cell Myeloma","Plasma Cell Myeloma"
"SIDM01720","ACH-001282",NA,"CHLA258_BONE",NA,"CHLA-258",NA,"ES","Bone","Ewing's Sarcoma","Primitive Neuroectodermal Tumor"
"SIDM01639","ACH-001356",NA,"MB1_THYROID",NA,"MB-1",NA,"THAP","Thyroid","Thyroid Gland Carcinoma","Anaplastic Thyroid Carcinoma"
"SIDM01643","ACH-000634",NA,"LN340_CENTRAL_NERVOUS_SYSTEM",NA,"LN-340",NA,"GB","Central Nervous System","Glioma","Glioblastoma"
"SIDM01655","ACH-001109",NA,"KPMRTRY_SOFT_TISSUE",NA,"KP-MRT-RY",NA,"MRT","Kidney","Other Solid Cancers","Rhabdoid Tumour of the Kidney"
"SIDM01657","ACH-000419",NA,"KMS28BM_HAEMATOPOIETIC_AND_LYMPHOID_TISSUE",NA,"KMS-28-BM",NA,"PCM","Haematopoietic and Lymphoid","Plasma Cell Myeloma","Plasma Cell Myeloma"
"SIDM01661","ACH-001100",NA,"KHYG_HAEMATOPOIETIC_AND_LYMPHOID_TISSUE",NA,"KHYG-1",NA,"NKCLL","Haematopoietic and Lymphoid","Other Blood Cancers","Natural Killer Cell Lymphoblastic Leukemia or Lymphoma"
"SIDM01663","ACH-001099",NA,"KD_SOFT_TISSUE",NA,"KD",NA,"ATRT","Soft Tissue","Other Solid Cancers","Extrarenal Rhabdoid Tumor"
"SIDM01669",NA,NA,NA,NA,"NCI-BL2077",NA,NA,"Haematopoietic and Lymphoid","Non-Cancerous","Non-Cancerous"
"SIDM01671","ACH-000533",NA,"NCIH2004RT_SOFT_TISSUE",NA,"NCI-H2004RT",NA,"MRT","Kidney","Other Solid Cancers","Rhabdoid Tumour of the Kidney"
"SIDM01675","ACH-000179",NA,"NCIH1618_LUNG",NA,"NCI-H1618",NA,"SCLC","Lung","Small Cell Lung Carcinoma","Small Cell Lung Carcinoma"
"SIDM01687",NA,NA,NA,NA,"MUTZ-7",NA,NA,"Haematopoietic and Lymphoid","B-Lymphoblastic Leukemia","B Acute Lymphoblastic Leukemia"
"SIDM01697","ACH-000229",NA,"HS822T_FIBROBLAST",NA,"Hs-822-T",NA,NA,"Bone","Ewing's Sarcoma","Ewing's Sarcoma"
"SIDM01701","ACH-000230",NA,"HS742T_FIBROBLAST",NA,"Hs-742-T",NA,NA,"Breast","Breast Carcinoma","Breast Adenocarcinoma"
"SIDM01703","ACH-000185",NA,"HS737T_FIBROBLAST",NA,"Hs-737-T",NA,NA,"Bone","Other Solid Cancers","Giant Cell Bone Sarcoma"
"SIDM01705","ACH-000850",NA,"HS698T_FIBROBLAST",NA,"Hs-698-T",NA,NA,"Large Intestine","Colorectal Carcinoma","Colon Adenocarcinoma"
"SIDM01707","ACH-001092",NA,"HS571T_OVARY",NA,"Hs-571-T",NA,NA,"Ovary","Ovarian Carcinoma","Ovarian Carcinoma"
"SIDM01713","ACH-001066",NA,"EWS834_BONE",NA,"EWS-834",NA,"ES","Bone","Ewing's Sarcoma","Ewing's Sarcoma"
"SIDM01717","ACH-001047",NA,"CORL51_LUNG",NA,"COR-L51",NA,"SCLC","Lung","Small Cell Lung Carcinoma","Small Cell Lung Carcinoma"
"SIDM01719","ACH-001042",NA,"COLO704_OVARY",NA,"COLO-704",NA,"UCEC","Ovary","Ovarian Carcinoma","Ovarian Adenocarcinoma"
"SIDM01731","ACH-000216",NA,"JHESOAD1_OESOPHAGUS",NA,"JH-EsoAd1",NA,"ESCA","Esophagus","Esophageal Carcinoma","Barrett s Adenocarcinoma"
"SIDM00093","ACH-000013","1298360","ONCODG1_OVARY","CVCL_1882","ONCO-DG-1",NA,"HGSOC","Ovary","Ovarian Carcinoma","High Grade Ovarian Serous Adenocarcinoma"
"SIDM01692","ACH-000077",NA,"MJ_HAEMATOPOIETIC_AND_LYMPHOID_TISSUE",NA,"MJ",NA,"MTNN","Haematopoietic and Lymphoid","T-Cell Non-Hodgkin's Lymphoma","Cutaneous T-Cell Lymphoma"
"SIDM01665","ACH-000089",NA,"NCIH684_LARGE_INTESTINE",NA,"NCI-H684",NA,"COAD","Large Intestine","Colorectal Carcinoma","Colon Adenocarcinoma"
"SIDM01682","ACH-000110",NA,"NCCSTCK140_STOMACH",NA,"NCC-StC-K140",NA,"STAD","Stomach","Gastric Carcinoma","Gastric Carcinoma"
"SIDM01726","ACH-000119",NA,"HS863T_FIBROBLAST",NA,"Hs-863-T",NA,NA,"Bone","Ewing's Sarcoma","Ewing's Sarcoma"
"SIDM01662","ACH-000564",NA,"KHM1B_HAEMATOPOIETIC_AND_LYMPHOID_TISSUE",NA,"KHM-1B",NA,"PCM","Haematopoietic and Lymphoid","Plasma Cell Myeloma","Plasma Cell Myeloma"
"SIDM01573","ACH-000576",NA,"KMS27_HAEMATOPOIETIC_AND_LYMPHOID_TISSUE","CVCL_2993","KMS-27",NA,"PCM","Haematopoietic and Lymphoid","Plasma Cell Myeloma","Plasma Cell Myeloma"
"SIDM01640","ACH-000602",NA,"M07E_HAEMATOPOIETIC_AND_LYMPHOID_TISSUE",NA,"M-07e",NA,"AMKL","Haematopoietic and Lymphoid","Acute Myeloid Leukemia","Childhood Acute Megakaryoblastic Leukemia"
"SIDM01660","ACH-000709",NA,"KMRC2_KIDNEY",NA,"KMRC-2",NA,"CCRCC","Kidney","Kidney Carcinoma","Clear Cell Renal Cell Carcinoma"
"SIDM01561","ACH-000799",NA,"HS695T_SKIN","CVCL_0851","Hs-695-T",NA,"MEL","Skin","Melanoma","Amelanotic Melanoma"
"SIDM01628","ACH-000851",NA,"MORCPR_LUNG","CVCL_2620","MOR-CPR",NA,"LUAD","Lung","Non-Small Cell Lung Carcinoma","Lung Adenocarcinoma"
"SIDM00560","ACH-000678","924250","MKN7_STOMACH","CVCL_1417","MKN7",NA,"STAD","Stomach","Gastric Carcinoma","Gastric Tubular Adenocarcinoma"
"SIDM01664","ACH-000952",NA,"MDAPCA2B_PROSTATE",NA,"MDA-PCa-2b",NA,"PRAD","Prostate","Prostate Carcinoma","Prostate Carcinoma"
"SIDM01609","ACH-000972",NA,"HEC151_ENDOMETRIUM","CVCL_2925","HEC-151",NA,"UCEC","Endometrium","Endometrial Carcinoma","Endometrial Adenocarcinoma"
"SIDM00498","ACH-000970","1674021","SNUC5_LARGE_INTESTINE","CVCL_5112","SNU-C5","NCI-SNU-C5;SNU-C5/WT","COREAD","Large Intestine","Colorectal Carcinoma","Cecum Adenocarcinoma"
"SIDM01608","ACH-000990",NA,"HEC108_ENDOMETRIUM","CVCL_2923","HEC-108",NA,"UCEC","Endometrium","Endometrial Carcinoma","Endometrial Adenocarcinoma"
"SIDM01588","ACH-000993",NA,"JHUEM7_ENDOMETRIUM","CVCL_4658","JHUEM-7",NA,"UCEC","Endometrium","Endometrial Carcinoma","Endometrial Adenocarcinoma"
"SIDM01617","ACH-000994",NA,"HEC59_ENDOMETRIUM","CVCL_2930","HEC-59",NA,"UCEC","Endometrium","Endometrial Carcinoma","Endometrial Adenocarcinoma"
"SIDM01611","ACH-000996",NA,"HEC251_ENDOMETRIUM","CVCL_2927","HEC-251",NA,"UCEC","Endometrium","Endometrial Carcinoma","Endometrial Carcinoma"
"SIDM00539","ACH-001496","1503366","ESO26_OESOPHAGUS","CVCL_2035","ESO26",NA,"ESCA","Esophagus","Esophageal Carcinoma","Esophageal Adenocarcinoma"
"SIDM00534","ACH-000986","907289","HT115_LARGE_INTESTINE","CVCL_2520","HT-115",NA,"COREAD","Large Intestine","Colorectal Carcinoma","Colon Carcinoma"
"SIDM00334","ACH-000879","908130","MFE296_ENDOMETRIUM","CVCL_1406","MFE-296",NA,"UCEC","Endometrium","Endometrial Carcinoma","Endometrial Adenocarcinoma"
"SIDM00433","ACH-000795","908146","MOLT13_HAEMATOPOIETIC_AND_LYMPHOID_TISSUE","CVCL_1422","MOLT-13",NA,"ALL","Haematopoietic and Lymphoid","T-Lymphoblastic Leukemia","Childhood T Acute Lymphoblastic Leukemia"
"SIDM00431","ACH-000918","908147","MOLT16_HAEMATOPOIETIC_AND_LYMPHOID_TISSUE","CVCL_1424","MOLT-16",NA,"ALL","Haematopoietic and Lymphoid","T-Lymphoblastic Leukemia","Childhood T Acute Lymphoblastic Leukemia"
"SIDM00429","ACH-000938","908158","NALM6_HAEMATOPOIETIC_AND_LYMPHOID_TISSUE","CVCL_0092","NALM-6","NALM-6-M1","UNCLASSIFIED","Haematopoietic and Lymphoid","B-Lymphoblastic Leukemia","Adult B Acute Lymphoblastic Leukemia"
"SIDM00493","ACH-001075","753604","NCIH292_LUNG","CVCL_0455","NCI-H292","NCI-HUT-292","UNCLASSIFIED","Lung","Other Solid Cancers","Lung Mucoepidermoid Carcinoma"
"SIDM00459","ACH-001617","1659819","OCILY7_HAEMATOPOIETIC_AND_LYMPHOID_TISSUE","CVCL_1881","OCI-LY7","OCI-Ly07","DLBC","Haematopoietic and Lymphoid","B-Cell Non-Hodgkin's Lymphoma","Diffuse Large B-Cell Lymphoma"
"SIDM00373","ACH-000974","909735","SNGM_ENDOMETRIUM","CVCL_1707","SNG-M",NA,"UCEC","Endometrium","Endometrial Carcinoma","Endometrial Adenocarcinoma"
"SIDM01647","ACH-002357",NA,"LB771PBL_MATCHED_NORMAL_TISSUE",NA,"LB771-PBL",NA,NA,"Haematopoietic and Lymphoid","Non-Cancerous","Non-Cancerous"
"SIDM00819","ACH-002189","1524414","RCCFG2_KIDNEY","CVCL_5873","RCC-FG2","KTCTL-26A","KIRC","Kidney","Kidney Carcinoma","Clear Cell Renal Cell Carcinoma"
"SIDM01741","ACH-000194",NA,"HS934T_FIBROBLAST",NA,"Hs-934-T",NA,NA,"Skin","Melanoma","Melanoma"
"SIDM01745",NA,NA,NA,NA,"Hs-888-Lu",NA,NA,"Lung","Non-Cancerous",NA
"SIDM01747",NA,NA,NA,NA,"Hs-791-T",NA,NA,"Bone","Osteosarcoma","Osteosarcoma"
"SIDM01730","ACH-000333",NA,"JHOM2B_OVARY",NA,"JHOM-2B",NA,"MOV","Ovary","Ovarian Carcinoma","Ovarian Mucinous Adenocarcinoma"
"SIDM01734","ACH-000612",NA,"HUT102_HAEMATOPOIETIC_AND_LYMPHOID_TISSUE",NA,"HuT-102",NA,"MYCF","Haematopoietic and Lymphoid","T-Cell Non-Hodgkin's Lymphoma","Cutaneous T-Cell Lymphoma"
"SIDM01736",NA,NA,NA,NA,"HuG1",NA,NA,"Stomach","Gastric Carcinoma","Gastric Tubular Adenocarcinoma"
"SIDM01738","ACH-001524",NA,"HSC5_SKIN",NA,"HSC-5",NA,"CSCC","Skin","Other Solid Cancers","Skin Squamous Cell Carcinoma"
"SIDM01740",NA,NA,NA,NA,"Hs-935-T",NA,NA,"Skin","Melanoma","Melanoma"
"SIDM01742",NA,NA,NA,NA,"Hs-895-Sk",NA,NA,"Skin","Non-Cancerous","Non-Cancerous"
"SIDM01744",NA,NA,NA,NA,"Hs-888-Sk",NA,NA,"Skin","Non-Cancerous","Non-Cancerous"
"SIDM01748",NA,NA,NA,NA,"Hs-860-T",NA,NA,"Bone","Osteosarcoma","Osteosarcoma"
"SIDM01754",NA,NA,NA,NA,"LB373-MEL",NA,NA,"Skin","Melanoma","Melanoma"
"SIDM01751",NA,NA,NA,NA,"HuG1-PI",NA,NA,"Stomach","Gastric Carcinoma","Gastric Tubular Adenocarcinoma"
"SIDM01755","ACH-001108",NA,"KP1NL_PANCREAS",NA,"KP-1NL",NA,NA,"Pancreas","Pancreatic Carcinoma","Pancreatic Ductal Adenocarcinoma"
"SIDM01783","ACH-001555",NA,"MERO14_PLEURA",NA,"Mero-14",NA,"PLEMESO","Lung","Mesothelioma","Pleural Epithelioid Mesothelioma"
"SIDM01760","ACH-000051",NA,"TE617T_SOFT_TISSUE",NA,"TE-617-T",NA,"RMS","Soft Tissue","Rhabdomyosarcoma","Rhabdomyosarcoma"
"SIDM01746","ACH-000154",NA,"HS888T_FIBROBLAST",NA,"Hs-888-T",NA,NA,"Bone","Osteosarcoma","Osteosarcoma"
"SIDM01778","ACH-000158",NA,"OCILY3_HAEMATOPOIETIC_AND_LYMPHOID_TISSUE",NA,"OCI-Ly3",NA,"ABC","Haematopoietic and Lymphoid","B-Cell Non-Hodgkin's Lymphoma","Diffuse Large B-Cell Lymphoma"
"SIDM01695","ACH-000166",NA,"KASUMI6_HAEMATOPOIETIC_AND_LYMPHOID_TISSUE",NA,"KASUMI-6",NA,"AML","Haematopoietic and Lymphoid","Acute Myeloid Leukemia","Adult Acute Myeloid Leukemia"
"SIDM01728","ACH-000173",NA,"JHUEM3_ENDOMETRIUM",NA,"JHUEM-3",NA,"UCEC","Endometrium","Endometrial Carcinoma","Endometrial Adenocarcinoma"
"SIDM01724","ACH-000180",NA,"HS839T_FIBROBLAST",NA,"Hs-839-T",NA,NA,"Skin","Melanoma","Melanoma"
"SIDM01667","ACH-000220",NA,"MINO_HAEMATOPOIETIC_AND_LYMPHOID_TISSUE",NA,"Mino",NA,"MCL","Haematopoietic and Lymphoid","B-Cell Non-Hodgkin's Lymphoma","Mantle Cell Lymphoma"
"SIDM01699","ACH-000224",NA,"HS819T_FIBROBLAST",NA,"Hs-819-T",NA,NA,"Bone","Chondrosarcoma","Chondrosarcoma"
"SIDM01709","ACH-000275",NA,"HS834T_FIBROBLAST",NA,"Hs-834-T",NA,NA,"Skin","Melanoma","Melanoma"
"SIDM00680","ACH-000957","998189","LS180_LARGE_INTESTINE","CVCL_0397","LS-180",NA,"COREAD","Large Intestine","Colorectal Carcinoma","Colon Adenocarcinoma"
"SIDM01725","ACH-000284",NA,"HS840T_FIBROBLAST",NA,"Hs-840-T",NA,NA,"Head and Neck","Non-Cancerous","Squamous Papilloma"
"SIDM01758","ACH-000285",NA,"TOLEDO_HAEMATOPOIETIC_AND_LYMPHOID_TISSUE",NA,"Toledo",NA,"DLBCLNOS","Haematopoietic and Lymphoid","B-Cell Non-Hodgkin's Lymphoma","Diffuse Large B-Cell Lymphoma"
"SIDM01659","ACH-000313",NA,"KMRC3_KIDNEY",NA,"KMRC-3",NA,"CCRCC","Kidney","Kidney Carcinoma","Clear Cell Renal Cell Carcinoma"
"SIDM01691","ACH-000321",NA,"MOLM6_HAEMATOPOIETIC_AND_LYMPHOID_TISSUE",NA,"MOLM-6",NA,"CML","Haematopoietic and Lymphoid","Chronic Myelogenous Leukemia","Chronic Myelogenous Leukemia"
"SIDM01749","ACH-000340",NA,"HS870T_FIBROBLAST",NA,"Hs-870-T",NA,NA,"Bone","Osteosarcoma","Osteosarcoma"
"SIDM01690","ACH-000453",NA,"MOLP2_HAEMATOPOIETIC_AND_LYMPHOID_TISSUE",NA,"MOLP-2",NA,"PCM","Haematopoietic and Lymphoid","Plasma Cell Myeloma","Plasma Cell Myeloma"
"SIDM01686","ACH-000462",NA,"NALM1_HAEMATOPOIETIC_AND_LYMPHOID_TISSUE",NA,"NALM-1",NA,"CML","Haematopoietic and Lymphoid","Chronic Myelogenous Leukemia","Chronic Myelogenous Leukemia"
"SIDM01696","ACH-000645",NA,"JL1_PLEURA",NA,"JL-1",NA,"PLEMESO","Lung","Mesothelioma","Malignant Pleural Mesothelioma"
"SIDM00537","ACH-001345","907291","GP5D_LARGE_INTESTINE","CVCL_1235","GP5d",NA,"COREAD","Large Intestine","Colorectal Carcinoma","Colon Adenocarcinoma"
"SIDM01710","ACH-000797",NA,"HLFA_FIBROBLAST",NA,"HLF-a",NA,NA,"Lung","Squamous Cell Lung Carcinoma","Squamous Cell Lung Carcinoma"
"SIDM01729","ACH-000909",NA,"JHUEM2_ENDOMETRIUM",NA,"JHUEM-2",NA,"UCEC","Endometrium","Endometrial Carcinoma","Endometrial Adenocarcinoma"
"SIDM01706","ACH-001093",NA,"HS604T_FIBROBLAST",NA,"Hs-604-T",NA,NA,"Haematopoietic and Lymphoid","Hodgkin's Lymphoma","Hodgkin's Lymphoma"
"SIDM00784","ACH-000126","1240164","KG1C_CENTRAL_NERVOUS_SYSTEM","CVCL_2971","KG-1-C",NA,"ODG","Central Nervous System","Glioma","Mixed Glioma"
"SIDM00803","ACH-000411","910922","769P_KIDNEY","CVCL_1050","769-P",NA,"KIRC","Kidney","Kidney Carcinoma","Clear Cell Renal Cell Carcinoma"
"SIDM01715","ACH-002347",NA,"CP66EBV_MATCHED_NORMAL_TISSUE",NA,"CP66-EBV",NA,NA,"Unknown","Non-Cancerous",NA
"SIDM00524","ACH-000703","753551","DMS79_LUNG","CVCL_1178","DMS-79",NA,"SCLC","Lung","Small Cell Lung Carcinoma","Small Cell Lung Carcinoma"
"SIDM00789","ACH-000997","905937","HCT15_LARGE_INTESTINE","CVCL_0292","HCT-15",NA,"COREAD","Large Intestine","Colorectal Carcinoma","Colon Adenocarcinoma"
"SIDM00602","ACH-000919","1240155","IM95_STOMACH","CVCL_2961","IM-95",NA,"STAD","Stomach","Gastric Carcinoma","Gastric Adenocarcinoma"
"SIDM00582","ACH-000281","1298218","KP2_PANCREAS","CVCL_3004","KP-2",NA,"PAAD","Pancreas","Pancreatic Carcinoma","Pancreatic Carcinoma"
"SIDM00660","ACH-000985","907794","LS411N_LARGE_INTESTINE","CVCL_1385","LS-411N",NA,"COREAD","Large Intestine","Colorectal Carcinoma","Cecum Adenocarcinoma"
"SIDM00654","ACH-000866","687995","NCIH1048_LUNG","CVCL_1453","NCI-H1048",NA,"SCLC","Lung","Small Cell Lung Carcinoma","Small Cell Lung Carcinoma"
"SIDM00754","ACH-000379","1298350","NCIH1781_LUNG","CVCL_1494","NCI-H1781",NA,"LUAD","Lung","Non-Small Cell Lung Carcinoma","Bronchiolo-Alveolar Lung Carcinoma"
"SIDM00760","ACH-000729","688010","NCIH1963_LUNG","CVCL_1510","NCI-H1963",NA,"SCLC","Lung","Small Cell Lung Carcinoma","Small Cell Lung Carcinoma"
"SIDM00703","ACH-000929","1298351","NCIH2110_LUNG","CVCL_1530","NCI-H2110",NA,"UNCLASSIFIED","Lung","Non-Small Cell Lung Carcinoma","Non-Small Cell Lung Carcinoma"
"SIDM00721","ACH-002171","924241","NCIH250_LUNG","CVCL_1554","NCI-H250",NA,"SCLC","Lung","Small Cell Lung Carcinoma","Small Cell Lung Carcinoma"
"SIDM00720","ACH-000648","908470","NCIH28_PLEURA","CVCL_1555","NCI-H28","HUT-28","MESO","Lung","Mesothelioma","Pleural Sarcomatoid Mesothelioma"
"SIDM00778","ACH-000403","908457","NCIH747_LARGE_INTESTINE","CVCL_1587","NCI-H747","NCI-747","COREAD","Large Intestine","Colorectal Carcinoma","Cecum Adenocarcinoma"
"SIDM00572","ACH-000911","908455","NUGC3_STOMACH","CVCL_1612","NUGC-3",NA,"STAD","Stomach","Gastric Carcinoma","Gastric Adenocarcinoma"
"SIDM00361","ACH-002184","1240202","PC3JPC3_LUNG","CVCL_S982","PC-3_[JPC-3]",NA,"LUAD","Lung","Non-Small Cell Lung Carcinoma","Lung Adenocarcinoma"
"SIDM00781","ACH-001199","909740","SNUC2B_LARGE_INTESTINE","CVCL_1710","SNU-C2B","NCI-SNU-C2B","COREAD","Large Intestine","Colorectal Carcinoma","Cecum Adenocarcinoma"
"SIDM01789","ACH-002011",NA,"MP46_UVEA",NA,"MP46",NA,"UM","Eye","Melanoma","Uveal Melanoma"
"SIDM01791","ACH-001122",NA,"MKL1_SKIN",NA,"MKL-1",NA,"MCC","Skin","Other Solid Cancers","Merkel Cell Carcinoma"
"SIDM01793","ACH-002015",NA,"MEL285_UVEA",NA,"Mel-285",NA,"UM","Eye","Melanoma","Uveal Melanoma"
"SIDM01795","ACH-001804",NA,"LPS510_SOFT_TISSUE",NA,"LPS510",NA,"DDLS","Soft Tissue","Other Solid Cancers","Dedifferentiated Liposarcoma"
"SIDM01797","ACH-001541",NA,"KMS28PE_HAEMATOPOIETIC_AND_LYMPHOID_TISSUE",NA,"KMS-28PE",NA,"PCM","Haematopoietic and Lymphoid","Plasma Cell Myeloma","Plasma Cell Myeloma"
"SIDM01799","ACH-001539",NA,"KML1_HAEMATOPOIETIC_AND_LYMPHOID_TISSUE",NA,"KML-1",NA,"GCB","Haematopoietic and Lymphoid","B-Cell Non-Hodgkin's Lymphoma","B-Cell Non-Hodgkin's Lymphoma"
"SIDM01787","ACH-001647",NA,"SHI1_HAEMATOPOIETIC_AND_LYMPHOID_TISSUE",NA,"SHI-1",NA,"AMOL","Haematopoietic and Lymphoid","Acute Monocytic Leukemia","Adult Acute Monocytic Leukemia"
"SIDM01788","ACH-001556",NA,"MERO25_PLEURA",NA,"Mero-25",NA,"PLBMESO","Lung","Mesothelioma","Pleural Biphasic Mesothelioma"
"SIDM01790","ACH-001123",NA,"MKL2_SKIN",NA,"MKL-2",NA,"MCC","Skin","Other Solid Cancers","Merkel Cell Carcinoma"
"SIDM01792","ACH-002016",NA,"MEL290_UVEA",NA,"Mel-290",NA,"UM","Eye","Melanoma","Uveal Melanoma"
"SIDM01794","ACH-001548",NA,"LS_AUTONOMIC_GANGLIA",NA,"LS",NA,"NBL","Peripheral Nervous System","Neuroblastoma","Neuroblastoma"
"SIDM01796","ACH-001799",NA,"LPS141_SOFT_TISSUE",NA,"LPS141",NA,"DDLS","Soft Tissue","Other Solid Cancers","Dedifferentiated Liposarcoma"
"SIDM01798","ACH-001540",NA,"KMLS1_SOFT_TISSUE",NA,"KMLS-1",NA,"LIPO","Soft Tissue","Other Solid Cancers","Liposarcoma"
"SIDM01800","ACH-001853",NA,"KMCH1_BILIARY_TRACT",NA,"KMCH-1",NA,"HCCIHCH","Liver","Hepatocellular Carcinoma","Combined Hepatocellular Carcinoma and Cholangiocarcinoma"
"SIDM01802","ACH-001955",NA,"JHC7_BONE",NA,"JHC7",NA,NA,"Bone","Other Solid Cancers","Sacral Chordoma"
"SIDM01804","ACH-001842",NA,"ICC2_BILIARY_TRACT",NA,"ICC2",NA,"IHCH","Biliary Tract","Biliary Tract Carcinoma","Intrahepatic Cholangiocarcinoma"
"SIDM01806","ACH-001495",NA,"EMTOKA_ENDOMETRIUM",NA,"EMTOKA",NA,"UCS","Uterus","Other Solid Cancers","Uterine Carcinosarcoma"
"SIDM01808","ACH-001347",NA,"H157_UPPER_AERODIGESTIVE_TRACT",NA,"H157",NA,"OCSC","Head and Neck","Oral Cavity Carcinoma","Buccal Mucosa Squamous Cell Carcinoma"
"SIDM01810","ACH-001509",NA,"H357_UPPER_AERODIGESTIVE_TRACT",NA,"H357",NA,"OCSC","Head and Neck","Oral Cavity Carcinoma","Tongue Squamous Cell Carcinoma"
"SIDM01812","ACH-001607",NA,"NOZ_LIVER",NA,"NOZ",NA,"GBAD","Biliary Tract","Biliary Tract Carcinoma","Gallbladder Carcinoma"
"SIDM01814","ACH-001079",NA,"HCC1897_LUNG",NA,"HCC1897",NA,"LUSC","Lung","Squamous Cell Lung Carcinoma","Squamous Cell Lung Carcinoma"
"SIDM01816","ACH-001516",NA,"HCSC1_CERVIX",NA,"HCSC-1",NA,"ECAD","Cervix","Cervical Carcinoma","Cervical Small Cell Carcinoma"
"SIDM01820","ACH-001078",NA,"HCC1588_LUNG",NA,"HCC1588",NA,NA,"Lung","Squamous Cell Lung Carcinoma","Squamous Cell Lung Carcinoma"
"SIDM01822","ACH-001608",NA,"NP2_CENTRAL_NERVOUS_SYSTEM",NA,"NP-2",NA,"GB","Central Nervous System","Glioblastoma","Glioblastoma"
"SIDM01824","ACH-001864",NA,"YSCCC_BILIARY_TRACT",NA,"YSCCC",NA,"IHCH","Biliary Tract","Biliary Tract Carcinoma","Cholangiocarcinoma"
"SIDM01826","ACH-001419",NA,"VP229_BREAST",NA,"VP229",NA,"IDC","Breast","Breast Carcinoma","Invasive Ductal Carcinoma Not Otherwise Specified"
"SIDM01828","ACH-001690",NA,"UPCISCC026_UPPER_AERODIGESTIVE_TRACT",NA,"UPCI-SCC-026",NA,"OCSC","Head and Neck","Oral Cavity Carcinoma","Oral Cavity Squamous Cell Carcinoma"
"SIDM01830","ACH-001224",NA,"UMRC2_KIDNEY",NA,"UM-RC-2",NA,"CCRCC","Kidney","Kidney Carcinoma","Clear Cell Renal Cell Carcinoma"
"SIDM01832","ACH-001863",NA,"TKKK_BILIARY_TRACT",NA,"TKKK",NA,"IHCH","Biliary Tract","Biliary Tract Carcinoma","Intrahepatic Cholangiocarcinoma"
"SIDM01834","ACH-001201",NA,"SUMB002_CENTRAL_NERVOUS_SYSTEM",NA,"SUM-B002",NA,"MBL","Central Nervous System","Other Solid Cancers","Medulloblastoma"
"SIDM01836","ACH-001389",NA,"SUM1315MO2_BREAST",NA,"SUM-1315MO2",NA,"IDC","Breast","Breast Carcinoma","Invasive Ductal Carcinoma Not Otherwise Specified"
"SIDM01838","ACH-001786",NA,"SNU1544_LARGE_INTESTINE",NA,"SNU-1544",NA,"COAD","Large Intestine","Colorectal Carcinoma","Colon Adenocarcinoma"
"SIDM01840",NA,NA,NA,NA,"SKG-IIB",NA,NA,"Cervix","Cervical Carcinoma","Human Papilloma Virus-Related Cervical Squamous Cell Carcinoma"
"SIDM01842","ACH-001619",NA,"OCUG1_BILIARY_TRACT",NA,"OCUG-1",NA,"GBAD","Biliary Tract","Biliary Tract Carcinoma","Gallbladder Carcinoma"
"SIDM01769","ACH-001664",NA,"SNU638_STOMACH",NA,"SNU-638",NA,"STAD","Stomach","Gastric Carcinoma","Gastric Adenocarcinoma"
"SIDM01771","ACH-000635",NA,"SNU119_OVARY",NA,"SNU-119",NA,"HGSOC","Ovary","Ovarian Carcinoma","Papillary Serous Cystadenocarcinoma"
"SIDM01773","ACH-000068",NA,"REC1_HAEMATOPOIETIC_AND_LYMPHOID_TISSUE",NA,"REC-1",NA,"MCL","Haematopoietic and Lymphoid","B-Cell Non-Hodgkin's Lymphoma","Mantle Cell Lymphoma"
"SIDM01784","ACH-001197",NA,"SMZ1_HAEMATOPOIETIC_AND_LYMPHOID_TISSUE",NA,"SMZ-1",NA,"MTNN","Haematopoietic and Lymphoid","T-Cell Non-Hodgkin's Lymphoma","T-Cell Non-Hodgkin's Lymphoma"
"SIDM01786","ACH-001814",NA,"OS252_BONE",NA,"OS252",NA,"OS","Bone","Osteosarcoma","Osteosarcoma"
"SIDM01780","ACH-000388",NA,"NUDHL1_HAEMATOPOIETIC_AND_LYMPHOID_TISSUE",NA,"NU-DHL-1",NA,"DLBCLNOS","Haematopoietic and Lymphoid","B-Cell Non-Hodgkin's Lymphoma","Diffuse Large B-Cell Lymphoma"
"SIDM01766","ACH-000418",NA,"SW1353_BONE",NA,"SW1353",NA,"CHS","Bone","Chondrosarcoma","Chondrosarcoma"
"SIDM01772","ACH-000531",NA,"RS5_FIBROBLAST",NA,"RS-5",NA,NA,"Lung","Mesothelioma","Malignant Pleural Mesothelioma"
"SIDM00770","ACH-000559","1240182","NCIH1836_LUNG","CVCL_1498","NCI-H1836",NA,"SCLC","Lung","Small Cell Lung Carcinoma","Small Cell Lung Carcinoma"
"SIDM00629","ACH-000573","1240172","MDAMB436_BREAST","CVCL_0623","MDA-MB-436","MDA-436","BRCA","Breast","Breast Carcinoma","Invasive Ductal Carcinoma Not Otherwise Specified"
"SIDM01762","ACH-000726",NA,"TE14_OESOPHAGUS",NA,"TE-14",NA,"ESCC","Esophagus","Esophageal Squamous Cell Carcinoma","Esophageal Squamous Cell Carcinoma"
"SIDM01750","ACH-000801",NA,"HS936T_SKIN",NA,"Hs-936-T",NA,"MEL","Skin","Melanoma","Melanoma"
"SIDM01764","ACH-000813",NA,"T3M10_LUNG",NA,"T3M-10",NA,"LCLC","Lung","Non-Small Cell Lung Carcinoma","Large Cell Lung Carcinoma"
"SIDM01768","ACH-000899",NA,"WM88_SKIN",NA,"WM88",NA,"MEL","Skin","Melanoma","Melanoma"
"SIDM01770","ACH-000908",NA,"SNU520_STOMACH",NA,"SNU-520",NA,"STAD","Stomach","Gastric Carcinoma","Gastric Adenocarcinoma"
"SIDM00608","ACH-000714","1659817","KMS11_HAEMATOPOIETIC_AND_LYMPHOID_TISSUE","CVCL_2989","KMS-11",NA,"MM","Haematopoietic and Lymphoid","Plasma Cell Myeloma","Plasma Cell Myeloma"
"SIDM00641","ACH-000944","908159","NAMALWA_HAEMATOPOIETIC_AND_LYMPHOID_TISSUE","CVCL_0067","NAMALWA","Namalva;NWA;NK62a","UNCLASSIFIED","Haematopoietic and Lymphoid","Burkitt's Lymphoma","Epstein-Barr Virus-Related Burkitt s Lymphoma"
"SIDM01776","ACH-001162",NA,"PCM6_HAEMATOPOIETIC_AND_LYMPHOID_TISSUE",NA,"PCM6",NA,"PCM","Haematopoietic and Lymphoid","Plasma Cell Myeloma","Plasma Cell Myeloma"
"SIDM00200","ACH-002112","949162","EW12_BONE","CVCL_1210","EW-12","IARC-EW12","UNCLASSIFIED","Bone","Ewing's Sarcoma","Ewing's Sarcoma"
"SIDM00535","ACH-001519","907290","HEMCSS_BONE","CVCL_1238","H-EMC-SS",NA,"UNCLASSIFIED","Bone","Chondrosarcoma","Chondrosarcoma"
"SIDM00884","ACH-000699","749712","HCC1395_BREAST","CVCL_1249","HCC1395","SCC-1395","BRCA","Breast","Breast Carcinoma","Ductal Breast Carcinoma"
"SIDM00661","ACH-000914","907063","HT_HAEMATOPOIETIC_AND_LYMPHOID_TISSUE","CVCL_1290","HT",NA,"DLBC","Haematopoietic and Lymphoid","B-Cell Non-Hodgkin's Lymphoma","Diffuse Large B-Cell Lymphoma"
"SIDM01872","ACH-001150",NA,"OUMS27_BONE",NA,"OUMS-27",NA,"CHS","Bone","Chondrosarcoma","Primary Central Chondrosarcoma"
"SIDM01801","ACH-001538",NA,"KKU213_BILIARY_TRACT",NA,"KKU-M213",NA,"IHCH","Biliary Tract","Biliary Tract Carcinoma","Intrahepatic Cholangiocarcinoma"
"SIDM01803","ACH-001845",NA,"ICC5_BILIARY_TRACT",NA,"ICC5",NA,"IHCH","Biliary Tract","Biliary Tract Carcinoma","Intrahepatic Cholangiocarcinoma"
"SIDM01805","ACH-001088",NA,"HLC1_LUNG",NA,"HLC-1",NA,"LUAD","Lung","Non-Small Cell Lung Carcinoma","Lung Adenocarcinoma"
"SIDM01807","ACH-001850",NA,"G415_BILIARY_TRACT",NA,"G-415",NA,"GBAD","Biliary Tract","Biliary Tract Carcinoma","Gallbladder Carcinoma"
"SIDM01811","ACH-001511",NA,"H413_UPPER_AERODIGESTIVE_TRACT",NA,"H413",NA,"OCSC","Head and Neck","Oral Cavity Carcinoma","Oral Cavity Squamous Cell Carcinoma"
"SIDM01813","ACH-001513",NA,"HCA1_CERVIX",NA,"HCA1",NA,"ECAD","Cervix","Cervical Carcinoma","Cervical Adenocarcinoma"
"SIDM01815","ACH-001515",NA,"HCS2_CERVIX",NA,"HCS-2",NA,"CESC","Cervix","Cervical Carcinoma","Cervical Squamous Cell Carcinoma"
"SIDM01817","ACH-001520",NA,"HG3_HAEMATOPOIETIC_AND_LYMPHOID_TISSUE",NA,"HG-3",NA,"BLL","Haematopoietic and Lymphoid","Other Blood Cancers","Chronic Lymphocytic Leukemia"
"SIDM01819","ACH-001852",NA,"HKGZCC_BILIARY_TRACT",NA,"HKGZ-CC",NA,"IHCH","Biliary Tract","Biliary Tract Carcinoma","Intrahepatic Cholangiocarcinoma"
"SIDM01821","ACH-001055",NA,"D556_CENTRAL_NERVOUS_SYSTEM",NA,"D-556MED",NA,"MBL","Central Nervous System","Other Solid Cancers","Medulloblastoma"
"SIDM01823","ACH-001144",NA,"OC315_OVARY",NA,"OC-315",NA,"SOC","Ovary","Ovarian Carcinoma","Ovarian Serous Adenocarcinoma"
"SIDM01825",NA,NA,NA,NA,"VP267",NA,NA,"Breast","Breast Carcinoma","Invasive Ductal Carcinoma Not Otherwise Specified"
"SIDM01827",NA,NA,NA,NA,"UPCI-SCC-016",NA,NA,"Head and Neck","Oral Cavity Carcinoma","Tongue Squamous Cell Carcinoma"
"SIDM01829","ACH-001225",NA,"UMRC6_KIDNEY",NA,"UM-RC-6",NA,"RCC","Kidney","Kidney Carcinoma","Renal Cell Carcinoma"
"SIDM01831","ACH-001685",NA,"UHO1_HAEMATOPOIETIC_AND_LYMPHOID_TISSUE",NA,"U-HO1",NA,"HL","Haematopoietic and Lymphoid","Hodgkin's Lymphoma","Hodgkin's Lymphoma"
"SIDM01833","ACH-001668",NA,"SUSA_TESTIS",NA,"SuSa",NA,"TT","Testis","Other Solid Cancers","Testicular Teratoma"
"SIDM01835","ACH-001395",NA,"SUM44PE_BREAST",NA,"SUM-44PE",NA,"ILC","Breast","Breast Carcinoma","Invasive Lobular Breast Carcinoma"
"SIDM01837","ACH-001388",NA,"SUM102PT_BREAST",NA,"SUM-102PT",NA,"IDC","Breast","Breast Carcinoma","Breast Carcinoma"
"SIDM01839","ACH-001194",NA,"SKRC31_KIDNEY",NA,"SK-RC-31",NA,"RCC","Kidney","Kidney Carcinoma","Renal Cell Carcinoma"
"SIDM01841","ACH-001618",NA,"OCIM2_HAEMATOPOIETIC_AND_LYMPHOID_TISSUE",NA,"OCI-M2",NA,"AML","Haematopoietic and Lymphoid","Acute Myeloid Leukemia","Adult Acute Myeloid Leukemia"
"SIDM01843","ACH-002018",NA,"OMM25_UVEA",NA,"OMM2-5",NA,"UM","Eye","Melanoma","Uveal Melanoma"
"SIDM01845",NA,NA,NA,NA,"Mel-270",NA,NA,"Eye","Melanoma","Uveal Melanoma"
"SIDM01847","ACH-001609",NA,"NP3_CENTRAL_NERVOUS_SYSTEM",NA,"NP-3",NA,"GB","Central Nervous System","Glioblastoma","Glioblastoma"
"SIDM01851","ACH-001175",NA,"RCC4_KIDNEY",NA,"RCC4",NA,"CCRCC","Kidney","Kidney Carcinoma","Clear Cell Renal Cell Carcinoma"
"SIDM01853","ACH-001651",NA,"SKGI_ENDOMETRIUM",NA,"SKG-I",NA,"CESC","Cervix","Cervical Carcinoma","Human Papilloma Virus-Related Cervical Squamous Cell Carcinoma"
"SIDM01844",NA,NA,NA,NA,"OMM2-3",NA,NA,"Eye","Melanoma","Uveal Melanoma"
"SIDM01846","ACH-001622",NA,"ONDA7_CENTRAL_NERVOUS_SYSTEM",NA,"Onda-7",NA,"GB","Central Nervous System","Glioblastoma","Glioblastoma"
"SIDM01848","ACH-001170",NA,"PETA_SKIN",NA,"PeTa",NA,"MCC","Skin","Other Solid Cancers","Merkel Cell Carcinoma"
"SIDM01850","ACH-001856",NA,"RBE_BILIARY_TRACT",NA,"RBE",NA,"IHCH","Biliary Tract","Biliary Tract Carcinoma","Intrahepatic Cholangiocarcinoma"
"SIDM01852","ACH-001857",NA,"SG231_BILIARY_TRACT",NA,"SG231",NA,"IHCH","Biliary Tract","Biliary Tract Carcinoma","Intrahepatic Cholangiocarcinoma"
"SIDM01854","ACH-001652",NA,"SKGII_ENDOMETRIUM",NA,"SKG-II",NA,"CESC","Cervix","Cervical Carcinoma","Human Papilloma Virus-Related Cervical Squamous Cell Carcinoma"
"SIDM01856","ACH-001052",NA,"D384_CENTRAL_NERVOUS_SYSTEM",NA,"D-384MED",NA,"MBL","Central Nervous System","Other Solid Cancers","Medulloblastoma"
"SIDM01858","ACH-000398",NA,"RI1_HAEMATOPOIETIC_AND_LYMPHOID_TISSUE",NA,"Ri-1",NA,"ABC","Haematopoietic and Lymphoid","B-Cell Non-Hodgkin's Lymphoma","Diffuse Large B-Cell Lymphoma"
"SIDM01777","ACH-000093",NA,"PANC0504_PANCREAS",NA,"PANC-05-04",NA,"PAAD","Pancreas","Pancreatic Carcinoma","Pancreatic Adenocarcinoma"
"SIDM01860","ACH-001200",NA,"STM9101_SOFT_TISSUE",NA,"STM91-01",NA,"MRT","Kidney","Other Solid Cancers","Rhabdoid Tumour of the Kidney"
"SIDM01862","ACH-000016",NA,"SLR21_KIDNEY",NA,"SLR21",NA,"CCRCC","Kidney","Kidney Carcinoma","Clear Cell Renal Cell Carcinoma"
"SIDM01864","ACH-001656",NA,"SKNO1_HAEMATOPOIETIC_AND_LYMPHOID_TISSUE",NA,"SKNO-1",NA,"AM","Haematopoietic and Lymphoid","Acute Myeloid Leukemia","Adult Acute Myeloid Leukemia"
"SIDM01759","ACH-000125",NA,"TO175T_FIBROBLAST",NA,"TO-175-T",NA,NA,"Haematopoietic and Lymphoid","Hodgkin's Lymphoma","Hodgkin's Lymphoma"
"SIDM01775","ACH-000140",NA,"PFEIFFER_HAEMATOPOIETIC_AND_LYMPHOID_TISSUE",NA,"Pfeiffer",NA,"DLBCLNOS","Haematopoietic and Lymphoid","B-Cell Non-Hodgkin's Lymphoma","Diffuse Large B-Cell Lymphoma"
"SIDM01761","ACH-000175",NA,"TE159T_FIBROBLAST",NA,"TE-159-T",NA,NA,"Soft Tissue","Rhabdomyosarcoma","Rhabdomyosarcoma"
"SIDM01765","ACH-000529",NA,"T173_FIBROBLAST",NA,"T1-73",NA,NA,"Bone","Osteosarcoma","Osteosarcoma"
"SIDM01767","ACH-000553",NA,"SQ1_LUNG",NA,"Sq-1",NA,"LUSC","Lung","Squamous Cell Lung Carcinoma","Squamous Cell Lung Carcinoma"
"SIDM01782","ACH-000723",NA,"YD10B_UPPER_AERODIGESTIVE_TRACT",NA,"YD-10B",NA,"OCSC","Head and Neck","Oral Cavity Carcinoma","Tongue Squamous Cell Carcinoma"
"SIDM01779","ACH-000761",NA,"NUGC2_STOMACH",NA,"NUGC-2",NA,"STAD","Stomach","Gastric Carcinoma","Gastric Adenocarcinoma"
"SIDM00845","ACH-000786","906831","DAUDI_HAEMATOPOIETIC_AND_LYMPHOID_TISSUE","CVCL_0008","Daudi","NK-10A;GM03190;GM17346","UNCLASSIFIED","Haematopoietic and Lymphoid","Burkitt's Lymphoma","Epstein-Barr Virus-Related Burkitt s Lymphoma"
"SIDM00863","ACH-001064","906846","EB2_HAEMATOPOIETIC_AND_LYMPHOID_TISSUE","CVCL_1186","EB2","Epstein-Barr-2","UNCLASSIFIED","Haematopoietic and Lymphoid","Burkitt's Lymphoma","Epstein-Barr Virus-Related Burkitt s Lymphoma"
"SIDM00879","ACH-000349","1303900","HCC1500_BREAST","CVCL_1254","HCC1500",NA,"BRCA","Breast","Breast Carcinoma","Ductal Breast Carcinoma"
"SIDM00878","ACH-000930","907046","HCC1569_BREAST","CVCL_1255","HCC1569",NA,"BRCA","Breast","Breast Carcinoma","Ductal Breast Carcinoma"
"SIDM00808","ACH-002252","907268","JIYOYEP2003_HAEMATOPOIETIC_AND_LYMPHOID_TISSUE","CVCL_1317","JiyoyeP-2003","Jijoye;P3 (Jiyoye);GM04678","UNCLASSIFIED","Haematopoietic and Lymphoid","Burkitt's Lymphoma","Epstein-Barr Virus-Related Burkitt s Lymphoma"
"SIDM00839","ACH-000950","907790","LOVO_LARGE_INTESTINE","CVCL_0399","LoVo",NA,"COREAD","Large Intestine","Colorectal Carcinoma","Colon Adenocarcinoma"
"SIDM00516","ACH-002166","753596","MZ7MEL_SKIN","CVCL_1436","MZ7-mel","MZ-MEL-7","SKCM","Skin","Melanoma","Melanoma"
"SIDM00837","ACH-000958","909751","SW48_LARGE_INTESTINE","CVCL_1724","SW48",NA,"COREAD","Large Intestine","Colorectal Carcinoma","Colon Adenocarcinoma"
"SIDM01897","ACH-001795",NA,"94T778_SOFT_TISSUE",NA,"94T778",NA,"WDLS","Soft Tissue","Other Solid Cancers","Well Differentiated Liposarcoma"
"SIDM01866","ACH-001279",NA,"SCCOHT1_OVARY",NA,"SCCOHT-1",NA,"SCCO","Ovary","Ovarian Carcinoma","Ovarian Small Cell Carcinoma, Hypercalcemic Type"
"SIDM01868","ACH-001132",NA,"MTA_HAEMATOPOIETIC_AND_LYMPHOID_TISSUE",NA,"MTA",NA,"NKCLL","Haematopoietic and Lymphoid","Other Blood Cancers","Natural Killer Cell Lymphoblastic Leukemia or Lymphoma"
"SIDM01870","ACH-001045",NA,"COLO849_SKIN",NA,"COLO-849",NA,"SKCM","Skin","Melanoma","Cutaneous Melanoma"
"SIDM01874",NA,NA,NA,NA,"Onda-9R",NA,NA,"Central Nervous System","Glioblastoma","Glioblastoma"
"SIDM01876","ACH-000854",NA,"OCIMY5_HAEMATOPOIETIC_AND_LYMPHOID_TISSUE",NA,"OCI-My5",NA,"PCM","Haematopoietic and Lymphoid","Plasma Cell Myeloma","Plasma Cell Myeloma"
"SIDM01880","ACH-001143",NA,"NKL_HAEMATOPOIETIC_AND_LYMPHOID_TISSUE",NA,"NKL",NA,"NKCLL","Haematopoietic and Lymphoid","Other Blood Cancers","Natural Killer Cell Lymphoblastic Leukemia or Lymphoma"
"SIDM01882","ACH-001147",NA,"OCILY12_HAEMATOPOIETIC_AND_LYMPHOID_TISSUE",NA,"OCI-Ly12",NA,"FTCL","Haematopoietic and Lymphoid","T-Cell Non-Hodgkin's Lymphoma","Malignant Non-Hodgkin Lymphoma, Cleaved Cell"
"SIDM01884","ACH-001130",NA,"MOTN1_HAEMATOPOIETIC_AND_LYMPHOID_TISSUE",NA,"MOTN-1",NA,"TLGL","Haematopoietic and Lymphoid","Other Blood Cancers","T-Cell Large Granular Lymphocyte Leukemia"
"SIDM01886",NA,NA,NA,NA,"TIG-3",NA,NA,"Lung","Non-Cancerous","Non-Cancerous"
"SIDM01888","ACH-001960",NA,"CCSW1_BILIARY_TRACT",NA,"CC-SW-1",NA,"IHCH","Biliary Tract","Biliary Tract Carcinoma","Intrahepatic Cholangiocarcinoma"
"SIDM01890",NA,NA,NA,NA,"Mero-48b",NA,NA,"Lung","Mesothelioma","Pleural Biphasic Mesothelioma"
"SIDM01892",NA,NA,NA,NA,"Mero-48c",NA,NA,"Lung","Mesothelioma","Pleural Biphasic Mesothelioma"
"SIDM01894","ACH-001559",NA,"MERO82_PLEURA",NA,"Mero-82",NA,"PLEMESO","Lung","Mesothelioma","Pleural Epithelioid Mesothelioma"
"SIDM01896","ACH-001796",NA,"95T1000_SOFT_TISSUE",NA,"95T1000",NA,"WDLS","Soft Tissue","Other Solid Cancers","Well Differentiated Liposarcoma"
"SIDM01898","ACH-001794",NA,"93T449_SOFT_TISSUE",NA,"93T449",NA,"WDLS","Soft Tissue","Other Solid Cancers","Well Differentiated Liposarcoma"
"SIDM01900","ACH-002398",NA,"21PT_BREAST",NA,"21PT",NA,NA,"Breast","Breast Carcinoma","Breast Carcinoma"
"SIDM01902","ACH-002400",NA,"21MT1_BREAST",NA,"21MT-1",NA,NA,"Breast","Breast Carcinoma","Breast Carcinoma"
"SIDM01904","ACH-001234",NA,"VMRCLCP_LUNG",NA,"VMRC-LCP",NA,"LUSC","Lung","Squamous Cell Lung Carcinoma","Squamous Cell Lung Carcinoma"
"SIDM01908","ACH-001230",NA,"UT7_HAEMATOPOIETIC_AND_LYMPHOID_TISSUE",NA,"UT-7",NA,"AMKL","Haematopoietic and Lymphoid","Acute Myeloid Leukemia","Adult Acute Megakaryoblastic Leukemia"
"SIDM01910","ACH-001410",NA,"UMUC4_URINARY_TRACT",NA,"UM-UC-4",NA,"BLCA","Bladder","Bladder Carcinoma","Bladder Carcinoma"
"SIDM01912","ACH-002399",NA,"21NT_BREAST",NA,"21NT",NA,"IDC","Breast","Breast Carcinoma","Breast Carcinoma"
"SIDM01914",NA,NA,NA,NA,"SKG-II-TS",NA,NA,"Cervix","Cervical Carcinoma","Human Papilloma Virus-Related Cervical Squamous Cell Carcinoma"
"SIDM01916","ACH-001743",NA,"RC2_SOFT_TISSUE",NA,"RMZ-RC2",NA,"ARMS","Soft Tissue","Rhabdomyosarcoma","Alveolar Rhabdomyosarcoma"
"SIDM01918",NA,NA,NA,NA,"SKG-I-TS",NA,NA,"Cervix","Cervical Carcinoma","Human Papilloma Virus-Related Cervical Squamous Cell Carcinoma"
"SIDM01920",NA,NA,NA,NA,"RCC4-VHL",NA,NA,"Kidney","Kidney Carcinoma","Clear Cell Renal Cell Carcinoma"
"SIDM01922",NA,NA,NA,NA,"Onda-9R-B12",NA,NA,"Central Nervous System","Glioblastoma","Glioblastoma"
"SIDM01926",NA,NA,NA,NA,"UT-7-GM",NA,NA,"Haematopoietic and Lymphoid","Acute Myeloid Leukemia","Adult Acute Megakaryoblastic Leukemia"
"SIDM01928",NA,NA,NA,NA,"YSCCC-G10",NA,NA,"Biliary Tract","Biliary Tract Carcinoma","Cholangiocarcinoma"
"SIDM01930",NA,NA,NA,NA,"HKMUS",NA,NA,"Cervix","Cervical Carcinoma","Human Papilloma Virus-Related Cervical Squamous Cell Carcinoma"
"SIDM01934","ACH-001015",NA,"AZ521_SMALL_INTESTINE",NA,"AZ-521",NA,"DA","Small Intestine","Other Solid Cancers","Duodenal Adenocarcinoma"
"SIDM01855","ACH-001634",NA,"PGA1_HAEMATOPOIETIC_AND_LYMPHOID_TISSUE",NA,"PGA-1",NA,"CLLSLL","Haematopoietic and Lymphoid","Other Blood Cancers","Chronic Lymphocytic Leukemia"
"SIDM01857","ACH-001510",NA,"H376_UPPER_AERODIGESTIVE_TRACT",NA,"H376",NA,"OCSC","Head and Neck","Oral Cavity Carcinoma","Oral Cavity Squamous Cell Carcinoma"
"SIDM01859","ACH-000122",NA,"SUPT11_HAEMATOPOIETIC_AND_LYMPHOID_TISSUE",NA,"SUP-T11",NA,"ATLL","Haematopoietic and Lymphoid","T-Lymphoblastic Leukemia","Adult T Acute Lymphoblastic Leukemia"
"SIDM01861","ACH-000300",NA,"SLR25_KIDNEY",NA,"SLR25",NA,"CCRCC","Kidney","Kidney Carcinoma","Clear Cell Renal Cell Carcinoma"
"SIDM01863","ACH-000385",NA,"SKRC20_KIDNEY",NA,"SK-RC-20",NA,"RCC","Kidney","Kidney Carcinoma","Renal Cell Carcinoma"
"SIDM01865","ACH-001187",NA,"SF8657_SKIN",NA,"SF8657",NA,NA,"Skin","Non-Cancerous","Non-Cancerous"
"SIDM01867","ACH-001558",NA,"MERO48A_PLEURA",NA,"Mero-48a",NA,"PLBMESO","Lung","Mesothelioma","Pleural Biphasic Mesothelioma"
"SIDM01869",NA,NA,NA,NA,"RMZ",NA,NA,"Soft Tissue","Rhabdomyosarcoma","Alveolar Rhabdomyosarcoma"
"SIDM01873","ACH-000084",NA,"MUTZ3_HAEMATOPOIETIC_AND_LYMPHOID_TISSUE",NA,"MUTZ-3",NA,"AMLGATA2MECOM","Haematopoietic and Lymphoid","Acute Myeloid Leukemia","Acute Myeloid Leukemia"
"SIDM01875","ACH-001624",NA,"ONDA9_CENTRAL_NERVOUS_SYSTEM",NA,"Onda-9",NA,"GB","Central Nervous System","Glioblastoma","Glioblastoma"
"SIDM01877","ACH-001148",NA,"OCILY132_HAEMATOPOIETIC_AND_LYMPHOID_TISSUE",NA,"OCI-Ly13-2",NA,"DLBCLNOS","Haematopoietic and Lymphoid","B-Cell Non-Hodgkin's Lymphoma","Diffuse Large B-Cell Lymphoma"
"SIDM01881",NA,NA,NA,NA,"OCI-Ly13-1",NA,NA,"Haematopoietic and Lymphoid","B-Cell Non-Hodgkin's Lymphoma","Diffuse Large B-Cell Lymphoma"
"SIDM01883","ACH-001146",NA,"OCILY10_HAEMATOPOIETIC_AND_LYMPHOID_TISSUE",NA,"OCI-Ly10",NA,"ABC","Haematopoietic and Lymphoid","B-Cell Non-Hodgkin's Lymphoma","Diffuse Large B-Cell Lymphoma"
"SIDM01885","ACH-001610",NA,"NP5_CENTRAL_NERVOUS_SYSTEM",NA,"NP-5",NA,"GB","Central Nervous System","Glioblastoma","Glioblastoma"
"SIDM01887","ACH-000172",NA,"TM87_SOFT_TISSUE",NA,"TM87-16",NA,"ATRT","Soft Tissue","Other Solid Cancers","Extrarenal Rhabdoid Tumor"
"SIDM00901","ACH-000940","910781","AN3CA_ENDOMETRIUM","CVCL_0028","AN3-CA",NA,"UCEC","Endometrium","Endometrial Carcinoma","Endometrial Adenocarcinoma"
"SIDM00889","ACH-001333","687505","C33A_CERVIX","CVCL_1094","C-33-A",NA,"CESC","Cervix","Cervical Carcinoma","Cervical Squamous Cell Carcinoma"
"SIDM00933","ACH-000856","910927","CAL51_BREAST","CVCL_1110","CAL-51",NA,"BRCA","Breast","Breast Carcinoma","Breast Carcinoma"
"SIDM00945","ACH-000895","1290771","CL34_LARGE_INTESTINE","CVCL_1980","CL-34",NA,"COAD","Large Intestine","Colorectal Carcinoma","Colon Adenocarcinoma"
"SIDM00948","ACH-002232","906838","DG75_HAEMATOPOIETIC_AND_LYMPHOID_TISSUE","CVCL_0244","DG-75",NA,"UNCLASSIFIED","Haematopoietic and Lymphoid","Burkitt's Lymphoma","Burkitt's Lymphoma"
"SIDM00947","ACH-000244","906839","DKMG_CENTRAL_NERVOUS_SYSTEM","CVCL_1173","DK-MG",NA,"GBM","Central Nervous System","Glioblastoma","Glioblastoma"
"SIDM01878","ACH-002360",NA,"MZ1B_MATCHED_NORMAL_TISSUE",NA,"MZ1-B",NA,NA,"Haematopoietic and Lymphoid","Non-Cancerous","Non-Cancerous"
"SIDM01051","ACH-000936","906852","EFO27_OVARY","CVCL_1192","EFO-27",NA,"UNCLASSIFIED","Ovary","Ovarian Carcinoma","Ovarian Mucinous Adenocarcinoma"
"SIDM01889","ACH-001959",NA,"CCLP1_BILIARY_TRACT",NA,"CC-LP-1",NA,"IHCH","Biliary Tract","Biliary Tract Carcinoma","Intrahepatic Cholangiocarcinoma"
"SIDM01891",NA,NA,NA,"CVCL_3653","BJ",NA,NA,"Skin","Non-Cancerous","Non-Cancerous"
"SIDM01893",NA,NA,NA,NA,"Mero-48d",NA,NA,"Lung","Mesothelioma","Pleural Biphasic Mesothelioma"
"SIDM01895","ACH-001560",NA,"MERO83_PLEURA",NA,"Mero-83",NA,"PLBMESO","Lung","Mesothelioma","Pleural Biphasic Mesothelioma"
"SIDM01899",NA,NA,NA,NA,"TIG-3S",NA,NA,"Skin","Non-Cancerous","Non-Cancerous"
"SIDM01901","ACH-002401",NA,"21MT2_BREAST",NA,"21MT-2",NA,NA,"Breast","Breast Carcinoma","Breast Carcinoma"
"SIDM01903","ACH-001557",NA,"MERO41_PLEURA",NA,"Mero-41",NA,"PLEMESO","Lung","Mesothelioma","Pleural Epithelioid Mesothelioma"
"SIDM01905","ACH-001561",NA,"MERO84_PLEURA",NA,"Mero-84",NA,"PLBMESO","Lung","Mesothelioma","Pleural Biphasic Mesothelioma"
"SIDM01907","ACH-001569",NA,"MM415_SKIN",NA,"MM415",NA,"MEL","Skin","Melanoma","Melanoma"
"SIDM01909","ACH-001411",NA,"UMUC5_URINARY_TRACT",NA,"UM-UC-5",NA,"BLSC","Bladder","Bladder Carcinoma","Bladder Carcinoma"
"SIDM01911","ACH-001206",NA,"TCC466_BONE",NA,"TTC-466",NA,"ES","Bone","Ewing's Sarcoma","Ewing's Sarcoma"
"SIDM01913",NA,NA,NA,NA,"U-HO1-PTPN1",NA,NA,"Haematopoietic and Lymphoid","Hodgkin's Lymphoma","Hodgkin's Lymphoma"
"SIDM01915",NA,NA,NA,NA,"SKG-II-LUC",NA,NA,"Cervix","Cervical Carcinoma","Human Papilloma Virus-Related Cervical Squamous Cell Carcinoma"
"SIDM01917",NA,NA,NA,NA,"SKG-II-SF",NA,NA,"Cervix","Cervical Carcinoma","Human Papilloma Virus-Related Cervical Squamous Cell Carcinoma"
"SIDM01919",NA,NA,NA,NA,"SLR24",NA,NA,"Kidney","Kidney Carcinoma","Clear Cell Renal Cell Carcinoma"
"SIDM01921",NA,NA,NA,NA,"RCC4-emptyvector",NA,NA,"Kidney","Kidney Carcinoma","Clear Cell Renal Cell Carcinoma"
"SIDM01923",NA,NA,NA,NA,"RMZ-RC5",NA,NA,"Soft Tissue","Rhabdomyosarcoma","Alveolar Rhabdomyosarcoma"
"SIDM01925",NA,NA,NA,NA,"UT-7-EPO",NA,NA,"Haematopoietic and Lymphoid","Acute Myeloid Leukemia","Adult Acute Megakaryoblastic Leukemia"
"SIDM01931",NA,NA,NA,NA,"UT-7-TPO",NA,NA,"Haematopoietic and Lymphoid","Acute Myeloid Leukemia","Adult Acute Megakaryoblastic Leukemia"
"SIDM01933","ACH-001098",NA,"KCIMOH1_PANCREAS",NA,"KCI-MOH1",NA,"PAAD","Pancreas","Pancreatic Carcinoma","Pancreatic Adenocarcinoma"
"SIDM01935","ACH-002001",NA,"A375_SKIN_CJ1_RESISTANT",NA,"A375_CJ1",NA,"MEL","Skin","Melanoma","Amelanotic Melanoma"
"SIDM01937","ACH-002002",NA,"A375_SKIN_CJ2_RESISTANT",NA,"A375_CJ2",NA,"MEL","Skin","Melanoma","Amelanotic Melanoma"
"SIDM01939","ACH-001071",NA,"GLC82_LUNG",NA,"GLC-82",NA,"ECAD","Cervix","Cervical Carcinoma","Cervical Adenocarcinoma"
"SIDM01941",NA,NA,NA,NA,"1181N1",NA,NA,"Central Nervous System","Glioma","Astrocytoma"
"SIDM01927","ACH-001018",NA,"BJHTERT_FIBROBLAST",NA,"BJ1-hTERT",NA,NA,"Skin","Non-Cancerous","Non-Cancerous"
"SIDM01871","ACH-000170",NA,"PRECLH_PROSTATE",NA,"PrEC-LH",NA,NA,"Prostate","Non-Cancerous","Non-Cancerous"
"SIDM01936","ACH-002003",NA,"A375_SKIN_CJ3_RESISTANT",NA,"A375_CJ3",NA,"MEL","Skin","Melanoma","Amelanotic Melanoma"
"SIDM01938","ACH-001017",NA,"BGC823_STOMACH",NA,"BGC-823",NA,"ECAD","Cervix","Cervical Carcinoma","Cervical Adenocarcinoma"
"SIDM01940","ACH-001037",NA,"CMK86_HAEMATOPOIETIC_AND_LYMPHOID_TISSUE",NA,"CMK-86",NA,"MLADS","Haematopoietic and Lymphoid","Acute Myeloid Leukemia","Childhood Acute Megakaryoblastic Leukemia"
"SIDM01967","ACH-001000",NA,"1321N1_CENTRAL_NERVOUS_SYSTEM",NA,"1321N1",NA,"ASTR","Central Nervous System","Glioma","Astrocytoma"
"SIDM01386",NA,NA,NA,"CVCL_2637","NCI-BL1339",NA,NA,"Haematopoietic and Lymphoid","Non-Cancerous","Non-Cancerous"
"SIDM01809",NA,NA,"H16N2_BREAST",NA,"H16N2",NA,NA,"Breast","Non-Cancerous","Non-Cancerous"
"SIDM01045","ACH-000978","1240127","EN_ENDOMETRIUM","CVCL_2034","EN",NA,"UCEC","Endometrium","Endometrial Carcinoma","Endometrial Carcinoma"
"SIDM01072","ACH-000878","1240143","HCC15_LUNG","CVCL_2057","HCC-15","HCC0015","LUSC","Lung","Squamous Cell Lung Carcinoma","Squamous Cell Lung Carcinoma"
"SIDM01004","ACH-000983","1330931","KCL22_HAEMATOPOIETIC_AND_LYMPHOID_TISSUE","CVCL_2091","KCL-22","KCL22S","LCML","Haematopoietic and Lymphoid","Chronic Myelogenous Leukemia","Chronic Myelogenous Leukemia"
"SIDM01879","ACH-002361",NA,"MZ7B_MATCHED_NORMAL_TISSUE",NA,"MZ7-B",NA,NA,"Haematopoietic and Lymphoid","Non-Cancerous","Non-Cancerous"
"SIDM01129","ACH-000816","908483","NCIH524_LUNG","CVCL_1568","NCI-H524",NA,"SCLC","Lung","Small Cell Lung Carcinoma","Small Cell Lung Carcinoma"
"SIDM01128","ACH-000767","688025","NCIH526_LUNG","CVCL_1569","NCI-H526",NA,"SCLC","Lung","Small Cell Lung Carcinoma","Small Cell Lung Carcinoma"
"SIDM01146","ACH-000932","908444","SNU1_STOMACH","CVCL_0099","SNU-1","NCI-SNU-1","STAD","Stomach","Gastric Carcinoma","Gastric Carcinoma"
"SIDM01203","ACH-002291","908454","NTERA2CLD1_TESTIS","CVCL_3407","NTERA-2-cl-D1","NT2-D1;NTERA-2 clone D1;NTERA-2/D1","UNCLASSIFIED","Testis","Other Solid Cancers","Testicular Embryonal Carcinoma"
"SIDM01136","ACH-000417","925347","PANC0813_PANCREAS","CVCL_1638","PANC-08-13","Panc 8.13;Pa14C;PL9","PAAD","Pancreas","Pancreatic Carcinoma","Pancreatic Ductal Adenocarcinoma"
"SIDM01090","ACH-000943","909698","RKO_LARGE_INTESTINE","CVCL_0504","RKO",NA,"COREAD","Large Intestine","Colorectal Carcinoma","Colon Carcinoma"
"SIDM01088","ACH-000965","930082","RL952_ENDOMETRIUM","CVCL_0505","RL95-2",NA,"UNCLASSIFIED","Endometrium","Endometrial Carcinoma","Adenosquamous Endometrial Carcinoma"
"SIDM01086","ACH-000874","909703","RS411_HAEMATOPOIETIC_AND_LYMPHOID_TISSUE","CVCL_0093","RS4-11",NA,"ALL","Haematopoietic and Lymphoid","B-Lymphoblastic Leukemia","Adult B Acute Lymphoblastic Leukemia"
"SIDM01112","ACH-000748","909717","SJSA1_BONE","CVCL_1697","SJSA-1","OsA-CL","UNCLASSIFIED","Bone","Osteosarcoma","Osteosarcoma"
"SIDM01113","ACH-000939","909732","SKUT1_SOFT_TISSUE","CVCL_0533","SK-UT-1",NA,"UNCLASSIFIED","Uterus","Other Sarcomas","Uterine Corpus Leiomyosarcoma"
"SIDM00971","ACH-000828","909907","ZR7530_BREAST","CVCL_1661","ZR-75-30",NA,"BRCA","Breast","Breast Carcinoma","Invasive Ductal Carcinoma Not Otherwise Specified"
"SIDM01257","ACH-002395","907070","HUH6CLONE5_LIVER","CVCL_1296","HUH-6-clone5","HuH-6 cl-5;HuH6-C15;JTC38",NA,"Liver","Hepatocellular Carcinoma","Hepatoblastoma"
"SIDM01263",NA,"907391",NA,"CVCL_1316","J-RT3-T3-5","Jurkat RT3-T3.5",NA,"Haematopoietic and Lymphoid","T-Lymphoblastic Leukemia","Childhood T Acute Lymphoblastic Leukemia"
"SIDM01721","ACH-002344","903782","BB65EBV_MATCHED_NORMAL_TISSUE",NA,"BB65-EBV",NA,NA,"Unknown","Non-Cancerous",NA
"SIDM01245","ACH-002216","906763","BE13_HAEMATOPOIETIC_AND_LYMPHOID_TISSUE","CVCL_1081","BE-13",NA,"ALL","Haematopoietic and Lymphoid","T-Lymphoblastic Leukemia","Childhood T Acute Lymphoblastic Leukemia"
"SIDM01712","ACH-001310",NA,"HA1E_KIDNEY",NA,"HA1E",NA,NA,"Kidney","Non-Cancerous","Non-Cancerous"
"SIDM01987",NA,NA,NA,NA,"ORL-48",NA,NA,"Head and Neck","Oral Cavity Carcinoma","Gingival Squamous Cell Carcinoma"
"SIDM01932","ACH-001422",NA,"WPE1NA22_PROSTATE",NA,"WPE1-NA22",NA,"PRAD","Prostate","Non-Cancerous","Non-Cancerous"
"SIDM01683",NA,NA,NA,NA,"B240",NA,NA,"Haematopoietic and Lymphoid","Non-Cancerous","Non-Cancerous"
"SIDM01673",NA,NA,NA,NA,"NCI-BL1819",NA,NA,"Haematopoietic and Lymphoid","Non-Cancerous","Non-Cancerous"
"SIDM00725",NA,NA,NA,"CVCL_2656","NCI-BL2347",NA,NA,"Haematopoietic and Lymphoid","Non-Cancerous","Non-Cancerous"
"SIDM01678",NA,NA,NA,NA,"NCI-BL1184",NA,NA,"Haematopoietic and Lymphoid","Non-Cancerous","Non-Cancerous"
"SIDM01723","ACH-000049",NA,"HEKTE_KIDNEY",NA,"HEK-TE",NA,NA,"Kidney","Non-Cancerous","Non-Cancerous"
"SIDM01684",NA,NA,NA,NA,"B239",NA,NA,"Haematopoietic and Lymphoid","Non-Cancerous","Non-Cancerous"
"SIDM01234",NA,NA,NA,"CVCL_3792","RWPE-2",NA,NA,"Prostate","Non-Cancerous","Non-Cancerous"
"SIDM01849",NA,NA,NA,NA,"PG-B95-8",NA,NA,"Haematopoietic and Lymphoid","Non-Cancerous","Non-Cancerous"
"SIDM00714",NA,NA,NA,"CVCL_2653","NCI-BL2141",NA,NA,"Haematopoietic and Lymphoid","Non-Cancerous","Non-Cancerous"
"SIDM01962",NA,NA,NA,NA,"HCM-SANG-0533-C20","WTSI-COLO_167",NA,"Large Intestine","Colorectal Carcinoma","Rectal Adenocarcinoma"
"SIDM01638","ACH-002342","903787","BB30PBL_MATCHED_NORMAL_TISSUE",NA,"BB30-PBL",NA,NA,"Unknown","Non-Cancerous",NA
"SIDM01237","ACH-001021","910850","C3A_LIVER","CVCL_1098","C3A","Hep-G2/C3A","LIHC","Liver","Hepatocellular Carcinoma","Hepatoblastoma"
"SIDM01248","ACH-001023","910568","CGTHW1_THYROID","CVCL_1120","CGTH-W-1",NA,"THCA","Thyroid","Thyroid Gland Carcinoma","Squamous Cell Thyroid Gland Carcinoma"
"SIDM01711","ACH-002350",NA,"HA7EBV_MATCHED_NORMAL_TISSUE",NA,"HA7-EBV",NA,NA,"Unknown","Non-Cancerous",NA
"SIDM00868","ACH-002378",NA,"HCC1143_MATCHED_NORMAL_TISSUE","CVCL_1246","HCC1143-BL",NA,NA,"Haematopoietic and Lymphoid","Non-Cancerous","Non-Cancerous"
"SIDM00873","ACH-002375",NA,"HCC1937_MATCHED_NORMAL_TISSUE","CVCL_3281","HCC1937-BL",NA,NA,"Haematopoietic and Lymphoid","Non-Cancerous","Non-Cancerous"
"SIDM00773","ACH-002381",NA,"HCC2157_MATCHED_NORMAL_TISSUE","CVCL_1262","HCC2157-BL",NA,NA,"Haematopoietic and Lymphoid","Non-Cancerous","Non-Cancerous"
"SIDM00696","ACH-002383",NA,"HCC2218_MATCHED_NORMAL_TISSUE","CVCL_1264","HCC2218-BL",NA,NA,"Haematopoietic and Lymphoid","Non-Cancerous","Non-Cancerous"
"SIDM00674","ACH-002377",NA,"HCC38_MATCHED_NORMAL_TISSUE","CVCL_1268","HCC38-BL",NA,NA,"Haematopoietic and Lymphoid","Non-Cancerous","Non-Cancerous"
"SIDM00592","ACH-002244","924111","HO1N1_UPPER_AERODIGESTIVE_TRACT","CVCL_1284","HO-1-N-1","Nakata-1","HNSC","Head and Neck","Oral Cavity Carcinoma","Oral Cavity Squamous Cell Carcinoma"
"SIDM01206","ACH-002248","907170","IMR5_AUTONOMIC_GANGLIA","CVCL_1306","IMR-5","IMR-05","NB","Peripheral Nervous System","Neuroblastoma","Neuroblastoma"
"SIDM01653","ACH-002351",NA,"L542_MATCHED_NORMAL_TISSUE",NA,"L542",NA,NA,"Haematopoietic and Lymphoid","Non-Cancerous","Non-Cancerous"
"SIDM01652","ACH-002352",NA,"LB1047EBV_MATCHED_NORMAL_TISSUE",NA,"LB1047-EBV",NA,NA,"Haematopoietic and Lymphoid","Non-Cancerous","Non-Cancerous"
"SIDM01651","ACH-002353",NA,"LB2241EBV_MATCHED_NORMAL_TISSUE",NA,"LB2241-EBV",NA,NA,"Haematopoietic and Lymphoid","Non-Cancerous","Non-Cancerous"
"SIDM01650","ACH-002354",NA,"LB2518EBV_MATCHED_NORMAL_TISSUE",NA,"LB2518-EBV",NA,NA,"Haematopoietic and Lymphoid","Non-Cancerous","Non-Cancerous"
"SIDM01649","ACH-002355",NA,"LB373EBV_MATCHED_NORMAL_TISSUE",NA,"LB373-EBV",NA,NA,"Haematopoietic and Lymphoid","Non-Cancerous","Non-Cancerous"
"SIDM01646","ACH-002358",NA,"LB831EBV_MATCHED_NORMAL_TISSUE",NA,"LB831-EBV",NA,NA,"Haematopoietic and Lymphoid","Non-Cancerous","Non-Cancerous"
"SIDM01641","ACH-002376",NA,"LS1034_MATCHED_NORMAL_TISSUE",NA,"LS1034-PBL",NA,NA,"Haematopoietic and Lymphoid","Non-Cancerous","Non-Cancerous"
"SIDM00705","ACH-002369",NA,"NCIBL209_MATCHED_NORMAL_TISSUE","CVCL_2649","NCI-BL209",NA,NA,"Haematopoietic and Lymphoid","Non-Cancerous","Non-Cancerous"
"SIDM00717","ACH-002372",NA,"NCIBL2171_MATCHED_NORMAL_TISSUE","CVCL_2654","NCI-BL2171",NA,NA,"Haematopoietic and Lymphoid","Non-Cancerous","Non-Cancerous"
"SIDM01247","ACH-002300","910401","RAMOS2G64C10_HAEMATOPOIETIC_AND_LYMPHOID_TISSUE","CVCL_1646","Ramos-2G6-4C10","Ramos.G6.C10","UNCLASSIFIED","Haematopoietic and Lymphoid","Burkitt's Lymphoma","Burkitt's Lymphoma"
"SIDM01205","ACH-002314","909773","TUR_HAEMATOPOIETIC_AND_LYMPHOID_TISSUE","CVCL_1775","TUR","TPA-U937-resistant","DLBC","Haematopoietic and Lymphoid","Acute Myeloid Leukemia","Adult Acute Monocytic Leukemia"
"SIDM01261","ACH-002208","1303911","YMB1E_BREAST","CVCL_2815","YMB-1-E",NA,"BRCA","Breast","Breast Carcinoma","Invasive Ductal Carcinoma Not Otherwise Specified"
"SIDM01959",NA,NA,NA,NA,"HCM-SANG-0517-C20","WTSI-COLO_176",NA,"Large Intestine","Colorectal Carcinoma","Rectal Adenocarcinoma"
"SIDM01952",NA,NA,NA,NA,"HCM-SANG-0548-C25","WTSI-PANC_052",NA,"Pancreas","Pancreatic Carcinoma","Pancreatic Adenocarcinoma"
"SIDM00900","ACH-002210","906765","ARH77_HAEMATOPOIETIC_AND_LYMPHOID_TISSUE","CVCL_1072","ARH-77",NA,"MM","Haematopoietic and Lymphoid","Non-Cancerous","Non-Cancerous"
"SIDM01233","ACH-000009","910700","C2BBE1_LARGE_INTESTINE","CVCL_1096","C2BBe1","Caco-2/BBe 1","COREAD","Large Intestine","Colorectal Carcinoma","Colon Adenocarcinoma"
"SIDM01818","ACH-001087",NA,"HK2_KIDNEY",NA,"HK-2",NA,NA,"Kidney","Non-Cancerous","Non-Cancerous"
"SIDM01924","ACH-001207",NA,"TIG3TD_FIBROBLAST",NA,"TIG-3TD",NA,NA,"Lung","Non-Cancerous","Non-Cancerous"
"SIDM01988",NA,NA,NA,NA,"C666-1",NA,NA,"Head and Neck","Head and Neck Carcinoma","Nasopharyngeal Undifferentiated Carcinoma"
"SIDM01989",NA,NA,NA,NA,"C17",NA,NA,"Head and Neck","Head and Neck Carcinoma","Nasopharyngeal Carcinoma"
"SIDM01990",NA,NA,NA,NA,"NPC268",NA,NA,"Head and Neck","Head and Neck Carcinoma","Nasopharyngeal Differentiated Carcinoma"
"SIDM01991",NA,NA,NA,NA,"NPC53",NA,NA,"Head and Neck","Head and Neck Carcinoma","Nasopharyngeal Undifferentiated Carcinoma"
"SIDM01992",NA,NA,NA,NA,"NPC43",NA,NA,"Head and Neck","Head and Neck Carcinoma","Nasopharyngeal Undifferentiated Carcinoma"
"SIDM01993",NA,NA,NA,NA,"NPC38",NA,NA,"Head and Neck","Head and Neck Carcinoma","Nasopharyngeal Carcinoma"
"SIDM01994",NA,NA,NA,NA,"OKF6-TERT-1",NA,NA,"Head and Neck","Non-Cancerous",NA
"SIDM01995",NA,NA,NA,NA,"ORL-215",NA,NA,"Head and Neck","Oral Cavity Carcinoma","Tongue Squamous Cell Carcinoma"
"SIDM01996",NA,NA,NA,NA,"ORL-214",NA,NA,"Head and Neck","Oral Cavity Carcinoma","Buccal Mucosa Squamous Cell Carcinoma"
"SIDM01997",NA,NA,NA,NA,"HK1",NA,NA,"Head and Neck","Head and Neck Carcinoma","Nasopharyngeal Differentiated Carcinoma"
"SIDM01998",NA,NA,NA,NA,"ORL-207",NA,NA,"Head and Neck","Oral Cavity Carcinoma","Tongue Squamous Cell Carcinoma"
"SIDM01999",NA,NA,NA,NA,"ORL-195",NA,NA,"Head and Neck","Oral Cavity Carcinoma","Buccal Mucosa Squamous Cell Carcinoma"
"SIDM02000",NA,NA,NA,NA,"ORL-188",NA,NA,"Head and Neck","Oral Cavity Carcinoma","Tongue Squamous Cell Carcinoma"
"SIDM02001",NA,NA,NA,NA,"ORL-174",NA,NA,"Head and Neck","Oral Cavity Carcinoma","Tongue Squamous Cell Carcinoma"
"SIDM02002",NA,NA,NA,NA,"ORL-166",NA,NA,"Head and Neck","Oral Cavity Carcinoma","Tongue Squamous Cell Carcinoma"
"SIDM02003",NA,NA,NA,NA,"ORL-156",NA,NA,"Head and Neck","Oral Cavity Carcinoma","Tongue Squamous Cell Carcinoma"
"SIDM02004",NA,NA,NA,NA,"ORL-153",NA,NA,"Head and Neck","Oral Cavity Carcinoma","Tongue Squamous Cell Carcinoma"
"SIDM02005",NA,NA,NA,NA,"ORL-150",NA,NA,"Head and Neck","Oral Cavity Carcinoma","Gingival Squamous Cell Carcinoma"
"SIDM02006",NA,NA,NA,NA,"ORL-136",NA,NA,"Head and Neck","Oral Cavity Carcinoma","Tongue Squamous Cell Carcinoma"
"SIDM02007",NA,NA,NA,NA,"ORL-115",NA,NA,"Head and Neck","Oral Cavity Carcinoma","Gingival Squamous Cell Carcinoma"
"SIDM02008",NA,NA,NA,NA,"ORL-204",NA,NA,"Head and Neck","Oral Cavity Carcinoma","Buccal Mucosa Squamous Cell Carcinoma"
"SIDM02009",NA,NA,NA,NA,"NP550",NA,NA,"Head and Neck","Non-Cancerous",NA
"SIDM01716","ACH-002346",NA,"CP50EBV_MATCHED_NORMAL_TISSUE",NA,"CP50-EBV",NA,NA,"Unknown","Non-Cancerous",NA
"SIDM01259","ACH-002238","906877","GRST_HAEMATOPOIETIC_AND_LYMPHOID_TISSUE","CVCL_1236","GR-ST",NA,"ALL","Haematopoietic and Lymphoid","B-Lymphoblastic Leukemia","Childhood B Acute Lymphoblastic Leukemia"
"SIDM01251","ACH-002240","907043","H9_HAEMATOPOIETIC_AND_LYMPHOID_TISSUE","CVCL_1240","H9","HT clone H9;HT(H9)","UNCLASSIFIED","Haematopoietic and Lymphoid","T-Cell Non-Hodgkin's Lymphoma","Mycosis Fungoides and Sezary Syndrome"
"SIDM00869","ACH-002373",NA,"HCC1187_MATCHED_NORMAL_TISSUE","CVCL_1248","HCC1187-BL",NA,NA,"Haematopoietic and Lymphoid","Non-Cancerous","Non-Cancerous"
"SIDM00883","ACH-002382",NA,"HCC1395_MATCHED_NORMAL_TISSUE","CVCL_1250","HCC1395-BL",NA,NA,"Haematopoietic and Lymphoid","Non-Cancerous","Non-Cancerous"
"SIDM00876","ACH-002374",NA,"HCC1599_MATCHED_NORMAL_TISSUE","CVCL_1257","HCC1599-BL",NA,NA,"Haematopoietic and Lymphoid","Non-Cancerous","Non-Cancerous"
"SIDM00632","ACH-002247","753563","IM9_HAEMATOPOIETIC_AND_LYMPHOID_TISSUE","CVCL_1305","IM-9","GM04680","MM","Haematopoietic and Lymphoid","Non-Cancerous","Non-Cancerous"
"SIDM00224","ACH-000569","907173","ISTMES1_PLEURA","CVCL_1311","IST-MES1",NA,"MESO","Lung","Mesothelioma","Pleural Epithelioid Mesothelioma"
"SIDM01648","ACH-002356",NA,"LB647PBL_MATCHED_NORMAL_TISSUE",NA,"LB647-PBL",NA,NA,"Haematopoietic and Lymphoid","Non-Cancerous","Non-Cancerous"
"SIDM01645","ACH-002359",NA,"LB996EBV_MATCHED_NORMAL_TISSUE",NA,"LB996-EBV",NA,NA,"Haematopoietic and Lymphoid","Non-Cancerous","Non-Cancerous"
"SIDM01219","ACH-002158","907796",NA,"CVCL_1393","LU-99A",NA,"UNCLASSIFIED","Lung","Non-Small Cell Lung Carcinoma","Giant Cell Lung Carcinoma"
"SIDM00636","ACH-002270","683665","MCCAR_HAEMATOPOIETIC_AND_LYMPHOID_TISSUE","CVCL_1397","MC-CAR",NA,NA,"Haematopoietic and Lymphoid","Non-Cancerous","Non-Cancerous"
"SIDM01246","ACH-002160","908118","MCIXC_BONE","CVCL_1398","MC-IXC","SK-N-MC-IXC","NB","Bone","Ewing's Sarcoma","Askin's Tumor"
"SIDM01242","ACH-002162","925339","MMACSF_SKIN","CVCL_1420","MMAc-SF","MMAc-Serum Free","SKCM","Skin","Melanoma","Melanoma"
"SIDM01681","ACH-002362",NA,"NCIBL128_MATCHED_NORMAL_TISSUE",NA,"NCI-BL128",NA,NA,"Haematopoietic and Lymphoid","Non-Cancerous","Non-Cancerous"
"SIDM01680","ACH-002364",NA,"NCIBL1437_MATCHED_NORMAL_TISSUE",NA,"NCI-BL1437",NA,NA,"Haematopoietic and Lymphoid","Non-Cancerous","Non-Cancerous"
"SIDM00736","ACH-002366",NA,"NCIBL2009_MATCHED_NORMAL_TISSUE","CVCL_2645","NCI-BL2009",NA,NA,"Haematopoietic and Lymphoid","Non-Cancerous","Non-Cancerous"
"SIDM00712","ACH-002367",NA,"NCIBL2052_MATCHED_NORMAL_TISSUE","CVCL_2647","NCI-BL2052",NA,NA,"Haematopoietic and Lymphoid","Non-Cancerous","Non-Cancerous"
"SIDM00707","ACH-002368",NA,"NCIBL2087_MATCHED_NORMAL_TISSUE","CVCL_2648","NCI-BL2087",NA,NA,"Haematopoietic and Lymphoid","Non-Cancerous","Non-Cancerous"
"SIDM00790","ACH-002371",NA,"NCIBL2126_MATCHED_NORMAL_TISSUE","CVCL_2652","NCI-BL2126",NA,NA,"Haematopoietic and Lymphoid","Non-Cancerous","Non-Cancerous"
"SIDM01164","ACH-000883","909750","SW1783_CENTRAL_NERVOUS_SYSTEM","CVCL_1722","SW1783",NA,"LGG","Central Nervous System","Glioma","Anaplastic Astrocytoma"
"SIDM01947",NA,NA,NA,NA,"HCM-SANG-0547-C25","WTSI-PANC_050",NA,"Pancreas","Pancreatic Carcinoma","Pancreatic Ductal Adenocarcinoma"
"SIDM00634","ACH-000039","753613","SKNMC_BONE","CVCL_0530","SK-N-MC",NA,"ES","Bone","Ewing's Sarcoma","Askin's Tumor"
"SIDM00613","ACH-000231","907271","KALS1_CENTRAL_NERVOUS_SYSTEM","CVCL_1323","KALS-1",NA,"LGG","Central Nervous System","Glioblastoma","Glioblastoma"
"SIDM01469","ACH-000085",NA,"T3M4_PANCREAS","CVCL_4056","T3M-4",NA,"PAAD","Pancreas","Pancreatic Carcinoma","Pancreatic Adenocarcinoma"
"SIDM00161","ACH-000141",NA,"SNU308_BILIARY_TRACT","CVCL_5048","SNU-308","NCI-SNU-308","GBAD","Biliary Tract","Biliary Tract Carcinoma","Gallbladder Carcinoma"
"SIDM00344","ACH-000596","946361","LCLC97TM1_LUNG","CVCL_1376","LCLC-97TM1",NA,"UNCLASSIFIED","Lung","Non-Small Cell Lung Carcinoma","Large Cell Lung Carcinoma"
"SIDM01564","ACH-000214",NA,"HS675T_FIBROBLAST","CVCL_0836","Hs-675-T",NA,NA,"Large Intestine","Colorectal Carcinoma","Colorectal Carcinoma"
"SIDM01135","ACH-000060","925348","PANC1005_PANCREAS","CVCL_1639","PANC-10-05","Pa16C;PL12","PAAD","Pancreas","Pancreatic Carcinoma","Pancreatic Ductal Adenocarcinoma"
"SIDM01753","ACH-000239",NA,"HUG1N_STOMACH",NA,"HuG1-N",NA,"TSTAD","Stomach","Gastric Carcinoma","Gastric Tubular Adenocarcinoma"
"SIDM00166","ACH-000302",NA,"SNU1077_ENDOMETRIUM","CVCL_5007","SNU-1077",NA,"UCS","Uterus","Other Solid Cancers","Uterine Corpus Carcinosarcoma"
"SIDM01444","ACH-000370",NA,"SNU626_CENTRAL_NERVOUS_SYSTEM","CVCL_5080","SNU-626",NA,"GB","Central Nervous System","Glioblastoma","Glioblastoma"
"SIDM01470","ACH-000387",NA,"TF1_HAEMATOPOIETIC_AND_LYMPHOID_TISSUE","CVCL_0559","TF-1",NA,"AML","Haematopoietic and Lymphoid","Acute Myeloid Leukemia","Erythroleukemia"
"SIDM00921","ACH-000264","724859","CALU6_LUNG","CVCL_0236","Calu-6",NA,"LUAD","Lung","Non-Small Cell Lung Carcinoma","Lung Adenocarcinoma"
"SIDM01575","ACH-000426",NA,"KMS20_HAEMATOPOIETIC_AND_LYMPHOID_TISSUE","CVCL_2990","KMS-20",NA,"PCM","Haematopoietic and Lymphoid","Plasma Cell Myeloma","Plasma Cell Myeloma"
"SIDM01679","ACH-000523",NA,"NCIH1184_LUNG",NA,"NCI-H1184",NA,"SCLC","Lung","Small Cell Lung Carcinoma","Small Cell Lung Carcinoma"
"SIDM00541","ACH-000926","907287","HT55_LARGE_INTESTINE","CVCL_1294","HT55",NA,"COREAD","Large Intestine","Colorectal Carcinoma","Colon Carcinoma"
"SIDM01159","ACH-002310","909756","SW872_SOFT_TISSUE","CVCL_1730","SW872",NA,"UNCLASSIFIED","Soft Tissue","Other Sarcomas","Liposarcoma"
"SIDM00406","ACH-000660","1331036","SUDHL5_HAEMATOPOIETIC_AND_LYMPHOID_TISSUE","CVCL_1735","SU-DHL-5",NA,"DLBC","Haematopoietic and Lymphoid","B-Cell Non-Hodgkin's Lymphoma","Diffuse Large B-Cell Lymphoma"
"SIDM00167","ACH-000715",NA,"SNU1214_UPPER_AERODIGESTIVE_TRACT","CVCL_5017","SNU-1214","NCI-SNU-1214","LXSC","Head and Neck","Head and Neck Carcinoma","Laryngeal Squamous Cell Carcinoma"
"SIDM01757","ACH-000741",NA,"UBLC1_URINARY_TRACT",NA,"U-BLC1",NA,"BLCA","Bladder","Bladder Carcinoma","Bladder Carcinoma"
"SIDM00256","ACH-002281","949178","NB14_AUTONOMIC_GANGLIA","CVCL_1444","NB14","SJNB-14;NB14-DH;NCC","NB","Peripheral Nervous System","Neuroblastoma","Neuroblastoma"
"SIDM00015","ACH-000777","1298221","KYSE30_OESOPHAGUS","CVCL_1351","KYSE-30",NA,"ESCC","Esophagus","Esophageal Squamous Cell Carcinoma","Esophageal Squamous Cell Carcinoma"
"SIDM00008","ACH-000796","1240171","MCAS_OVARY","CVCL_3020","MCAS",NA,"MOV","Ovary","Ovarian Carcinoma","Ovarian Cystadenocarcinoma"
"SIDM00511","ACH-000257","910937","CORL279_LUNG","CVCL_1140","COR-L279",NA,"SCLC","Lung","Small Cell Lung Carcinoma","Small Cell Lung Carcinoma"
"SIDM01677","ACH-000845",NA,"NCIH1373_LUNG",NA,"NCI-H1373",NA,"LUAD","Lung","Non-Small Cell Lung Carcinoma","Lung Adenocarcinoma"
"SIDM01394","ACH-000907",NA,"SNU349_KIDNEY","CVCL_5054","SNU-349",NA,"CCRCC","Kidney","Kidney Carcinoma","Clear Cell Renal Cell Carcinoma"
"SIDM00664","ACH-000178","1298141","HS766T_PANCREAS","CVCL_0334","Hs-766T","H766T","PAAD","Pancreas","Pancreatic Carcinoma","Pancreatic Adenocarcinoma"
"SIDM01618","ACH-000942",NA,"HPBALL_HAEMATOPOIETIC_AND_LYMPHOID_TISSUE","CVCL_1820","HPB-ALL",NA,"TLL","Haematopoietic and Lymphoid","B-Lymphoblastic Leukemia","Childhood T Acute Lymphoblastic Leukemia"
"SIDM00215","ACH-000708","1659929","SNU283_LARGE_INTESTINE","CVCL_5044","SNU-283","NCI-SNU-283","READ","Large Intestine","Colorectal Carcinoma","Rectal Adenocarcinoma"
"SIDM01700","ACH-000165",NA,"HS751T_FIBROBLAST",NA,"Hs-751-T",NA,NA,"Haematopoietic and Lymphoid","Hodgkin's Lymphoma","Hodgkin's Lymphoma"
"SIDM01942",NA,NA,NA,NA,"HCM-SANG-0522-C18","WTSI-COLO_093",NA,"Large Intestine","Colorectal Carcinoma","Colon Adenocarcinoma"
"SIDM00955","ACH-000812","1240125","COLO783_SKIN","CVCL_1997","COLO-783",NA,"SKCM","Skin","Melanoma","Melanoma"
"SIDM00922","ACH-000392","687777","CALU3_LUNG","CVCL_0609","Calu-3",NA,"LUAD","Lung","Non-Small Cell Lung Carcinoma","Lung Adenocarcinoma"
"SIDM01068","ACH-000562","1290908","HCC78_LUNG","CVCL_2061","HCC-78","HCC0078","LUAD","Lung","Non-Small Cell Lung Carcinoma","Lung Adenocarcinoma"
"SIDM01732","ACH-002379",NA,"J82_MATCHED_NORMAL_TISSUE",NA,"J82-EBV",NA,NA,"Haematopoietic and Lymphoid","Non-Cancerous","Non-Cancerous"
"SIDM01039","ACH-001529","907175","JAR_PLACENTA","CVCL_0360","JAR",NA,"UNCLASSIFIED","Placenta","Other Solid Cancers","Gestational Choriocarcinoma"
"SIDM00148","ACH-000019","905946","MCF7_BREAST","CVCL_0031","MCF7","ssMCF-7;MCF7/WT;IBMF-7;MCF7-CTRL","BRCA","Breast","Breast Carcinoma","Invasive Ductal Carcinoma Not Otherwise Specified"
"SIDM01265","ACH-000763","1659818","MM1S_HAEMATOPOIETIC_AND_LYMPHOID_TISSUE","CVCL_8792","MM1S",NA,"MM","Haematopoietic and Lymphoid","Plasma Cell Myeloma","Plasma Cell Myeloma"
"SIDM00091","ACH-001151","905969","OVCAR5_OVARY","CVCL_1628","OVCAR-5","NIH:OVCAR-5;OVCA5","OV","Ovary","Ovarian Carcinoma","High Grade Ovarian Serous Adenocarcinoma"
"SIDM01137","ACH-000235","1298476","PANC0403_PANCREAS","CVCL_1636","PANC-04-03","Panc 4.03;Pa17C;Pa017C;PL5","PAAD","Pancreas","Pancreatic Carcinoma","Pancreatic Ductal Adenocarcinoma"
"SIDM00321","ACH-000430","909774","TYKNU_OVARY","CVCL_1776","TYK-nu",NA,"UNCLASSIFIED","Ovary","Ovarian Carcinoma","High Grade Ovarian Serous Adenocarcinoma"
"SIDM01372","ACH-000266",NA,"SNU213_PANCREAS","CVCL_5034","SNU-213",NA,"PAAD","Pancreas","Pancreatic Carcinoma","Pancreatic Ductal Adenocarcinoma"
"SIDM00162","ACH-000268",NA,"SNU245_BILIARY_TRACT","CVCL_5038","SNU-245","NCI-SNU-245","EHCH","Biliary Tract","Biliary Tract Carcinoma","Cholangiocarcinoma"
"SIDM00633","ACH-000759","908120","MDAMB175VII_BREAST","CVCL_1400","MDA-MB-175-VII","MDA-175","BRCA","Breast","Breast Carcinoma","Invasive Ductal Carcinoma Not Otherwise Specified"
"SIDM00434","ACH-000745","1330950","MOLP8_HAEMATOPOIETIC_AND_LYMPHOID_TISSUE","CVCL_2124","MOLP-8",NA,"MM","Haematopoietic and Lymphoid","Plasma Cell Myeloma","Plasma Cell Myeloma"
"SIDM01336","ACH-000368",NA,"SNU1105_CENTRAL_NERVOUS_SYSTEM","CVCL_5010","SNU-1105",NA,"GB","Central Nervous System","Glioblastoma","Glioblastoma"
"SIDM00958","ACH-000920","910951","CMLT1_HAEMATOPOIETIC_AND_LYMPHOID_TISSUE","CVCL_1126","CML-T1",NA,"LCML","Haematopoietic and Lymphoid","Chronic Myelogenous Leukemia","Chronic Myelogenous Leukemia"
"SIDM00859","ACH-001498","1297449","FARAGE_HAEMATOPOIETIC_AND_LYMPHOID_TISSUE","CVCL_3302","Farage","Farage OL;Farage Original Line","DLBC","Haematopoietic and Lymphoid","B-Cell Non-Hodgkin's Lymphoma","Diffuse Large B-Cell Lymphoma"
"SIDM00783","ACH-000971","905936","HCT116_LARGE_INTESTINE","CVCL_0291","HCT-116",NA,"COREAD","Large Intestine","Colorectal Carcinoma","Colon Carcinoma"
"SIDM00588","ACH-000546","907062","HSC4_UPPER_AERODIGESTIVE_TRACT","CVCL_1289","HSC-4",NA,"HNSC","Head and Neck","Oral Cavity Carcinoma","Tongue Squamous Cell Carcinoma"
"SIDM00663","ACH-000814","1298144","HS939T_SKIN","CVCL_1036","Hs-939-T",NA,"SKCM","Skin","Melanoma","Melanoma"
"SIDM00066",NA,NA,NA,"CVCL_9972","TE-7",NA,NA,"Esophagus","Esophageal Squamous Cell Carcinoma","Esophageal Squamous Cell Carcinoma"
"SIDM00076",NA,NA,NA,"CVCL_4463","TE-13",NA,NA,"Esophagus","Esophageal Squamous Cell Carcinoma","Esophageal Squamous Cell Carcinoma"
"SIDM00089",NA,NA,NA,"CVCL_1452","NCI-ADR-RES",NA,NA,"Ovary","Ovarian Carcinoma","High Grade Ovarian Serous Adenocarcinoma"
"SIDM00106",NA,NA,NA,"CVCL_3968","NCI-H125",NA,NA,"Lung","Other Solid Cancers","Adenosquamous Lung Carcinoma"
"SIDM00109","ACH-001198",NA,"SNB19_CENTRAL_NERVOUS_SYSTEM","CVCL_0535","SNB19",NA,"ASTR","Central Nervous System","Glioma","Astrocytoma"
"SIDM00110",NA,NA,NA,"CVCL_2864","B2-17",NA,NA,"Central Nervous System","Glioma","Astrocytoma"
"SIDM00071","ACH-000202","1290773","COLO320_LARGE_INTESTINE","CVCL_1989","COLO-320","Co320;COLO 320F","COAD","Large Intestine","Colorectal Carcinoma","Colon Adenocarcinoma"
"SIDM00010",NA,NA,NA,"CVCL_1437","Malme-3",NA,NA,"Skin","Non-Cancerous","Non-Cancerous"
"SIDM00713","ACH-000153","688058","NCIH2052_PLEURA","CVCL_1518","NCI-H2052","H2052_MM","MESO","Lung","Mesothelioma","Pleural Sarcomatoid Mesothelioma"
"SIDM00557","ACH-000345","924189","KPNRTBM1_AUTONOMIC_GANGLIA","CVCL_1339","KP-N-RT-BM-1",NA,"NB","Peripheral Nervous System","Neuroblastoma","Neuroblastoma"
"SIDM00355","ACH-000062","910931","RERFLCMS_LUNG","CVCL_1655","RERF-LC-MS",NA,"LUAD","Lung","Non-Small Cell Lung Carcinoma","Lung Adenocarcinoma"
"SIDM00960","ACH-000798","1240124","CL40_LARGE_INTESTINE","CVCL_1982","CL-40",NA,"COAD","Large Intestine","Colorectal Carcinoma","Colon Adenocarcinoma"
"SIDM01694","ACH-000728",NA,"KASUMI2_HAEMATOPOIETIC_AND_LYMPHOID_TISSUE",NA,"KASUMI-2",NA,"BLL","Haematopoietic and Lymphoid","B-Lymphoblastic Leukemia","B Acute Lymphoblastic Leukemia"
"SIDM01445","ACH-000736",NA,"SNU601_STOMACH","CVCL_0101","SNU-601",NA,"SSRCC","Stomach","Gastric Carcinoma","Signet Ring Cell Gastric Adenocarcinoma"
"SIDM00697","ACH-000830","908469","NCIH1436_LUNG","CVCL_1471","NCI-H1436",NA,"SCLC","Lung","Small Cell Lung Carcinoma","Small Cell Lung Carcinoma"
"SIDM00618","ACH-000620","1298151","JHH1_LIVER","CVCL_2785","JHH-1",NA,"LIHC","Liver","Hepatocellular Carcinoma","Hepatocellular Carcinoma"
"SIDM00550","ACH-002264","1298222","KYSE50_OESOPHAGUS","CVCL_1360","KYSE-50","KY-50","ESCA","Esophagus","Esophageal Squamous Cell Carcinoma","Esophageal Squamous Cell Carcinoma"
"SIDM00762","ACH-000414","1240185","NCIH1944_LUNG","CVCL_1508","NCI-H1944",NA,"LUAD","Lung","Non-Small Cell Lung Carcinoma","Lung Adenocarcinoma"
"SIDM01169","ACH-000885","1240222","TOV21G_OVARY","CVCL_3613","TOV-21G",NA,"OV","Ovary","Ovarian Carcinoma","Ovarian Clear Cell Adenocarcinoma"
"SIDM00343","ACH-002268","910694","LN405_CENTRAL_NERVOUS_SYSTEM","CVCL_1378","LN-405",NA,"GBM","Central Nervous System","Glioblastoma","Glioblastoma"
"SIDM00614","ACH-000848","1240160","JHH7_LIVER","CVCL_2805","JHH-7","FLC-7;Functional Liver Cell-7","LIHC","Liver","Hepatocellular Carcinoma","Hepatocellular Carcinoma"
"SIDM01254","ACH-000707","1330988","P3HR1_HAEMATOPOIETIC_AND_LYMPHOID_TISSUE","CVCL_2676","P3HR-1","P3HRI;P3HR1-BL;P3J HR-1;P3J HR1-K","BL","Haematopoietic and Lymphoid","Burkitt's Lymphoma","Epstein-Barr Virus-Related Burkitt s Lymphoma"
"SIDM01276",NA,NA,NA,NA,"HCM-SANG-0272-C20","WTSI-COLO_025",NA,"Large Intestine","Colorectal Carcinoma","Rectal Adenocarcinoma"
"SIDM00499","ACH-000956","924100","22RV1_PROSTATE","CVCL_1045","22RV1","CWR22-Rv1;CWR22-R1","PRAD","Prostate","Prostate Carcinoma","Prostate Carcinoma"
"SIDM01016","ACH-000995","998184","JURKAT_HAEMATOPOIETIC_AND_LYMPHOID_TISSUE","CVCL_0065","Jurkat","JM;JM-Jurkat;Jurkat-FHCRC;FHCRC-11;FHCRC subclone 11;FCCH1024","ALL","Haematopoietic and Lymphoid","T-Lymphoblastic Leukemia","Childhood T Acute Lymphoblastic Leukemia"
"SIDM01010","ACH-000053","907273","KARPAS299_HAEMATOPOIETIC_AND_LYMPHOID_TISSUE","CVCL_1324","KARPAS-299","K299","UNCLASSIFIED","Haematopoietic and Lymphoid","T-Cell Non-Hodgkin's Lymphoma","Anaplastic Large Cell Lymphoma"
"SIDM00687","ACH-000793","907276","KATOIII_STOMACH","CVCL_0371","KATOIII","KATO 3;JTC-28","STAD","Stomach","Gastric Carcinoma","Signet Ring Cell Gastric Adenocarcinoma"
"SIDM00603","ACH-002260","753570","KOSC2_UPPER_AERODIGESTIVE_TRACT","CVCL_1337","KOSC-2","KOSC-2 cl3-43","HNSC","Head and Neck","Head and Neck Carcinoma","Head and Neck Squamous Cell Carcinoma"
"SIDM00683","ACH-000977","907788","LNCAPCLONEFGC_PROSTATE","CVCL_1379","LNCaP-Clone-FGC","LNCaP.FGC;LNCaP-ATCC","PRAD","Prostate","Prostate Carcinoma","Prostate Carcinoma"
"SIDM00293","ACH-002052","713878","LU139_LUNG","CVCL_1390","LU-139","NCC-c-Lu-139","SCLC","Lung","Small Cell Lung Carcinoma","Small Cell Lung Carcinoma"
"SIDM00003","ACH-002159","905975","M14_SKIN","CVCL_1395","M14","M14-MEL;UCLA-SO-M14;UCLA-SO-14;Melanoma 14","SKCM","Skin","Melanoma","Amelanotic Melanoma"
"SIDM00437","ACH-000362","1330947","MOLM13_HAEMATOPOIETIC_AND_LYMPHOID_TISSUE","CVCL_2119","MOLM-13",NA,"LAML","Haematopoietic and Lymphoid","Acute Myeloid Leukemia","Adult Acute Myeloid Leukemia"
"SIDM00425","ACH-000663","1298365","OVTOKO_OVARY","CVCL_3117","OVTOKO",NA,"OV","Ovary","Ovarian Carcinoma","Ovarian Clear Cell Adenocarcinoma"
"SIDM01156","ACH-000890","1299062","SW1271_LUNG","CVCL_1716","SW1271",NA,"SCLC","Lung","Small Cell Lung Carcinoma","Small Cell Lung Carcinoma"
"SIDM01278",NA,NA,NA,NA,"HCM-SANG-0276-C18","WTSI-COLO_039",NA,"Large Intestine","Colorectal Carcinoma","Cecum Adenocarcinoma"
"SIDM00435","ACH-000369","1330948","MOLM16_HAEMATOPOIETIC_AND_LYMPHOID_TISSUE","CVCL_2120","MOLM-16",NA,"LAML","Haematopoietic and Lymphoid","Acute Myeloid Leukemia","Adult Acute Myeloid Leukemia"
"SIDM01023","ACH-000006","908148","MONOMAC6_HAEMATOPOIETIC_AND_LYMPHOID_TISSUE","CVCL_1426","MONO-MAC-6","MM6","LAML","Haematopoietic and Lymphoid","Acute Myeloid Leukemia","Adult Acute Monocytic Leukemia"
"SIDM00253","ACH-002284","949173","NB6_AUTONOMIC_GANGLIA","CVCL_8823","NB6","SJNB-6;NB6-DH;N2307L","NB","Peripheral Nervous System","Neuroblastoma","Neuroblastoma"
"SIDM00758","ACH-001137","908476","NCIH1993_LUNG","CVCL_1512","NCI-H1993",NA,"LUAD","Lung","Non-Small Cell Lung Carcinoma","Lung Adenocarcinoma"
"SIDM00702","ACH-000311","722046","NCIH2122_LUNG","CVCL_1531","NCI-H2122",NA,"LUAD","Lung","Non-Small Cell Lung Carcinoma","Lung Adenocarcinoma"
"SIDM00700","ACH-001363","1298352","NCIH2135_LUNG","CVCL_1533","NCI-H2135",NA,"UNCLASSIFIED","Lung","Non-Small Cell Lung Carcinoma","Non-Small Cell Lung Carcinoma"
"SIDM00144","ACH-000463","905943","NCIH460_LUNG","CVCL_0459","NCI-H460","NCI-HUT-460;NCI-460","UNCLASSIFIED","Lung","Non-Small Cell Lung Carcinoma","Large Cell Lung Carcinoma"
"SIDM00444","ACH-001368","1503363","OACM51_OESOPHAGUS","CVCL_1842","OACM5-1","OACM5.1 C","ESCA","Esophagus","Esophageal Carcinoma","Esophageal Adenocarcinoma"
"SIDM00220","ACH-000962","909257","OC314_OVARY","CVCL_1616","OC-314",NA,"OV","Ovary","Ovarian Carcinoma","Ovarian Serous Adenocarcinoma"
"SIDM00092","ACH-000617","905990","OVCAR4_OVARY","CVCL_1627","OVCAR-4","NIH:OVCAR-4","OV","Ovary","Ovarian Carcinoma","High Grade Ovarian Serous Adenocarcinoma"
"SIDM01114","ACH-001383","1330993","PWR1E_PROSTATE","CVCL_3775","PWR-1E",NA,"PRAD","Prostate","Non-Cancerous","Non-Cancerous"
"SIDM00449","ACH-000922","1330994","RCHACV_HAEMATOPOIETIC_AND_LYMPHOID_TISSUE","CVCL_1851","RCH-ACV",NA,"UNCLASSIFIED","Haematopoietic and Lymphoid","B-Lymphoblastic Leukemia","Childhood B Acute Lymphoblastic Leukemia"
"SIDM00426","ACH-000100","1240210","RH41_SOFT_TISSUE","CVCL_2176","RH-41",NA,"UNCLASSIFIED","Soft Tissue","Rhabdomyosarcoma","Alveolar Rhabdomyosarcoma"
"SIDM00813","ACH-001182","909701","RPMI6666_HAEMATOPOIETIC_AND_LYMPHOID_TISSUE","CVCL_1665","RPMI-6666",NA,"UNCLASSIFIED","Haematopoietic and Lymphoid","Non-Cancerous","Non-Cancerous"
"SIDM00382","ACH-000609","909712","SF126_CENTRAL_NERVOUS_SYSTEM","CVCL_1688","SF126",NA,"GBM","Central Nervous System","Glioblastoma","Glioblastoma"
"SIDM01108","ACH-000309","909721","SKLU1_LUNG","CVCL_0629","SK-LU-1",NA,"LUAD","Lung","Non-Small Cell Lung Carcinoma","Lung Adenocarcinoma"
"SIDM01199","ACH-000493","909737","SNU423_LIVER","CVCL_0366","SNU-423","NCI-SNU-423","LIHC","Liver","Hepatocellular Carcinoma","Hepatocellular Carcinoma"
"SIDM00832","ACH-000680","909757","SW948_LARGE_INTESTINE","CVCL_0632","SW948",NA,"COREAD","Large Intestine","Colorectal Carcinoma","Colon Adenocarcinoma"
"SIDM00249","ACH-000353","753614","TE15_OESOPHAGUS","CVCL_1763","TE-15",NA,"ESCA","Esophagus","Esophageal Squamous Cell Carcinoma","Esophageal Squamous Cell Carcinoma"
"SIDM01191","ACH-000364","909776","U2OS_BONE","CVCL_0042","U-2-OS","U20-S;2T","UNCLASSIFIED","Bone","Osteosarcoma","Osteosarcoma"
"SIDM00417","ACH-000626","753615","U266B1_HAEMATOPOIETIC_AND_LYMPHOID_TISSUE","CVCL_0566","U-266","U266B1;U266S;U266BL","MM","Haematopoietic and Lymphoid","Plasma Cell Myeloma","Plasma Cell Myeloma"
"SIDM01102","ACH-002316","1331049","WIL2NS_HAEMATOPOIETIC_AND_LYMPHOID_TISSUE","CVCL_2761","WIL2-NS",NA,"UNCLASSIFIED","Haematopoietic and Lymphoid","Non-Cancerous","Hereditary Spherocytosis"
"SIDM00027","ACH-001192","909730","SKNEP1_BONE","CVCL_0631","SK-NEP-1",NA,"ES","Kidney","Kidney Carcinoma","Renal Cell Carcinoma"
"SIDM00012",NA,NA,NA,"CVCL_VS55","M120326_2",NA,NA,"Skin","Melanoma","Melanoma"
"SIDM00021",NA,NA,NA,"CVCL_9971","TE-3",NA,NA,"Esophagus","Esophageal Squamous Cell Carcinoma","Esophageal Squamous Cell Carcinoma"
"SIDM00124","ACH-000555","905948","A498_KIDNEY","CVCL_1056","A498",NA,"KIRC","Kidney","Kidney Carcinoma","Renal Cell Carcinoma"
"SIDM00129","ACH-002121","1240130","GMEL_SKIN","CVCL_W798","G-MEL",NA,"SKCM","Skin","Melanoma","Cutaneous Melanoma"
"SIDM01960",NA,NA,NA,NA,"HCM-SANG-0529-C18","WTSI-COLO_109",NA,"Large Intestine","Colorectal Carcinoma","Colon Adenocarcinoma"
"SIDM01285",NA,NA,NA,NA,"HCM-SANG-0289-C15","WTSI-OESO_003",NA,"Esophagus","Esophageal Carcinoma","Esophageal Adenocarcinoma"
"SIDM01292",NA,NA,NA,NA,"HCM-SANG-0296-C15","WTSI-OESO_082",NA,"Esophagus","Esophageal Carcinoma","Esophageal Adenocarcinoma"
"SIDM01303",NA,NA,NA,NA,"HCM-SANG-0304-C15","WTSI-OESO_130",NA,"Esophagus","Esophageal Carcinoma","Esophageal Adenocarcinoma"
"SIDM01283",NA,NA,NA,NA,"HCM-SANG-0306-C15","WTSI-OESO_135",NA,"Esophagus","Esophageal Carcinoma","Esophageal Adenocarcinoma"
"SIDM01312",NA,NA,NA,NA,"HCM-SANG-0309-C15","WTSI-OESO_146",NA,"Esophagus","Esophageal Carcinoma","Esophageal Adenocarcinoma"
"SIDM01272",NA,NA,NA,NA,"HCM-SANG-0274-C18","WTSI-COLO_031",NA,"Large Intestine","Colorectal Carcinoma","Colon Adenocarcinoma"
"SIDM01289",NA,NA,NA,NA,"HCM-SANG-0300-C15","WTSI-OESO_103",NA,"Esophagus","Esophageal Carcinoma","Esophageal Adenocarcinoma"
"SIDM01298",NA,NA,NA,NA,"HCM-SANG-0308-C15","WTSI-OESO_144",NA,"Esophagus","Esophageal Carcinoma","Esophageal Adenocarcinoma"
"SIDM01290",NA,NA,NA,NA,"HCM-SANG-0293-C15","WTSI-OESO_034",NA,"Esophagus","Esophageal Carcinoma","Esophageal Adenocarcinoma"
"SIDM01309",NA,NA,NA,NA,"HCM-SANG-0271-D12","WTSI-COLO_023",NA,"Large Intestine","Non-Cancerous","Colon Tubular Adenoma"
"SIDM01313",NA,NA,NA,NA,"HCM-SANG-0285-C18","WTSI-COLO_151",NA,"Large Intestine","Colorectal Carcinoma","Colon Adenocarcinoma"
"SIDM01305",NA,NA,NA,NA,"HCM-SANG-0286-C20","WTSI-COLO_155",NA,"Large Intestine","Colorectal Carcinoma","Rectal Adenocarcinoma"
"SIDM01306",NA,NA,NA,NA,"HCM-SANG-0287-C20","WTSI-COLO_159",NA,"Large Intestine","Colorectal Carcinoma","Rectal Adenocarcinoma"
"SIDM01311",NA,NA,NA,NA,"HCM-SANG-0299-C15-B","WTSI-OESO_131",NA,"Esophagus","Esophageal Carcinoma","Esophageal Adenocarcinoma"
"SIDM01301",NA,NA,NA,NA,"HCM-SANG-0312-C15","WTSI-OESO_164",NA,"Esophagus","Esophageal Carcinoma","Esophageal Adenocarcinoma"
"SIDM01267",NA,NA,NA,NA,"HCM-SANG-0267-D12","WTSI-COLO_011",NA,"Large Intestine","Non-Cancerous","Colon Adenoma"
"SIDM01294",NA,NA,NA,NA,"HCM-SANG-0311-C15","WTSI-OESO_152",NA,"Esophagus","Esophageal Carcinoma","Esophageal Adenocarcinoma"
"SIDM01302",NA,NA,NA,NA,"HCM-SANG-0313-C15","WTSI-OESO_165",NA,"Esophagus","Esophageal Carcinoma","Esophageal Adenocarcinoma"
"SIDM01269",NA,NA,NA,NA,"HCM-SANG-0291-C15","WTSI-OESO_009",NA,"Esophagus","Esophageal Carcinoma","Esophageal Adenocarcinoma"
"SIDM01273",NA,NA,NA,NA,"HCM-SANG-0283-C18","WTSI-COLO_127",NA,"Large Intestine","Colorectal Carcinoma","Colon Adenocarcinoma"
"SIDM01279",NA,NA,NA,NA,"HCM-SANG-0269-C18","WTSI-COLO_019",NA,"Large Intestine","Colorectal Carcinoma","Colon Adenocarcinoma"
"SIDM01277",NA,NA,NA,NA,"HCM-SANG-0307-C15","WTSI-OESO_143",NA,"Esophagus","Esophageal Carcinoma","Esophageal Adenocarcinoma"
"SIDM01288",NA,NA,NA,NA,"HCM-SANG-0268-C18","WTSI-COLO_013",NA,"Large Intestine","Colorectal Carcinoma","Colon Adenocarcinoma"
"SIDM01966",NA,NA,NA,NA,"HCM-SANG-0551-C18","WTSI-COLO_131",NA,"Large Intestine","Colorectal Carcinoma","Colon Adenocarcinoma"
"SIDM01956",NA,NA,NA,NA,"HCM-SANG-0518-C18","WTSI-COLO_191",NA,"Large Intestine","Colorectal Carcinoma","Colon Adenocarcinoma"
"SIDM01954",NA,NA,NA,NA,"HCM-SANG-0537-C18","WTSI-COLO_220",NA,"Large Intestine","Colorectal Carcinoma","Colon Adenocarcinoma"
"SIDM00211","ACH-002209","910944","ALLPO_HAEMATOPOIETIC_AND_LYMPHOID_TISSUE","CVCL_1069","ALL-PO",NA,"ALL","Haematopoietic and Lymphoid","B-Lymphoblastic Leukemia","Childhood B Acute Lymphoblastic Leukemia"
"SIDM01950",NA,NA,NA,NA,"HCM-SANG-0536-C18","WTSI-COLO_222",NA,"Large Intestine","Colorectal Carcinoma","Colon Adenocarcinoma"
"SIDM01958",NA,NA,NA,NA,"HCM-SANG-0549-C15","WTSI-OESO_170",NA,"Esophagus","Esophageal Carcinoma","Esophageal Adenocarcinoma"
"SIDM01944",NA,NA,NA,NA,"HCM-SANG-0546-C15","WTSI-OESO_195",NA,"Esophagus","Esophageal Carcinoma","Esophageal Adenocarcinoma"
"SIDM01965",NA,NA,NA,NA,"HCM-SANG-0545-C15","WTSI-OESO_197",NA,"Esophagus","Esophageal Carcinoma","Esophageal Adenocarcinoma"
"SIDM01948",NA,NA,NA,NA,"HCM-SANG-0540-C25","WTSI-PALIVM_001",NA,"Pancreas","Pancreatic Carcinoma","Pancreatic Carcinoma"
"SIDM01961",NA,NA,NA,NA,"HCM-SANG-0553-C25","WTSI-PANC_034",NA,"Pancreas","Pancreatic Carcinoma","Pancreatic Adenocarcinoma"
"SIDM01963",NA,NA,NA,NA,"HCM-SANG-0527-C18","WTSI-COLO_149",NA,"Large Intestine","Colorectal Carcinoma","Colon Adenocarcinoma"
"SIDM01955",NA,NA,NA,NA,"HCM-SANG-0534-C18","WTSI-COLO_163",NA,"Large Intestine","Colorectal Carcinoma","Colon Adenocarcinoma"
"SIDM01943",NA,NA,NA,NA,"HCM-SANG-0524-C20","WTSI-COLO_198",NA,"Large Intestine","Colorectal Carcinoma","Rectal Adenocarcinoma"
"SIDM01953",NA,NA,NA,NA,"HCM-SANG-0519-C20","WTSI-COLO_214",NA,"Large Intestine","Colorectal Carcinoma","Rectal Mucinous Adenocarcinoma"
"SIDM01951",NA,NA,NA,NA,"HCM-SANG-0520-C18","WTSI-COLO_216",NA,"Large Intestine","Colorectal Carcinoma","Colon Mucinous Adenocarcinoma"
"SIDM01945",NA,NA,NA,NA,"HCM-SANG-0535-C20","WTSI-COLO_242",NA,"Large Intestine","Colorectal Carcinoma","Rectal Adenocarcinoma"
"SIDM01286",NA,NA,NA,NA,"HCM-SANG-0302-C15","WTSI-OESO_106",NA,"Esophagus","Esophageal Carcinoma","Esophageal Adenocarcinoma"
"SIDM01957",NA,NA,NA,NA,"HCM-SANG-0311-C15-B","WTSI-OESO_117",NA,"Esophagus","Esophageal Carcinoma","Esophageal Adenocarcinoma"
"SIDM01946",NA,NA,NA,NA,"HCM-SANG-0528-C25","WTSI-PANC_040",NA,"Pancreas","Pancreatic Carcinoma","Pancreatic Ductal Adenocarcinoma"
"SIDM00258","ACH-002279","949172","NB12_AUTONOMIC_GANGLIA","CVCL_1442","NB12","SJNB-12","NB","Peripheral Nervous System","Neuroblastoma","Neuroblastoma"
"SIDM01284",NA,NA,NA,NA,"HCM-SANG-0277-C18","WTSI-COLO_041",NA,"Large Intestine","Colorectal Carcinoma","Cecum Adenocarcinoma"
"SIDM01282",NA,NA,NA,NA,"HCM-SANG-0278-C20","WTSI-COLO_075",NA,"Large Intestine","Colorectal Carcinoma","Rectal Adenocarcinoma"
"SIDM01280",NA,NA,NA,NA,"HCM-SANG-0310-C15","WTSI-OESO_148",NA,"Esophagus","Esophageal Carcinoma","Esophageal Adenocarcinoma"
"SIDM01281",NA,NA,NA,NA,"HCM-SANG-0265-C18","WTSI-COLIVM_005",NA,"Large Intestine","Colorectal Carcinoma","Colon Adenocarcinoma"
"SIDM01293",NA,NA,NA,NA,"HCM-SANG-0282-C18","WTSI-COLO_099",NA,"Large Intestine","Colorectal Carcinoma","Colon Mucinous Adenocarcinoma"
"SIDM02034",NA,NA,NA,NA,"HCM-SANG-0532-C20","WTSI-COLO_133",NA,"Large Intestine","Colorectal Carcinoma","Rectal Adenocarcinoma"
"SIDM02030",NA,NA,NA,NA,"HCM-SANG-0541-C20","WTSI-COLO_206",NA,"Large Intestine","Colorectal Carcinoma","Rectal Adenocarcinoma"
"SIDM02026",NA,NA,NA,NA,"HCM-SANG-1086-C18","WTSI-COLO_240",NA,"Large Intestine","Colorectal Carcinoma","Colon Adenocarcinoma"
"SIDM02022",NA,NA,NA,NA,"HCM-SANG-0539-C18","WTSI-COLO_248",NA,"Large Intestine","Colorectal Carcinoma","Colon Adenocarcinoma"
"SIDM02018",NA,NA,NA,NA,"HCM-SANG-0521-C18","WTSI-COLO_272",NA,"Large Intestine","Colorectal Carcinoma","Colon Adenocarcinoma"
"SIDM02016",NA,NA,NA,NA,"HCM-SANG-1088-C18","WTSI-COLO_290",NA,"Large Intestine","Colorectal Carcinoma","Cecum Adenocarcinoma"
"SIDM02012",NA,NA,NA,NA,"HCM-SANG-1092-C18","WTSI-COLO_338",NA,"Large Intestine","Colorectal Carcinoma","Colon Adenocarcinoma"
"SIDM02010",NA,NA,NA,NA,"HCM-SANG-0530-C15","WTSI-OESO_149",NA,"Esophagus","Esophageal Carcinoma","Esophageal Adenocarcinoma"
"SIDM02028",NA,NA,NA,NA,"HCM-SANG-0543-C15","WTSI-OESO_191",NA,"Esophagus","Esophageal Carcinoma","Esophageal Adenocarcinoma"
"SIDM02024",NA,NA,NA,NA,"HCM-SANG-0538-C15","WTSI-OESO_198",NA,"Esophagus","Esophageal Carcinoma","Esophageal Adenocarcinoma"
"SIDM02020",NA,NA,NA,NA,"HCM-SANG-1094-C16","WTSI-OESO_211",NA,"Esophagus","Esophageal Carcinoma","Esophageal Adenocarcinoma"
"SIDM02014",NA,NA,NA,NA,"HCM-SANG-1083-C16","WTSI-OESO_224",NA,"Esophagus","Esophageal Carcinoma","Esophageal Adenocarcinoma"
"SIDM02036",NA,NA,NA,NA,"HCM-SANG-1084-C15","WTSI-OESO_233",NA,"Esophagus","Esophageal Carcinoma","Esophageal Adenocarcinoma"
"SIDM00436","ACH-001574",NA,"MOLM14_HAEMATOPOIETIC_AND_LYMPHOID","CVCL_7916","MOLM-14",NA,"AML","Haematopoietic and Lymphoid","Acute Myeloid Leukemia","Adult Acute Myeloid Leukemia"
"SIDM02032",NA,NA,NA,NA,"HCM-SANG-0531-C25","WTSI-PANC_044",NA,"Pancreas","Pancreatic Carcinoma","Pancreatic Adenocarcinoma"
"SIDM01268",NA,NA,NA,NA,"HCM-SANG-0270-C20","WTSI-COLO_021",NA,"Large Intestine","Colorectal Carcinoma","Rectal Adenocarcinoma"
"SIDM01266",NA,NA,NA,NA,"HCM-SANG-0266-C20","WTSI-COLO_005",NA,"Large Intestine","Colorectal Carcinoma","Rectal Adenocarcinoma"
"SIDM01270",NA,NA,NA,NA,"HCM-SANG-0295-C15","WTSI-OESO_040",NA,"Esophagus","Esophageal Carcinoma","Esophageal Adenocarcinoma"
"SIDM01271",NA,NA,NA,NA,"HCM-SANG-0297-C15","WTSI-OESO_088",NA,"Esophagus","Esophageal Carcinoma","Esophageal Adenocarcinoma"
"SIDM02076",NA,NA,NA,NA,"HCM-SANG-1322-C15","WTSI-OESO_097",NA,"Esophagus","Esophageal Carcinoma","Esophageal Adenocarcinoma"
"SIDM02040",NA,NA,NA,NA,"HCM-SANG-1329-C15","WTSI-OESO_223",NA,"Esophagus","Esophageal Carcinoma","Esophageal Adenocarcinoma"
"SIDM02035",NA,NA,NA,NA,"HCM-SANG-1087-C18","WTSI-COLO_115",NA,"Large Intestine","Colorectal Carcinoma","Colon Adenocarcinoma"
"SIDM00345","ACH-000627","753586","LCLC103H_LUNG","CVCL_1375","LCLC-103H",NA,"UNCLASSIFIED","Lung","Non-Small Cell Lung Carcinoma","Large Cell Lung Carcinoma"
"SIDM02033",NA,NA,NA,NA,"HCM-SANG-1085-C20","WTSI-COLO_187",NA,"Large Intestine","Colorectal Carcinoma","Rectal Mucinous Adenocarcinoma"
"SIDM02029",NA,NA,NA,NA,"HCM-SANG-0525-C18","WTSI-COLO_218",NA,"Large Intestine","Colorectal Carcinoma","Colon Adenocarcinoma"
"SIDM02027",NA,NA,NA,NA,"HCM-SANG-1081-C20","WTSI-COLO_226",NA,"Large Intestine","Colorectal Carcinoma","Rectal Adenocarcinoma"
"SIDM02025",NA,NA,NA,NA,"HCM-SANG-0542-C18","WTSI-COLO_244",NA,"Large Intestine","Colorectal Carcinoma","Colon Adenocarcinoma"
"SIDM02019",NA,NA,NA,NA,"HCM-SANG-1091-C18","WTSI-COLO_270",NA,"Large Intestine","Colorectal Carcinoma","Cecum Adenocarcinoma"
"SIDM02017",NA,NA,NA,NA,"HCM-SANG-1089-C18","WTSI-COLO_274",NA,"Large Intestine","Colorectal Carcinoma","Cecum Adenocarcinoma"
"SIDM02015",NA,NA,NA,NA,"HCM-SANG-1093-C18","WTSI-COLO_312",NA,"Large Intestine","Colorectal Carcinoma","Colon Adenocarcinoma"
"SIDM02013",NA,NA,NA,NA,"HCM-SANG-1090-C18","WTSI-COLO_324",NA,"Large Intestine","Colorectal Carcinoma","Colon Adenocarcinoma"
"SIDM02031",NA,NA,NA,NA,"HCM-SANG-0526-C15","WTSI-OESO_185",NA,"Esophagus","Esophageal Carcinoma","Esophageal Adenocarcinoma"
"SIDM02021",NA,NA,NA,NA,"HCM-SANG-1082-C15","WTSI-OESO_202",NA,"Esophagus","Esophageal Carcinoma","Esophageal Adenocarcinoma"
"SIDM02023",NA,NA,NA,NA,"HCM-SANG-0552-C25","WTSI-PANC_058",NA,"Pancreas","Pancreatic Carcinoma","Pancreatic Carcinoma"
"SIDM02011",NA,NA,NA,NA,"HCM-SANG-0780-C25","WTSI-PANC_077",NA,"Pancreas","Pancreatic Carcinoma","Pancreatic Adenocarcinoma"
"SIDM02037",NA,NA,NA,NA,"HCM-SANG-0779-C25","WTSI-PANC_079",NA,"Pancreas","Pancreatic Carcinoma","Pancreatic Carcinoma"
"SIDM02052",NA,NA,NA,NA,"HCM-SANG-1305-C15","WTSI-OESO_250",NA,"Esophagus","Esophageal Carcinoma","Esophageal Adenocarcinoma"
"SIDM02038",NA,NA,NA,NA,"HCM-SANG-1315-C18","WTSI-COLIVM_018",NA,"Large Intestine","Colorectal Carcinoma","Cecum Adenocarcinoma"
"SIDM02044",NA,NA,NA,NA,"HCM-SANG-1321-C18","WTSI-COLO_346",NA,"Large Intestine","Colorectal Carcinoma","Colon Adenocarcinoma"
"SIDM02048",NA,NA,NA,NA,"HCM-SANG-1327-C18","WTSI-COLO_360",NA,"Large Intestine","Colorectal Carcinoma","Colon Adenocarcinoma"
"SIDM02050",NA,NA,NA,NA,"HCM-SANG-1319-C18","WTSI-COLO_376",NA,"Large Intestine","Colorectal Carcinoma","Colon Adenocarcinoma"
"SIDM02078",NA,NA,NA,NA,"HCM-SANG-1095-C25","WTSI-PANC_046",NA,"Pancreas","Pancreatic Carcinoma","Pancreatic Adenocarcinoma"
"SIDM02060",NA,NA,NA,NA,"HCM-SANG-0778-C25","WTSI-PANC_047",NA,"Pancreas","Pancreatic Carcinoma","Pancreatic Adenocarcinoma"
"SIDM02042",NA,NA,NA,NA,"HCM-SANG-1309-C25","WTSI-PANC_072",NA,"Pancreas","Pancreatic Carcinoma","Pancreatic Adenocarcinoma"
"SIDM02046",NA,NA,NA,NA,"HCM-SANG-1306-C25","WTSI-PANC_086",NA,"Pancreas","Pancreatic Carcinoma","Pancreatic Adenocarcinoma"
"SIDM02049",NA,NA,NA,NA,"HCM-SANG-1320-C25","WTSI-PANC_088",NA,"Pancreas","Pancreatic Carcinoma","Pancreatic Adenocarcinoma"
"SIDM02077",NA,NA,NA,NA,"HCM-SANG-1332-C18","WTSI-COLO_143",NA,"Large Intestine","Colorectal Carcinoma","Colon Adenocarcinoma"
"SIDM02069",NA,NA,NA,NA,"HCM-SANG-1338-C20","WTSI-COLO_250",NA,"Large Intestine","Colorectal Carcinoma","Rectal Adenocarcinoma"
"SIDM02056",NA,NA,NA,NA,"HCM-SANG-1307-C25","WTSI-PANC_094",NA,"Pancreas","Pancreatic Carcinoma","Pancreatic Carcinoma"
"SIDM02062",NA,NA,NA,NA,"HCM-SANG-1335-C18","WTSI-COLO_410",NA,"Large Intestine","Colorectal Carcinoma","Colon Adenocarcinoma"
"SIDM02064",NA,NA,NA,NA,"HCM-SANG-1316-C18","WTSI-COLIVM_025",NA,"Large Intestine","Colorectal Carcinoma","Colon Adenocarcinoma"
"SIDM02065",NA,NA,NA,NA,"HCM-SANG-1317-C20","WTSI-COLIVM_026",NA,"Large Intestine","Colorectal Carcinoma","Rectal Adenocarcinoma"
"SIDM02066",NA,NA,NA,NA,"HCM-SANG-1313-C18","WTSI-COLIVM_028",NA,"Large Intestine","Colorectal Carcinoma","Cecum Adenocarcinoma"
"SIDM02068",NA,NA,NA,NA,"HCM-SANG-1323-C15","WTSI-OESO_264",NA,"Esophagus","Esophageal Carcinoma","Esophageal Adenocarcinoma"
"SIDM02070",NA,NA,NA,NA,"HCM-SANG-1299-C15","WTSI-OESO_269",NA,"Esophagus","Esophageal Carcinoma","Esophageal Adenocarcinoma"
"SIDM02072",NA,NA,NA,NA,"HCM-SANG-1331-C18","WTSI-COLO_414",NA,"Large Intestine","Colorectal Carcinoma","Colon Mucinous Adenocarcinoma"
"SIDM02074",NA,NA,NA,NA,"HCM-SANG-1326-C15","WTSI-OESO_268",NA,"Esophagus","Esophageal Carcinoma","Esophageal Adenocarcinoma"
"SIDM02080",NA,NA,NA,NA,"HCM-SANG-1308-C25","WTSI-PANC_098",NA,"Pancreas","Pancreatic Carcinoma","Pancreatic Adenocarcinoma"
"SIDM02059",NA,NA,NA,NA,"HCM-SANG-1324-C18","WTSI-COLO_278",NA,"Large Intestine","Colorectal Carcinoma","Cecum Adenocarcinoma"
"SIDM02047",NA,NA,NA,NA,"HCM-SANG-1301-C20","WTSI-COLO_298",NA,"Large Intestine","Colorectal Carcinoma","Rectal Adenocarcinoma"
"SIDM02039",NA,NA,NA,NA,"HCM-SANG-1334-C18","WTSI-COLO_302",NA,"Large Intestine","Colorectal Carcinoma","Colon Adenocarcinoma"
"SIDM02041",NA,NA,NA,NA,"HCM-SANG-1303-C18","WTSI-COLO_318",NA,"Large Intestine","Colorectal Carcinoma","Colon Adenocarcinoma"
"SIDM02045",NA,NA,NA,NA,"HCM-SANG-1339-C18","WTSI-COLO_356",NA,"Large Intestine","Colorectal Carcinoma","Colon Adenocarcinoma"
"SIDM02051",NA,NA,NA,NA,"HCM-SANG-1311-C18","WTSI-COLO_378",NA,"Large Intestine","Colorectal Carcinoma","Colon Adenocarcinoma"
"SIDM02053",NA,NA,NA,NA,"HCM-SANG-1333-C20","WTSI-COLO_388",NA,"Large Intestine","Colorectal Carcinoma","Rectal Adenocarcinoma"
"SIDM02055",NA,NA,NA,NA,"HCM-SANG-1304-C20","WTSI-COLO_394",NA,"Large Intestine","Colorectal Carcinoma","Rectal Adenocarcinoma"
"SIDM00368","ACH-000670","713880","SBC5_LUNG","CVCL_1679","SBC-5",NA,"SCLC","Lung","Small Cell Lung Carcinoma","Small Cell Lung Carcinoma"
"SIDM00480","ACH-000704","910548","OAW42_OVARY","CVCL_1615","OAW-42",NA,"OV","Ovary","Ovarian Carcinoma","Ovarian Serous Cystadenocarcinoma"
"SIDM00482","ACH-002302","910544","RPMI8866_HAEMATOPOIETIC_AND_LYMPHOID_TISSUE","CVCL_1668","RPMI-8866","R8866","LCML","Haematopoietic and Lymphoid","Chronic Myelogenous Leukemia","Chronic Myelogenous Leukemia"
"SIDM00036","ACH-000296","1298363","OUMS23_LARGE_INTESTINE","CVCL_3088","OUMS-23",NA,"COAD","Large Intestine","Colorectal Carcinoma","Colon Carcinoma"
"SIDM00037","ACH-000961","1240156",NA,"CVCL_6543","Ishikawa(Heraklio)02ER-","ER-02 ISH","UCEC","Endometrium","Endometrial Carcinoma","Endometrial Adenocarcinoma"
"SIDM00057","ACH-002389","906803","ACN_AUTONOMIC_GANGLIA","CVCL_1068","ACN",NA,"NBL","Peripheral Nervous System","Neuroblastoma","Neuroblastoma"
"SIDM00070","ACH-002393","1297440","CROAP3_HAEMATOPOIETIC_AND_LYMPHOID_TISSUE","CVCL_1810","CRO-AP3",NA,NA,"Haematopoietic and Lymphoid","B-Cell Non-Hodgkin's Lymphoma","Primary Effusion Lymphoma"
"SIDM00376","ACH-000156","908133","MHHCALL4_HAEMATOPOIETIC_AND_LYMPHOID_TISSUE","CVCL_1410","MHH-CALL-4",NA,"BLL","Haematopoietic and Lymphoid","B-Lymphoblastic Leukemia","Childhood B Acute Lymphoblastic Leukemia"
"SIDM00644","ACH-000327","684681","NCIH1395_LUNG","CVCL_1467","NCI-H1395",NA,"LUAD","Lung","Non-Small Cell Lung Carcinoma","Lung Adenocarcinoma"
"SIDM00655","ACH-001578","908441","NCCIT_TESTIS","CVCL_1451","NCCIT",NA,"EMBCA","Testis","Other Solid Cancers","Testicular Embryonal Carcinoma"
"SIDM00902","ACH-002337","1298154","JHU028_LUNG","CVCL_5992","JHU-028","SCC028;HNSCC 028;O28","LUAD","Lung","Non-Small Cell Lung Carcinoma","Lung Adenocarcinoma"
"SIDM01021","ACH-002223","946366","D245MG_CENTRAL_NERVOUS_SYSTEM","CVCL_1152","D-245MG",NA,"GBM","Central Nervous System","Glioblastoma","Glioblastoma"
"SIDM01123","ACH-000177","1330975","NCIH660_PROSTATE","CVCL_1576","NCI-H660","NCI660","OTHER","Prostate","Prostate Carcinoma","Prostate Carcinoma"
"SIDM02081",NA,NA,NA,NA,"Mesobank_CellLine-2",NA,NA,"Lung","Mesothelioma","Biphasic Mesothelioma"
"SIDM02083",NA,NA,NA,NA,"Mesobank_CellLine-29T",NA,NA,"Lung","Mesothelioma","Epithelioid Mesothelioma"
"SIDM02085",NA,NA,NA,NA,"Mesobank_CellLine-14T",NA,NA,"Lung","Mesothelioma","Epithelioid Mesothelioma"
"SIDM02087",NA,NA,NA,NA,"Mesobank_CellLine-7T",NA,NA,"Lung","Mesothelioma","Biphasic Mesothelioma"
"SIDM02089",NA,NA,NA,NA,"Mesobank_CellLine-45",NA,NA,"Lung","Mesothelioma","Epithelioid Mesothelioma"
"SIDM02091",NA,NA,NA,NA,"Mesobank_CellLine-40",NA,NA,"Lung","Mesothelioma","Epithelioid Mesothelioma"
"SIDM02093",NA,NA,NA,NA,"Mesobank_CellLine-35",NA,NA,"Lung","Mesothelioma","Biphasic Mesothelioma"
"SIDM02095",NA,NA,NA,NA,"Mesobank_CellLine-26",NA,NA,"Lung","Mesothelioma","Biphasic Mesothelioma"
"SIDM02097",NA,NA,NA,NA,"Mesobank_CellLine-19",NA,NA,"Lung","Mesothelioma","Biphasic Mesothelioma"
"SIDM02099",NA,NA,NA,NA,"Mesobank_CellLine-12",NA,NA,"Lung","Mesothelioma","Biphasic Mesothelioma"
"SIDM02101",NA,NA,NA,NA,"Mesobank_CellLine-53T",NA,NA,"Lung","Mesothelioma","Epithelioid Mesothelioma"
"SIDM01063","ACH-000190","907050","HDMYZ_HAEMATOPOIETIC_AND_LYMPHOID_TISSUE","CVCL_1273","HD-MY-Z",NA,"AML","Haematopoietic and Lymphoid","Acute Myeloid Leukemia","Adult Acute Myeloid Leukemia"
"SIDM00915","ACH-002173","688022","NCIH378_LUNG","CVCL_1560","NCI-H378",NA,"SCLC","Lung","Small Cell Lung Carcinoma","Small Cell Lung Carcinoma"
"SIDM01074","ACH-000102","906873","GMS10_CENTRAL_NERVOUS_SYSTEM","CVCL_1233","GMS-10",NA,"GB","Central Nervous System","Glioblastoma","Glioblastoma"
"SIDM02082",NA,NA,NA,NA,"Mesobank_CellLine-33T",NA,NA,"Lung","Mesothelioma","Biphasic Mesothelioma"
"SIDM02084",NA,NA,NA,NA,"Mesobank_CellLine-23T",NA,NA,"Lung","Mesothelioma","Epithelioid Mesothelioma"
"SIDM02086",NA,NA,NA,NA,"Mesobank_CellLine-12T",NA,NA,"Lung","Mesothelioma","Epithelioid Mesothelioma"
"SIDM02088",NA,NA,NA,NA,"Mesobank_CellLine-3T",NA,NA,"Lung","Mesothelioma","Epithelioid Mesothelioma"
"SIDM02090",NA,NA,NA,NA,"Mesobank_CellLine-50T",NA,NA,"Lung","Mesothelioma","Epithelioid Mesothelioma"
"SIDM02092",NA,NA,NA,NA,"Mesobank_CellLine-36",NA,NA,"Lung","Mesothelioma","Biphasic Mesothelioma"
"SIDM02094",NA,NA,NA,NA,"Mesobank_CellLine-34",NA,NA,"Lung","Mesothelioma","Sarcomatoid Mesothelioma"
"SIDM02096",NA,NA,NA,NA,"Mesobank_CellLine-24",NA,NA,"Lung","Mesothelioma","Sarcomatoid Mesothelioma"
"SIDM02098",NA,NA,NA,NA,"Mesobank_CellLine-18",NA,NA,"Lung","Mesothelioma","Biphasic Mesothelioma"
"SIDM02100",NA,NA,NA,NA,"Mesobank_CellLine-38",NA,NA,"Lung","Mesothelioma","Epithelioid Mesothelioma"
"SIDM00788","ACH-001091",NA,"HRT18_LARGE_INTESTINE","CVCL_2514","HRT-18",NA,"COAD","Large Intestine","Colorectal Carcinoma","Colon Adenocarcinoma"
"SIDM00913",NA,NA,NA,"CVCL_2407","COLO-738",NA,NA,"Soft Tissue","Other Solid Cancers","Undifferentiated Pleomorphic Sarcoma"
"SIDM00916",NA,NA,NA,"CVCL_2713","RPMI-7932",NA,NA,"Skin","Melanoma","Melanoma"
"SIDM00684","ACH-000595","1240169","LN229_CENTRAL_NERVOUS_SYSTEM","CVCL_0393","LN-229","LNT-229","GBM","Central Nervous System","Glioblastoma","Glioblastoma"
"SIDM02061",NA,NA,NA,NA,"HCM-SANG-1328-C15","WTSI-OESO_259",NA,"Esophagus","Esophageal Carcinoma","Esophageal Adenocarcinoma"
"SIDM02067",NA,NA,NA,NA,"HCM-SANG-1312-C20","WTSI-COLO_456",NA,"Large Intestine","Colorectal Carcinoma","Rectal Adenocarcinoma"
"SIDM02071",NA,NA,NA,NA,"HCM-SANG-1325-C15","WTSI-OESO_291",NA,"Esophagus","Esophageal Carcinoma","Esophageal Adenocarcinoma"
"SIDM02073",NA,NA,NA,NA,"HCM-SANG-1337-C18","WTSI-COLO_434",NA,"Large Intestine","Colorectal Carcinoma","Colon Adenocarcinoma"
"SIDM02075",NA,NA,NA,NA,"HCM-SANG-1300-C18","WTSI-COLO_454",NA,"Large Intestine","Colorectal Carcinoma","Colon Adenocarcinoma"
"SIDM02079",NA,NA,NA,NA,"HCM-SANG-1336-C15","WTSI-OESO_287",NA,"Esophagus","Esophageal Carcinoma","Esophageal Adenocarcinoma"
"SIDM00795","ACH-000219","906793","A375_SKIN","CVCL_0132","A375","A375-MEL","SKCM","Skin","Melanoma","Amelanotic Melanoma"
"SIDM00777","ACH-000360","908442","NCIH508_LARGE_INTESTINE","CVCL_1564","NCI-H508",NA,"COREAD","Large Intestine","Colorectal Carcinoma","Cecum Adenocarcinoma"
"SIDM00846","ACH-001086","1298134","HELA_CERVIX","CVCL_0030","HeLa","Henrietta Lacks cells;Helacyton gartleri","CESC","Cervix","Cervical Carcinoma","Cervical Adenocarcinoma"
"SIDM00938","ACH-000902","924106","CAL148_BREAST","CVCL_1106","CAL-148",NA,"BRCA","Breast","Breast Carcinoma","Breast Carcinoma"
"SIDM01214",NA,NA,NA,"CVCL_3715","HP",NA,NA,"Soft Tissue","Other Sarcomas","Fibrosarcoma"
"SIDM01002","ACH-000117","1290798","EFM192A_BREAST","CVCL_1812","EFM-192A",NA,"BRCA","Breast","Breast Carcinoma","Breast Carcinoma"
"SIDM01087","ACH-000348","910903","RPMI7951_SKIN","CVCL_1666","RPMI-7951",NA,"SKCM","Skin","Melanoma","Melanoma"
"SIDM01236","ACH-001188",NA,"SHSY5Y_AUTONOMIC_GANGLIA","CVCL_0019","SH-SY5Y","SK-SH-SY5Y","NBL","Peripheral Nervous System","Neuroblastoma","Neuroblastoma"
"SIDM01968","ACH-001163",NA,"CCLFPEDS0001T_KIDNEY",NA,"CCLF_PEDS_0001_T",NA,"MRC","Kidney","Kidney Carcinoma","Kidney Medullary Carcinoma"
"SIDM01969","ACH-001134",NA,"MYLA_HAEMATOPOIETIC_AND_LYMPHOID_TISSUE",NA,"MYLA",NA,"TLL","Haematopoietic and Lymphoid","T-Cell Non-Hodgkin's Lymphoma","T-Cell Non-Hodgkin's Lymphoma"
"SIDM01971","ACH-001802",NA,"LPS853_SOFT_TISSUE",NA,"LPS853",NA,"DDLS","Soft Tissue","Other Solid Cancers","Dedifferentiated Liposarcoma"
"SIDM01331","ACH-000791",NA,"RERFLCAD1_LUNG","CVCL_1651","RERF-LC-AD1",NA,"LUAD","Lung","Non-Small Cell Lung Carcinoma","Lung Adenocarcinoma"
"SIDM01406","ACH-001407",NA,"UMUC13_URINARY_TRACT","CVCL_2746","UM-UC-13",NA,"BLCA","Bladder","Bladder Carcinoma","Bladder Carcinoma"
"SIDM01440",NA,NA,NA,"CVCL_5011","SNU-1118",NA,NA,"Central Nervous System","Other Solid Cancers","Primitive Neuroectodermal Tumor"
"SIDM00210","ACH-000657","906804","A2780_OVARY","CVCL_0134","A2780","A2780S","UNCLASSIFIED","Ovary","Ovarian Carcinoma","Ovarian Endometrioid Adenocarcinoma"
"SIDM01576","ACH-000658",NA,"KMS18_HAEMATOPOIETIC_AND_LYMPHOID_TISSUE","CVCL_A637","KMS-18",NA,"PCM","Haematopoietic and Lymphoid","Plasma Cell Myeloma","Plasma Cell Myeloma"
"SIDM00388","ACH-002272","908136","MHHPREB1_HAEMATOPOIETIC_AND_LYMPHOID_TISSUE","CVCL_1413","MHH-PREB-1",NA,"UNCLASSIFIED","Haematopoietic and Lymphoid","B-Cell Non-Hodgkin's Lymphoma","B-Cell Non-Hodgkin's Lymphoma"
"SIDM01614","ACH-000831",NA,"HEC50B_ENDOMETRIUM","CVCL_2929","HEC-50B",NA,"UCEC","Endometrium","Endometrial Carcinoma","Endometrial Adenocarcinoma"
"SIDM00404","ACH-002307","1331034","SUDHL16_HAEMATOPOIETIC_AND_LYMPHOID_TISSUE","CVCL_1890","SU-DHL-16",NA,"DLBC","Haematopoietic and Lymphoid","B-Cell Non-Hodgkin's Lymphoma","B-Cell Non-Hodgkin's Lymphoma"
"SIDM00412","ACH-001709","909785","WSUNHL_HAEMATOPOIETIC_AND_LYMPHOID_TISSUE","CVCL_1793","WSU-NHL","WSU-NHL-1","UNCLASSIFIED","Haematopoietic and Lymphoid","B-Cell Non-Hodgkin's Lymphoma","Follicular Lymphoma"
"SIDM00568","ACH-000247","1298358","OCUM1_STOMACH","CVCL_3084","OCUM-1",NA,"STAD","Stomach","Gastric Carcinoma","Signet Ring Cell Gastric Adenocarcinoma"
"SIDM00836","ACH-000820","910908","SW403_LARGE_INTESTINE","CVCL_0545","SW403",NA,"COAD","Large Intestine","Colorectal Carcinoma","Colon Adenocarcinoma"
"SIDM01785","ACH-001366",NA,"NGP_AUTONOMIC_GANGLIA",NA,"NGP",NA,"NBL","Peripheral Nervous System","Neuroblastoma","Neuroblastoma"
"SIDM01906","ACH-001562",NA,"MERO95_PLEURA",NA,"Mero-95",NA,"PLEMESO","Lung","Mesothelioma","Pleural Epithelioid Mesothelioma"
"SIDM01929",NA,NA,NA,NA,"YSCCC-G100",NA,NA,"Biliary Tract","Biliary Tract Carcinoma","Cholangiocarcinoma"
"SIDM01722","ACH-002343","903785","BB49EBV_MATCHED_NORMAL_TISSUE",NA,"BB49-EBV",NA,NA,"Unknown","Non-Cancerous",NA
"SIDM00244","ACH-002083","908440","NB69_AUTONOMIC_GANGLIA","CVCL_1448","NB69","NB69-RIKEN","NB","Peripheral Nervous System","Neuroblastoma","Neuroblastoma"
"SIDM00737","ACH-001362","687804","NCIH1770_LUNG","CVCL_1493","NCI-H1770",NA,"UNCLASSIFIED","Lung","Non-Small Cell Lung Carcinoma","Non-Small Cell Lung Carcinoma"
"SIDM00363","ACH-000770","909253","P31FUJ_HAEMATOPOIETIC_AND_LYMPHOID_TISSUE","CVCL_1632","P31-FUJ","P31/Fujioka","LAML","Haematopoietic and Lymphoid","Acute Myeloid Leukemia","Acute Myeloid Leukemia"
"SIDM00096","ACH-000338;ACH-000338","905965","SR786_HAEMATOPOIETIC_AND_LYMPHOID_TISSUE;SR786_HAEMATOPOIETIC_AND_LYMPHOID_TISSUE","CVCL_1711","SR",NA,"UNCLASSIFIED","Haematopoietic and Lymphoid","T-Cell Non-Hodgkin's Lymphoma","Anaplastic Large Cell Lymphoma"
"SIDM01061","ACH-001090","907059","HN_UPPER_AERODIGESTIVE_TRACT","CVCL_1283","HN",NA,"OCSC","Head and Neck","Oral Cavity Carcinoma","Oral Cavity Squamous Cell Carcinoma"
"SIDM00821","ACH-002187","1524418","RCCAB_KIDNEY","CVCL_5868","RCC-AB","KTCTL-21","KIRC","Kidney","Kidney Carcinoma","Clear Cell Renal Cell Carcinoma"
"SIDM00985","ACH-000245","910706","BL41_HAEMATOPOIETIC_AND_LYMPHOID_TISSUE","CVCL_1087","BL-41","IARC/BL41","UNCLASSIFIED","Haematopoietic and Lymphoid","Burkitt's Lymphoma","Burkitt's Lymphoma"
"SIDM00509","ACH-000187","687980","CORL311_LUNG","CVCL_2412","COR-L311",NA,"SCLC","Lung","Small Cell Lung Carcinoma","Small Cell Lung Carcinoma"
"SIDM00672","ACH-000625","1240147","HEP3B217_LIVER","CVCL_0326","Hep3B2-1-7",NA,"LIHC","Liver","Hepatocellular Carcinoma","Hepatocellular Carcinoma"
"SIDM01029","ACH-000873","907319","KYSE270_OESOPHAGUS","CVCL_1350","KYSE-270","KY-270","ESCA","Esophagus","Esophageal Squamous Cell Carcinoma","Esophageal Squamous Cell Carcinoma"
"SIDM00331","ACH-000020","908132","MHHCALL2_HAEMATOPOIETIC_AND_LYMPHOID_TISSUE","CVCL_1409","MHH-CALL-2",NA,"UNCLASSIFIED","Haematopoietic and Lymphoid","B-Lymphoblastic Leukemia","Childhood B Acute Lymphoblastic Leukemia"
"SIDM00407","ACH-000611","1331037","SUDHL6_HAEMATOPOIETIC_AND_LYMPHOID_TISSUE","CVCL_2206","SU-DHL-6","SUD6","DLBC","Haematopoietic and Lymphoid","B-Cell Non-Hodgkin's Lymphoma","Diffuse Large B-Cell Lymphoma"
"SIDM01522","ACH-000080",NA,"BDCM_HAEMATOPOIETIC_AND_LYMPHOID_TISSUE","CVCL_4613","BDCM",NA,"AMOL","Haematopoietic and Lymphoid","B-Lymphoblastic Leukemia","Acute Myeloid Leukemia"
"SIDM02043",NA,NA,NA,NA,"HCM-SANG-1330-C19","WTSI-COLO_340",NA,"Large Intestine","Colorectal Carcinoma","Rectosigmoid Adenocarcinoma"
"SIDM02054",NA,NA,NA,NA,"HCM-SANG-1310-C15","WTSI-OESO_253",NA,"Esophagus","Esophageal Carcinoma","Esophageal Adenocarcinoma"
"SIDM02057",NA,NA,NA,NA,"HCM-SANG-1314-C18","WTSI-COLO_364",NA,"Large Intestine","Colorectal Carcinoma","Colon Adenocarcinoma"
"SIDM02058",NA,NA,NA,NA,"HCM-SANG-1302-C15","WTSI-OESO_257",NA,"Esophagus","Esophageal Carcinoma","Esophageal Adenocarcinoma"
"SIDM02063",NA,NA,NA,NA,"HCM-SANG-1318-C20","WTSI-COLIVM_022",NA,"Large Intestine","Colorectal Carcinoma","Rectal Adenocarcinoma"
"SIDM01274",NA,NA,NA,NA,"HCM-SANG-0314-C15","WTSI-OESO_167",NA,"Esophagus","Esophageal Carcinoma","Esophageal Adenocarcinoma"
